CircFlow,FRate,FDensity,SMSpeed,BDepth,BSize,MVis,FPress,DPPress,CPress,FIn,FOut,MRFlow,ActiveGL,ATVolume,RoPen,WoBit,HLoad,WBoPress,BTBR,MPS1,MPS2,MPS3,AMTD,ATMPV,ATMYP,STP,WellDepth
0,0,0,0,0,0,0,6796.177,638.0643,0,0.5742486,0.573501,0.00074753,0.000184058,0.1116637,32.83174,9937.991,340092,6984.088,12678.9,59.68725,60.17424,59.66036,78.54546,0,0,13798.08,12678.9
0.5890018,-0.597087,78.54707,-0.009219214,12678.9,12.25,10.00045,6796.179,637.5023,0,0.5745322,0.597087,-0.02255487,0.000184058,0.1116637,33.18917,9936.31,340059.6,6950.605,12678.9,59.68725,60.17424,59.66036,78.54546,0,0,13798.08,12678.9
0.5895412,-0.6003042,78.54707,-0.009233103,12678.9,12.25,10.00045,6796.179,637.2625,0,0.5745497,0.6003042,-0.02575446,0.000184058,0.1116637,33.23917,9949.63,340041.9,6950.824,12678.9,59.68725,60.17424,59.66036,78.54546,0,0,13798.08,12678.9
0.5897153,-0.601757,78.54707,-0.009240173,12678.9,12.25,10.00045,6796.179,637.1367,0,0.5745559,0.601757,-0.02720117,0.000184058,0.1116637,33.26462,9956.31,340033.3,6950.923,12678.9,59.68725,60.17424,59.66036,78.54546,0,0,13798.08,12678.9
0.5898396,-0.6031094,78.54707,-0.009247298,12678.9,12.25,10.00045,6796.179,637.0082,0,0.5745605,0.6031094,-0.0285488,0.000184058,0.1116637,33.29028,9963.003,340024.8,6951.015,12678.9,59.68725,60.17424,59.66036,78.54546,0,0,13798.08,12678.9
0.5899721,-0.605526,78.54707,-0.009261641,12678.9,12.25,10.00045,6796.179,636.7452,0,0.5745665,0.605526,-0.03095944,0.000184058,0.1116637,33.34191,9976.427,340008.1,6951.179,12678.9,59.68725,60.17424,59.66036,78.54546,0,0,13798.08,12678.9
0.5899935,-0.6065978,78.54707,-0.009268825,12678.9,12.25,10.00045,6796.179,636.6118,0,0.5745682,0.6065978,-0.03202963,0.000184058,0.1116637,33.36777,9983.157,339999.9,6951.251,12678.9,59.68725,60.17424,59.66036,78.54546,0,0,13798.08,12678.9
0.5899922,-0.6075841,78.54707,-0.009276001,12678.9,12.25,10.00045,6796.179,636.4775,0,0.5745692,0.6075841,-0.03301486,0.000184058,0.1116637,33.3936,9989.9,339991.8,6951.318,12678.9,59.68725,60.17424,59.66036,78.54546,0,0,13798.08,12678.9
0.5899723,-0.6084888,78.54707,-0.009283161,12678.9,12.25,10.00045,6796.179,636.3427,0,0.5745697,0.6084888,-0.03391913,0.000184058,0.1116637,33.41938,9996.654,339983.8,6951.38,12678.9,59.68725,60.17424,59.66036,78.54546,0,0,13798.08,12678.9
0.5898904,-0.6100702,78.54707,-0.009297407,12678.9,12.25,10.00045,6796.179,636.0726,0,0.5745693,0.6100702,-0.03550083,0.000184058,0.1116637,33.47066,10010.2,339968.2,6951.487,12678.9,59.68725,60.17424,59.66036,78.54546,0,0,13798.08,12678.9
0.5898338,-0.6107548,78.54707,-0.009304482,12678.9,12.25,10.00045,6796.179,635.9376,0,0.5745686,0.6107548,-0.03618619,0.000184058,0.1116637,33.49613,10016.98,339960.4,6951.533,12678.9,59.68725,60.17424,59.66036,78.54546,0,0,13798.08,12678.9
0.5896996,-0.6119318,78.54707,-0.009318513,12678.9,12.25,10.00045,6796.179,635.6686,0,0.5745667,0.6119318,-0.03736517,0.000184058,0.1116637,33.54665,10030.59,339945.3,6951.613,12678.9,59.68725,60.17424,59.66036,78.54546,0,0,13798.08,12678.9
0.5896251,-0.6124315,78.54707,-0.009325465,12678.9,12.25,10.00045,6796.179,635.5348,0,0.5745654,0.6124315,-0.03786615,0.000184058,0.1116637,33.57167,10037.41,339937.8,6951.646,12678.9,59.68725,60.17424,59.66036,78.54546,0,0,13798.08,12678.9
0.5894763,-0.6132711,78.54707,-0.009337724,12678.91,12.25,10.00045,6796.182,635.2687,0,0.5745626,0.6132711,-0.03870846,0.000184058,0.1116637,33.61581,9921.688,340052.4,6951.702,12678.91,59.68725,60.17424,59.66036,78.54546,0,0,13798.08,12678.91
0.589407,-0.6135565,78.54707,-0.009343117,12678.91,12.25,10.00045,6796.182,635.1367,0,0.5745611,0.6135565,-0.03899546,0.000184058,0.1116637,33.63522,9928.529,340045.1,6951.729,12678.91,59.68725,60.17424,59.66036,78.54546,0,0,13798.08,12678.91
0.5892657,-0.6141793,78.54707,-0.009354074,12678.91,12.25,10.00045,6796.182,634.8743,0,0.5745583,0.6141793,-0.03962103,0.000184058,0.1116637,33.67467,9942.236,340030.6,6951.766,12678.91,59.68725,60.17424,59.66036,78.54546,0,0,13798.08,12678.91
0.5891928,-0.6144014,78.54707,-0.009359638,12678.91,12.25,10.00045,6796.182,634.744,0,0.5745569,0.6144014,-0.03984448,0.000184058,0.1116637,33.6947,9949.101,340023.5,6951.781,12678.91,59.68725,60.17424,59.66036,78.54546,0,0,13798.08,12678.91
0.5890433,-0.6147412,78.54707,-0.0093709,12678.91,12.25,10.00045,6796.182,634.4853,0,0.5745541,0.6147412,-0.04018712,0.000184058,0.1116637,33.73524,9962.851,340009.3,6951.803,12678.91,59.68725,60.17424,59.66036,78.54546,0,0,13798.08,12678.91
0.5889674,-0.6148631,78.54707,-0.009376572,12678.91,12.25,10.00045,6796.182,634.3569,0,0.5745527,0.6148631,-0.04031046,0.000184058,0.1116637,33.75566,9967.438,340002.3,6951.811,12678.91,59.68725,60.17424,59.66036,78.54546,0,0,13798.08,12678.91
0.5886983,-0.6157262,78.54707,-0.009387885,12678.91,12.25,10.00045,6796.182,634.1232,0,0.5744676,0.6157262,-0.04125867,0.000184058,0.1116637,33.79639,9981.184,339989.9,6951.857,12678.91,59.68725,60.17424,59.66036,78.54546,0,0,13798.08,12678.91
0.5887082,-0.6156515,78.54707,-0.009393543,12678.91,12.25,10.00045,6796.182,634.0068,0,0.5745453,0.6156515,-0.04110617,0.000184058,0.1116637,33.81675,9988.092,339983,6951.856,12678.91,59.68725,60.17424,59.66036,78.54546,0,0,13798.08,12678.91
0.58857,-0.6155183,78.54707,-0.009404837,12678.91,12.25,10.00045,6796.182,633.7643,0,0.5745444,0.6155183,-0.04097383,0.000184058,0.1116637,33.85741,10001.92,339969.3,6951.852,12678.91,59.68725,60.17424,59.66036,78.54546,0,0,13798.08,12678.91
0.5884998,-0.6154493,78.54707,-0.009410468,12678.91,12.25,10.00045,6796.182,633.6414,0,0.5745432,0.6154493,-0.04090609,0.000184058,0.1116637,33.87769,10008.85,339962.4,6951.847,12678.91,59.68725,60.17424,59.66036,78.54546,0,0,13798.08,12678.91
0.5883596,-0.6152781,78.54707,-0.009421677,12678.91,12.25,10.00045,6796.182,633.3956,0,0.5745405,0.6152781,-0.04073764,0.000184058,0.1116637,33.91804,10022.71,339948.8,6951.835,12678.91,59.68725,60.17424,59.66036,78.54546,0,0,13798.08,12678.91
0.5882899,-0.6151738,78.54707,-0.009427251,12678.91,12.25,10.00045,6796.182,633.2733,0,0.5745391,0.6151738,-0.04063466,0.000184058,0.1116637,33.9381,10029.65,339942.1,6951.828,12678.91,59.68725,60.17424,59.66036,78.54546,0,0,13798.08,12678.91
0.5881519,-0.6149281,78.54707,-0.009438328,12678.91,12.25,10.00045,6796.184,633.0303,0,0.5745364,0.6149281,-0.0403917,0.000184058,0.1116637,33.97798,9914.778,339928.5,6951.81,12678.91,59.68725,60.17424,59.66036,78.54546,0,0,13798.08,12678.91
0.5880932,-0.6147879,78.54707,-0.00944233,12678.91,12.25,10.00045,6796.184,632.9097,0,0.574535,0.6147879,-0.04025291,0.000184058,0.1116637,33.99239,9921.733,340050.5,6951.8,12678.91,59.68725,60.17424,59.66036,78.54546,0,0,13798.08,12678.91
0.5879844,-0.614478,78.54707,-0.009450532,12678.91,12.25,10.00045,6796.184,632.6701,0,0.5745325,0.614478,-0.03994545,0.000184058,0.1116637,34.02192,9935.652,340037.1,6951.781,12678.91,59.68725,60.17424,59.66036,78.54546,0,0,13798.08,12678.91
0.5879302,-0.6143081,78.54707,-0.00945475,12678.91,12.25,10.00045,6796.184,632.5511,0,0.5745314,0.6143081,-0.0397766,0.000184058,0.1116637,34.0371,9942.617,340030.3,6951.769,12678.91,59.68725,60.17424,59.66036,78.54546,0,0,13798.08,12678.91
0.5878192,-0.6139491,78.54707,-0.009463399,12678.91,12.25,10.00045,6796.184,632.3146,0,0.5745293,0.6139491,-0.03941973,0.000184058,0.1116637,34.06823,9956.559,340016.9,6951.744,12678.91,59.68725,60.17424,59.66036,78.54546,0,0,13798.08,12678.91
0.5877625,-0.61376,78.54707,-0.00946781,12678.91,12.25,10.00045,6796.184,632.197,0,0.5745282,0.61376,-0.03923177,0.000184058,0.1116637,34.08412,9963.535,340010.2,6951.73,12678.91,59.68725,60.17424,59.66036,78.54546,0,0,13798.08,12678.91
0.5876471,-0.6133646,78.54707,-0.009476751,12678.91,12.25,10.00045,6796.184,631.9633,0,0.574526,0.6133646,-0.03883852,0.000184058,0.1116637,34.1163,9977.499,339996.8,6951.703,12678.91,59.68725,60.17424,59.66036,78.54546,0,0,13798.08,12678.91
0.5875887,-0.6131589,78.54707,-0.009481259,12678.91,12.25,10.00045,6796.184,631.8472,0,0.5745249,0.6131589,-0.03863402,0.000184058,0.1116637,34.13253,9984.487,339990.1,6951.688,12678.91,59.68725,60.17424,59.66036,78.54546,0,0,13798.08,12678.91
0.5875301,-0.6129486,78.54707,-0.00948578,12678.91,12.25,10.00045,6796.184,631.7316,0,0.5745237,0.6129486,-0.03842482,0.000184058,0.1116637,34.14881,9991.479,339983.4,6951.673,12678.91,59.68725,60.17424,59.66036,78.54546,0,0,13798.08,12678.91
0.5874125,-0.6125153,78.54707,-0.009494846,12678.91,12.25,10.00045,6796.184,631.5018,0,0.5745215,0.6125153,-0.03799386,0.000184058,0.1116637,34.18145,10005.47,339970.1,6951.643,12678.91,59.68725,60.17424,59.66036,78.54546,0,0,13798.08,12678.91
0.5873537,-0.6122932,78.54707,-0.009499381,12678.91,12.25,10.00045,6796.184,631.3877,0,0.5745203,0.6122932,-0.03777286,0.000184058,0.1116637,34.19777,10012.47,339963.4,6951.627,12678.91,59.68725,60.17424,59.66036,78.54546,0,0,13798.08,12678.91
0.5872949,-0.6120678,78.54707,-0.009503914,12678.91,12.25,10.00045,6796.184,631.2741,0,0.5745192,0.6120678,-0.03754865,0.000184058,0.1116637,34.21409,10019.48,339956.7,6951.611,12678.91,59.68725,60.17424,59.66036,78.54546,0,0,13798.08,12678.91
0.5872363,-0.6118396,78.54707,-0.00950844,12678.91,12.25,10.00045,6796.184,631.1609,0,0.574518,0.6118396,-0.03732156,0.000184058,0.1116637,34.23038,10026.49,339950,6951.595,12678.91,59.68725,60.17424,59.66036,78.54546,0,0,13798.08,12678.91
0.5871779,-0.6116088,78.54707,-0.009512958,12678.91,12.25,10.00045,6796.184,631.0483,0,0.5745169,0.6116088,-0.03709193,0.000184058,0.1116637,34.24665,10033.5,339943.3,6951.579,12678.91,59.68725,60.17424,59.66036,78.54546,0,0,13798.08,12678.91
0.5870711,-0.6111407,78.54707,-0.009520504,12678.92,12.25,10.00045,6796.186,630.8246,0,0.5745146,0.6111407,-0.03662616,0.000184058,0.1116637,34.27381,9922.146,340055.3,6951.545,12678.92,59.68725,60.17424,59.66036,78.54546,0,0,13798.08,12678.92
0.5870257,-0.610845,78.54707,-0.009523612,12678.92,12.25,10.00045,6796.186,630.7136,0,0.5745134,0.610845,-0.0363316,0.000184058,0.1116637,34.28501,9929.168,340048.6,6951.532,12678.92,59.68725,60.17424,59.66036,78.54546,0,0,13798.08,12678.92
0.5869811,-0.610667,78.54707,-0.009526807,12678.92,12.25,10.00045,6796.186,630.6029,0,0.5745125,0.610667,-0.03615456,0.000184058,0.1116637,34.2965,9933.856,340041.9,6951.516,12678.92,59.68725,60.17424,59.66036,78.54546,0,0,13798.08,12678.92
0.5870056,-0.6104051,78.54707,-0.009530074,12678.92,12.25,10.00045,6796.186,630.4941,0,0.5746234,0.6104051,-0.03578172,0.000184058,0.1116637,34.30827,9940.842,340036.9,6951.534,12678.92,59.68725,60.17424,59.66036,78.54546,0,0,13798.08,12678.92
0.5868211,-0.6104751,78.54707,-0.009536803,12678.92,12.25,10.00045,6796.186,630.3006,0,0.5745075,0.6104751,-0.03596758,0.000184058,0.1116637,34.33249,9954.907,340023.7,6951.496,12678.92,59.68725,60.17424,59.66036,78.54546,0,0,13798.08,12678.92
0.586777,-0.6101644,78.54707,-0.00954028,12678.92,12.25,10.00045,6796.186,630.1964,0,0.5745069,0.6101644,-0.03565748,0.000184058,0.1116637,34.34501,9961.943,340017,6951.477,12678.92,59.68725,60.17424,59.66036,78.54546,0,0,13798.08,12678.92
0.5866849,-0.6096043,78.54707,-0.009547389,12678.92,12.25,10.00045,6796.186,629.9833,0,0.5745066,0.6096043,-0.03509763,0.000184058,0.1116637,34.3706,9976.022,340003.7,6951.44,12678.92,59.68725,60.17424,59.66036,78.54546,0,0,13798.08,12678.92
0.5866366,-0.6093367,78.54707,-0.009550999,12678.92,12.25,10.00045,6796.186,629.8763,0,0.5745058,0.6093367,-0.03483085,0.000184058,0.1116637,34.38359,9983.066,339997,6951.422,12678.92,59.68725,60.17424,59.66036,78.54546,0,0,13798.08,12678.92
0.5865375,-0.6088137,78.54707,-0.009558289,12678.92,12.25,10.00045,6796.186,629.6627,0,0.574504,0.6088137,-0.03430974,0.000184058,0.1116637,34.40984,9997.161,339983.6,6951.386,12678.92,59.68725,60.17424,59.66036,78.54546,0,0,13798.08,12678.92
0.5864871,-0.6085563,78.54707,-0.00956196,12678.92,12.25,10.00045,6796.186,629.5563,0,0.574503,0.6085563,-0.03405329,0.000184058,0.1116637,34.42305,10004.21,339976.9,6951.368,12678.92,59.68725,60.17424,59.66036,78.54546,0,0,13798.08,12678.92
0.586385,-0.6080474,78.54707,-0.00956933,12678.92,12.25,10.00045,6796.186,629.3447,0,0.574501,0.6080474,-0.03354635,0.000184058,0.1116637,34.44959,10018.32,339963.5,6951.332,12678.92,59.68725,60.17424,59.66036,78.54546,0,0,13798.08,12678.92
0.5863336,-0.6077955,78.54707,-0.009573023,12678.92,12.25,10.00045,6796.186,629.2396,0,0.5745,0.6077955,-0.03329547,0.000184058,0.1116637,34.46288,10025.38,339956.8,6951.314,12678.92,59.68725,60.17424,59.66036,78.54546,0,0,13798.08,12678.92
0.5862303,-0.6072965,78.54707,-0.009580409,12678.92,12.25,10.00045,6796.188,629.0306,0,0.574498,0.6072965,-0.0327985,0.000184058,0.1116637,34.48948,9915.503,339943.4,6951.28,12678.92,59.68725,60.17424,59.66036,78.54546,0,0,13798.08,12678.92
0.5861877,-0.6070493,78.54707,-0.009582663,12678.92,12.25,10.00045,6796.188,628.9268,0,0.574497,0.6070493,-0.03255235,0.000184058,0.1116637,34.49759,9922.57,340060.7,6951.262,12678.92,59.68725,60.17424,59.66036,78.54546,0,0,13798.08,12678.92
0.5861092,-0.6065609,78.54707,-0.009587418,12678.92,12.25,10.00045,6796.188,628.7205,0,0.5744951,0.6065609,-0.03206573,0.000184058,0.1116637,34.51471,9936.705,340047.3,6951.231,12678.92,59.68725,60.17424,59.66036,78.54546,0,0,13798.08,12678.92
0.5860693,-0.606318,78.54707,-0.009589938,12678.92,12.25,10.00045,6796.188,628.6179,0,0.5744944,0.606318,-0.03182364,0.000184058,0.1116637,34.52378,9943.776,340040.5,6951.214,12678.92,59.68725,60.17424,59.66036,78.54546,0,0,13798.08,12678.92
0.5859854,-0.6058419,78.54707,-0.009595243,12678.92,12.25,10.00045,6796.188,628.4137,0,0.5744928,0.6058419,-0.03134913,0.000184058,0.1116637,34.54288,9957.922,340027,6951.181,12678.92,59.68725,60.17424,59.66036,78.54546,0,0,13798.08,12678.92
0.5859416,-0.6056075,78.54707,-0.009598008,12678.92,12.25,10.00045,6796.188,628.3121,0,0.574492,0.6056075,-0.03111548,0.000184058,0.1116637,34.55283,9964.998,340020.3,6951.165,12678.92,59.68725,60.17424,59.66036,78.54546,0,0,13798.08,12678.92
0.5858505,-0.6051445,78.54707,-0.009603704,12678.92,12.25,10.00045,6796.188,628.1101,0,0.5744903,0.6051445,-0.03065419,0.000184058,0.1116637,34.57333,9979.155,340006.8,6951.132,12678.92,59.68725,60.17424,59.66036,78.54546,0,0,13798.08,12678.92
0.5857562,-0.6046885,78.54707,-0.009609558,12678.92,12.25,10.00045,6796.188,627.9096,0,0.5744885,0.6046885,-0.03019997,0.000184058,0.1116637,34.59441,9993.321,339993.3,6951.101,12678.92,59.68725,60.17424,59.66036,78.54546,0,0,13798.08,12678.92
0.5857082,-0.6044629,78.54707,-0.009612526,12678.92,12.25,10.00045,6796.188,627.8099,0,0.5744876,0.6044629,-0.0299753,0.000184058,0.1116637,34.60509,10000.41,339986.5,6951.085,12678.92,59.68725,60.17424,59.66036,78.54546,0,0,13798.08,12678.92
0.5856111,-0.6040164,78.54707,-0.009618524,12678.92,12.25,10.00045,6796.188,627.6118,0,0.5744857,0.6040164,-0.02953061,0.000184058,0.1116637,34.62669,10014.59,339972.9,6951.054,12678.92,59.68725,60.17424,59.66036,78.54546,0,0,13798.08,12678.92
0.5855131,-0.6035758,78.54707,-0.009624578,12678.92,12.25,10.00045,6796.188,627.4153,0,0.5744838,0.6035758,-0.02909191,0.000184058,0.1116637,34.64848,10028.77,339959.4,6951.023,12678.92,59.68725,60.17424,59.66036,78.54546,0,0,13798.08,12678.92
0.5854638,-0.6033577,78.54707,-0.009627619,12678.92,12.25,10.00045,6796.188,627.3177,0,0.5744829,0.6033577,-0.02887478,0.000184058,0.1116637,34.65943,10033.51,339952.6,6951.008,12678.92,59.68725,60.17424,59.66036,78.54546,0,0,13798.08,12678.92
0.585289,-0.6033898,78.54707,-0.009632209,12678.93,12.25,10.00045,6796.19,627.1399,0,0.5744184,0.6033898,-0.02897139,0.000184058,0.1116637,34.67595,9922.947,340065.6,6951.002,12678.93,59.68725,60.17424,59.66036,78.54546,0,0,13798.08,12678.93
0.5852858,-0.6028414,78.54707,-0.009635638,12678.93,12.25,10.00045,6796.19,626.9595,0,0.5744774,0.6028414,-0.02836397,0.000184058,0.1116637,34.68829,9937.153,340052.1,6950.972,12678.93,59.68725,60.17424,59.66036,78.54546,0,0,13798.08,12678.93
0.5852534,-0.6025949,78.54707,-0.009637509,12678.93,12.25,10.00045,6796.19,626.8661,0,0.574478,0.6025949,-0.0281169,0.000184058,0.1116637,34.69503,9944.259,340045.3,6950.956,12678.93,59.68725,60.17424,59.66036,78.54546,0,0,13798.08,12678.93
0.585181,-0.6021327,78.54707,-0.009641548,12678.93,12.25,10.00045,6796.19,626.6777,0,0.5744768,0.6021327,-0.02765598,0.000184058,0.1116637,34.70957,9958.472,340031.7,6950.924,12678.93,59.68725,60.17424,59.66036,78.54546,0,0,13798.08,12678.93
0.5851019,-0.6016937,78.54707,-0.009645906,12678.93,12.25,10.00045,6796.19,626.4893,0,0.5744753,0.6016937,-0.02721835,0.000184058,0.1116637,34.72527,9972.689,340018.1,6950.894,12678.93,59.68725,60.17424,59.66036,78.54546,0,0,13798.08,12678.93
0.5850604,-0.6014798,78.54707,-0.009648177,12678.93,12.25,10.00045,6796.19,626.3954,0,0.5744746,0.6014798,-0.02700515,0.000184058,0.1116637,34.73344,9979.801,340011.3,6950.879,12678.93,59.68725,60.17424,59.66036,78.54546,0,0,13798.08,12678.93
0.5849743,-0.6010603,78.54707,-0.009652851,12678.93,12.25,10.00045,6796.19,626.2087,0,0.574473,0.6010603,-0.0265873,0.000184058,0.1116637,34.75026,9986.981,339997.7,6950.85,12678.93,59.68725,60.17424,59.66036,78.54546,0,0,13798.08,12678.93
0.5848862,-0.6006504,78.54707,-0.009657584,12678.93,12.25,10.00045,6796.19,626.0233,0,0.5744714,0.6006504,-0.02617907,0.000184058,0.1116637,34.7673,10008.26,339984,6950.822,12678.93,59.68725,60.17424,59.66036,78.54546,0,0,13798.08,12678.93
0.5847955,-0.6002489,78.54707,-0.009662505,12678.93,12.25,10.00045,6796.19,625.8394,0,0.5744696,0.6002489,-0.02577931,0.000184058,0.1116637,34.78502,10022.5,339970.3,6950.793,12678.93,59.68725,60.17424,59.66036,78.54546,0,0,13798.08,12678.93
0.5847496,-0.600051,78.54707,-0.009664994,12678.93,12.25,10.00045,6796.19,625.748,0,0.5744687,0.600051,-0.02558235,0.000184058,0.1116637,34.79398,10029.62,339963.5,6950.78,12678.93,59.68725,60.17424,59.66036,78.54546,0,0,13798.08,12678.93
0.5846573,-0.5996608,78.54707,-0.009670012,12678.93,12.25,10.00045,6796.193,625.5665,0,0.5744669,0.5996608,-0.02519388,0.000184058,0.1116637,34.81204,9916.185,339949.8,6950.752,12678.93,59.68725,60.17424,59.66036,78.54546,0,0,13798.08,12678.93
0.5846205,-0.5994683,78.54707,-0.009671063,12678.93,12.25,10.00045,6796.193,625.4763,0,0.574466,0.5994683,-0.02500227,0.000184058,0.1116637,34.81583,9923.313,340070.6,6950.739,12678.93,59.68725,60.17424,59.66036,78.54546,0,0,13798.08,12678.93
0.5845537,-0.5990896,78.54707,-0.009673461,12678.93,12.25,10.00045,6796.193,625.297,0,0.5744644,0.5990896,-0.02462517,0.000184058,0.1116637,34.82446,9937.567,340056.9,6950.715,12678.93,59.68725,60.17424,59.66036,78.54546,0,0,13798.08,12678.93
0.5844842,-0.5987174,78.54707,-0.009676296,12678.93,12.25,10.00045,6796.193,625.119,0,0.5744631,0.5987174,-0.02425434,0.000184058,0.1116637,34.83466,9951.826,340043.2,6950.689,12678.93,59.68725,60.17424,59.66036,78.54546,0,0,13798.08,12678.93
0.5844088,-0.5983565,78.54707,-0.009679518,12678.93,12.25,10.00045,6796.193,624.9423,0,0.5744617,0.5983565,-0.02389477,0.000184058,0.1116637,34.84626,9966.088,340029.4,6950.665,12678.93,59.68725,60.17424,59.66036,78.54546,0,0,13798.08,12678.93
0.5843693,-0.5981792,78.54707,-0.009681244,12678.93,12.25,10.00045,6796.193,624.8544,0,0.574461,0.5981792,-0.02371815,0.000184058,0.1116637,34.85248,9973.221,340022.5,6950.652,12678.93,59.68725,60.17424,59.66036,78.54546,0,0,13798.08,12678.93
0.5842872,-0.5978296,78.54707,-0.009684876,12678.93,12.25,10.00045,6796.193,624.6795,0,0.5744594,0.5978296,-0.02337017,0.000184058,0.1116637,34.86555,9987.49,340008.7,6950.628,12678.93,59.68725,60.17424,59.66036,78.54546,0,0,13798.08,12678.93
0.5842023,-0.5974862,78.54707,-0.009688686,12678.93,12.25,10.00045,6796.193,624.506,0,0.5744579,0.5974862,-0.02302836,0.000184058,0.1116637,34.87927,10001.76,339994.9,6950.604,12678.93,59.68725,60.17424,59.66036,78.54546,0,0,13798.08,12678.93
0.5841591,-0.5973166,78.54707,-0.009690644,12678.93,12.25,10.00045,6796.193,624.4198,0,0.574457,0.5973166,-0.02285955,0.000184058,0.1116637,34.88632,10006.53,339988,6950.592,12678.93,59.68725,60.17424,59.66036,78.54546,0,0,13798.08,12678.93
0.5839968,-0.5973216,78.54707,-0.009694584,12678.93,12.25,10.00045,6796.193,624.2627,0,0.5744001,0.5973216,-0.02292156,0.000184058,0.1116637,34.9005,10020.79,339976.3,6950.587,12678.93,59.68725,60.17424,59.66036,78.54546,0,0,13798.08,12678.93
0.583971,-0.5969004,78.54707,-0.009698618,12678.93,12.25,10.00045,6796.193,624.1034,0,0.574452,0.5969004,-0.02244835,0.000184058,0.1116637,34.91503,10035.08,339962.5,6950.561,12678.93,59.68725,60.17424,59.66036,78.54546,0,0,13798.08,12678.93
0.5838994,-0.5965288,78.54707,-0.009701283,12678.94,12.25,10.00045,6796.195,623.938,0,0.5744516,0.5965288,-0.02207722,0.000184058,0.1116637,34.92462,9923.596,340074.5,6950.536,12678.94,59.68725,60.17424,59.66036,78.54546,0,0,13798.08,12678.94
0.5838703,-0.5962926,78.54707,-0.009701998,12678.94,12.25,10.00045,6796.195,623.8549,0,0.5744509,0.5962926,-0.02184171,0.000184058,0.1116637,34.92719,9930.743,340067.6,6950.527,12678.94,59.68725,60.17424,59.66036,78.54546,0,0,13798.08,12678.94
0.583811,-0.5960085,78.54707,-0.009703771,12678.94,12.25,10.00045,6796.195,623.6891,0,0.5744497,0.5960085,-0.02155887,0.000184058,0.1116637,34.93358,9945.04,340053.7,6950.503,12678.94,59.68725,60.17424,59.66036,78.54546,0,0,13798.08,12678.94
0.5837457,-0.5956787,78.54707,-0.009705986,12678.94,12.25,10.00045,6796.195,623.5241,0,0.5744485,0.5956787,-0.02123016,0.000184058,0.1116637,34.94155,9959.339,340039.9,6950.48,12678.94,59.68725,60.17424,59.66036,78.54546,0,0,13798.08,12678.94
0.5836743,-0.5953596,78.54707,-0.009708559,12678.94,12.25,10.00045,6796.195,623.3602,0,0.5744472,0.5953596,-0.02091232,0.000184058,0.1116637,34.95081,9973.642,340026,6950.458,12678.94,59.68725,60.17424,59.66036,78.54546,0,0,13798.08,12678.94
0.5835983,-0.5950484,78.54707,-0.009711399,12678.94,12.25,10.00045,6796.195,623.1973,0,0.5744458,0.5950484,-0.02060261,0.000184058,0.1116637,34.96104,9987.947,340012.2,6950.437,12678.94,59.68725,60.17424,59.66036,78.54546,0,0,13798.08,12678.94
0.5835191,-0.5947439,78.54707,-0.009714435,12678.94,12.25,10.00045,6796.195,623.0358,0,0.5744444,0.5947439,-0.02029954,0.000184058,0.1116637,34.97197,10002.26,339998.3,6950.415,12678.94,59.68725,60.17424,59.66036,78.54546,0,0,13798.08,12678.94
0.5834379,-0.594445,78.54707,-0.009717625,12678.94,12.25,10.00045,6796.195,622.8755,0,0.5744428,0.594445,-0.02000227,0.000184058,0.1116637,34.98345,10016.57,339984.4,6950.395,12678.94,59.68725,60.17424,59.66036,78.54546,0,0,13798.08,12678.94
0.5833967,-0.5942976,78.54707,-0.009719266,12678.94,12.25,10.00045,6796.195,622.7959,0,0.574442,0.5942976,-0.01985562,0.000184058,0.1116637,34.98936,10023.73,339977.4,6950.384,12678.94,59.68725,60.17424,59.66036,78.54546,0,0,13798.08,12678.94
0.5833137,-0.5940064,78.54707,0,12678.94,12.25,10.00045,6796.195,622.6377,0,0.5744404,0.5940064,-0.01956604,0.000184058,0.1116637,35.00145,10030.9,339963.5,6950.364,12678.94,59.68725,60.17424,59.66036,78.54546,0,0,13798.08,12678.94
0.5832417,-0.59372,78.54707,0,12678.94,12.25,10.00045,6796.198,622.4809,0,0.5744388,0.59372,-0.01928118,0.000184058,0.1116637,35.00765,9902.406,340092.4,6950.343,12678.94,59.68725,60.17424,59.66036,78.54546,0,0,13798.08,12678.94
0.583189,-0.5934394,78.54707,0,12678.94,12.25,10.00045,6796.198,622.3255,0,0.5744373,0.5934394,-0.01900204,0.000184058,0.1116637,35.0087,9902.429,340092.8,6950.327,12678.94,59.68725,60.17424,59.66036,78.54546,0,0,13798.08,12678.94
0.5831358,-0.5931638,78.54707,0,12678.94,12.25,10.00045,6796.198,622.1712,0,0.5744363,0.5931638,-0.01872749,0.000184058,0.1116637,35.01055,9902.45,340093.2,6950.308,12678.94,59.68725,60.17424,59.66036,78.54546,0,0,13798.08,12678.94
0.5830786,-0.5928981,78.54707,0,12678.94,12.25,10.00045,6796.198,622.0178,0,0.5744352,0.5928981,-0.01846289,0.000184058,0.1116637,35.01315,9902.472,340093.5,6950.29,12678.94,59.68725,60.17424,59.66036,78.54546,0,0,13798.08,12678.94
0.5830178,-0.5926394,78.54707,0,12678.94,12.25,10.00045,6796.198,621.8655,0,0.5744342,0.5926394,-0.01820533,0.000184058,0.1116637,35.01629,9902.492,340093.8,6950.271,12678.94,59.68725,60.17424,59.66036,78.54546,0,0,13798.08,12678.94
0.58289,-0.592635,78.54707,0,12678.94,12.25,10.00045,6796.198,621.7267,0,0.574384,0.592635,-0.01825092,0.000184058,0.1116637,35.01973,9902.497,340093.9,6950.267,12678.94,59.68725,60.17424,59.66036,78.54546,0,0,13798.08,12678.94
0.5828791,-0.5923204,78.54707,0,12678.94,12.25,10.00045,6796.198,621.5856,0,0.5744303,0.5923204,-0.01789007,0.000184058,0.1116637,35.02327,9902.52,340094.3,6950.248,12678.94,59.68725,60.17424,59.66036,78.54546,0,0,13798.08,12678.94
0.5828186,-0.5920429,78.54707,0,12678.94,12.25,10.00045,6796.198,621.439,0,0.5744302,0.5920429,-0.01761269,0.000184058,0.1116637,35.02678,9902.541,340094.6,6950.229,12678.94,59.68725,60.17424,59.66036,78.54546,0,0,13798.08,12678.94
0.5827552,-0.5917813,78.54707,0,12678.94,12.25,10.00045,6796.198,621.2916,0,0.574429,0.5917813,-0.01735231,0.000184058,0.1116637,35.03015,9902.562,340095,6950.211,12678.94,59.68725,60.17424,59.66036,78.54546,0,0,13798.08,12678.94
0.5827001,-0.591529,78.54707,0,12678.95,12.25,10.00045,6796.2,621.1448,0,0.5744278,0.591529,-0.01710113,0.000184058,0.1116637,35.02798,9776.226,340221.7,6950.193,12678.95,59.68725,60.17424,59.66036,78.54546,0,0,13798.08,12678.95
0.5826604,-0.5912844,78.54707,0,12678.95,12.25,10.00045,6796.2,620.999,0,0.5744267,0.5912844,-0.01685769,0.000184058,0.1116637,35.02099,9776.244,340222,6950.179,12678.95,59.68725,60.17424,59.66036,78.54546,0,0,13798.08,12678.95
0.5826176,-0.5910456,78.54707,0,12678.95,12.25,10.00045,6796.2,620.854,0,0.5744259,0.5910456,-0.01661967,0.000184058,0.1116637,35.01506,9776.263,340222.3,6950.163,12678.95,59.68725,60.17424,59.66036,78.54546,0,0,13798.08,12678.95
0.5825686,-0.5908167,78.54707,0,12678.95,12.25,10.00045,6796.2,620.7097,0,0.5744251,0.5908167,-0.01639162,0.000184058,0.1116637,35.01007,9776.281,340222.6,6950.147,12678.95,59.68725,60.17424,59.66036,78.54546,0,0,13798.08,12678.95
0.5825145,-0.5905944,78.54707,0,12678.95,12.25,10.00045,6796.2,620.5662,0,0.5744241,0.5905944,-0.01617029,0.000184058,0.1116637,35.00573,9776.299,340222.9,6950.132,12678.95,59.68725,60.17424,59.66036,78.54546,0,0,13798.08,12678.95
0.5824566,-0.5903772,78.54707,0,12678.95,12.25,10.00045,6796.2,620.4235,0,0.5744231,0.5903772,-0.01595407,0.000184058,0.1116637,35.00171,9776.316,340223.2,6950.117,12678.95,59.68725,60.17424,59.66036,78.54546,0,0,13798.08,12678.95
0.5823957,-0.590164,78.54707,-0.009721682,12678.95,12.25,10.00045,6796.2,620.2819,0,0.5744219,0.590164,-0.01574206,0.000184058,0.1116637,34.99806,9790.631,340216.3,6950.102,12678.95,59.68725,60.17424,59.66036,78.54546,0,0,13798.08,12678.95
0.5823303,-0.5899544,78.54707,-0.009720956,12678.95,12.25,10.00045,6796.2,620.1412,0,0.5744208,0.5899544,-0.01553367,0.000184058,0.1116637,34.99544,9804.943,340202.3,6950.087,12678.95,59.68725,60.17424,59.66036,78.54546,0,0,13798.08,12678.95
0.5822613,-0.5897477,78.54707,-0.009720437,12678.95,12.25,10.00045,6796.2,620.0015,0,0.5744194,0.5897477,-0.01532825,0.000184058,0.1116637,34.99357,9819.256,340188.3,6950.073,12678.95,59.68725,60.17424,59.66036,78.54546,0,0,13798.08,12678.95
0.5821993,-0.5895434,78.54707,-0.009718548,12678.96,12.25,10.00045,6796.202,619.863,0,0.5744181,0.5895434,-0.01512527,0.000184058,0.1116637,34.98677,9704.854,340302.9,6950.058,12678.96,59.68725,60.17424,59.66036,78.54546,0,0,13798.08,12678.96
0.5821522,-0.5893423,78.54707,-0.009715472,12678.96,12.25,10.00045,6796.202,619.7257,0,0.5744169,0.5893423,-0.01492544,0.000184058,0.1116637,34.9757,9719.158,340288.9,6950.047,12678.96,59.68725,60.17424,59.66036,78.54546,0,0,13798.08,12678.96
0.5821012,-0.5891432,78.54707,-0.009712873,12678.96,12.25,10.00045,6796.202,619.5893,0,0.574416,0.5891432,-0.01472728,0.000184058,0.1116637,34.96634,9731.078,340274.9,6950.033,12678.96,59.68725,60.17424,59.66036,78.54546,0,0,13798.08,12678.96
0.5819868,-0.5891327,78.54707,-0.009710653,12678.96,12.25,10.00045,6796.202,619.4651,0,0.5743712,0.5891327,-0.0147615,0.000184058,0.1116637,34.95835,9745.363,340263.1,6950.03,12678.96,59.68725,60.17424,59.66036,78.54546,0,0,13798.08,12678.96
0.5819731,-0.5888955,78.54707,-0.009708782,12678.96,12.25,10.00045,6796.202,619.3388,0,0.5744126,0.5888955,-0.01448283,0.000184058,0.1116637,34.95161,9759.659,340249.1,6950.015,12678.96,59.68725,60.17424,59.66036,78.54546,0,0,13798.08,12678.96
0.581912,-0.5886848,78.54707,-0.009707173,12678.96,12.25,10.00045,6796.202,619.2076,0,0.5744124,0.5886848,-0.01427234,0.000184058,0.1116637,34.94582,9773.952,340235,6950.001,12678.96,59.68725,60.17424,59.66036,78.54546,0,0,13798.08,12678.96
0.5818461,-0.5884848,78.54707,-0.009705759,12678.96,12.25,10.00045,6796.202,619.0757,0,0.5744113,0.5884848,-0.01407351,0.000184058,0.1116637,34.94073,9788.242,340221,6949.987,12678.96,59.68725,60.17424,59.66036,78.54546,0,0,13798.08,12678.96
0.5817776,-0.5882902,78.54707,-0.009704491,12678.96,12.25,10.00045,6796.202,618.9445,0,0.57441,0.5882902,-0.01388024,0.000184058,0.1116637,34.93616,9802.53,340207,6949.974,12678.96,59.68725,60.17424,59.66036,78.54546,0,0,13798.08,12678.96
0.5817074,-0.5880992,78.54707,-0.009703345,12678.96,12.25,10.00045,6796.202,618.8144,0,0.5744087,0.5880992,-0.01369061,0.000184058,0.1116637,34.93204,9816.816,340193,6949.96,12678.96,59.68725,60.17424,59.66036,78.54546,0,0,13798.08,12678.96
0.5816457,-0.5879111,78.54707,-0.009700837,12678.96,12.25,10.00045,6796.205,618.6854,0,0.5744073,0.5879111,-0.01350386,0.000184058,0.1116637,34.92301,9704.958,340305.1,6949.947,12678.96,59.68725,60.17424,59.66036,78.54546,0,0,13798.08,12678.96
0.5815998,-0.5877267,78.54707,-0.009697219,12678.96,12.25,10.00045,6796.205,618.5576,0,0.574406,0.5877267,-0.01332068,0.000184058,0.1116637,34.90999,9719.234,340291.1,6949.937,12678.96,59.68725,60.17424,59.66036,78.54546,0,0,13798.08,12678.96
0.5815508,-0.5875448,78.54707,-0.009694096,12678.96,12.25,10.00045,6796.205,618.4307,0,0.5744051,0.5875448,-0.01313966,0.000184058,0.1116637,34.89875,9733.507,340277.1,6949.924,12678.96,59.68725,60.17424,59.66036,78.54546,0,0,13798.08,12678.96
0.5814959,-0.58737,78.54707,-0.009691419,12678.96,12.25,10.00045,6796.205,618.3047,0,0.5744042,0.58737,-0.01296583,0.000184058,0.1116637,34.88911,9747.774,340263,6949.912,12678.96,59.68725,60.17424,59.66036,78.54546,0,0,13798.08,12678.96
0.5814361,-0.5871993,78.54707,-0.009689103,12678.96,12.25,10.00045,6796.205,618.1796,0,0.5744031,0.5871993,-0.01279621,0.000184058,0.1116637,34.88077,9762.038,340249,6949.9,12678.96,59.68725,60.17424,59.66036,78.54546,0,0,13798.08,12678.96
0.5813727,-0.5870314,78.54707,-0.009687067,12678.96,12.25,10.00045,6796.205,618.0554,0,0.5744019,0.5870314,-0.01262947,0.000184058,0.1116637,34.87344,9776.299,340235,6949.889,12678.96,59.68725,60.17424,59.66036,78.54546,0,0,13798.08,12678.96
0.5812735,-0.5867833,78.54707,-0.009684426,12678.96,12.25,10.00045,6796.205,617.8711,0,0.5744001,0.5867833,-0.01238329,0.000184058,0.1116637,34.86393,9797.685,340213.9,6949.871,12678.96,59.68725,60.17424,59.66036,78.54546,0,0,13798.08,12678.96
0.5812397,-0.5867015,78.54707,-0.009683642,12678.96,12.25,10.00045,6796.205,617.8102,0,0.5743994,0.5867015,-0.0123021,0.000184058,0.1116637,34.86111,9804.812,340206.9,6949.866,12678.96,59.68725,60.17424,59.66036,78.54546,0,0,13798.08,12678.96
0.5811716,-0.586539,78.54707,-0.009682203,12678.96,12.25,10.00045,6796.205,617.6893,0,0.5743981,0.586539,-0.01214089,0.000184058,0.1116637,34.85593,9819.064,340192.9,6949.854,12678.96,59.68725,60.17424,59.66036,78.54546,0,0,13798.08,12678.96
0.5811127,-0.5863779,78.54707,-0.00967943,12678.96,12.25,10.00045,6796.207,617.5696,0,0.5743967,0.5863779,-0.01198117,0.000184058,0.1116637,34.84595,9702.676,340307.1,6949.842,12678.96,59.68725,60.17424,59.66036,78.54546,0,0,13798.08,12678.96
0.581022,-0.5863523,78.54707,-0.009675518,12678.96,12.25,10.00045,6796.207,617.4608,0,0.5743573,0.5863523,-0.01199495,0.000184058,0.1116637,34.83186,9716.911,340295.3,6949.842,12678.96,59.68725,60.17424,59.66036,78.54546,0,0,13798.08,12678.96
0.5810198,-0.5861608,78.54707,-0.009672148,12678.96,12.25,10.00045,6796.207,617.3503,0,0.5743937,0.5861608,-0.01176703,0.000184058,0.1116637,34.81973,9731.15,340281.3,6949.83,12678.96,59.68725,60.17424,59.66036,78.54546,0,0,13798.08,12678.96
0.580948,-0.5859128,78.54707,-0.009667998,12678.96,12.25,10.00045,6796.207,617.1776,0,0.5743933,0.5859128,-0.01151947,0.000184058,0.1116637,34.80479,9752.5,340260.3,6949.813,12678.96,59.68725,60.17424,59.66036,78.54546,0,0,13798.08,12678.96
0.5808927,-0.5857574,78.54707,-0.009665702,12678.96,12.25,10.00045,6796.207,617.0622,0,0.5743923,0.5857574,-0.01136509,0.000184058,0.1116637,34.79653,9766.729,340246.3,6949.802,12678.96,59.68725,60.17424,59.66036,78.54546,0,0,13798.08,12678.96
0.5808338,-0.585606,78.54707,-0.009663697,12678.96,12.25,10.00045,6796.207,616.9475,0,0.5743912,0.585606,-0.01121472,0.000184058,0.1116637,34.78931,9780.953,340232.3,6949.792,12678.96,59.68725,60.17424,59.66036,78.54546,0,0,13798.08,12678.96
0.5807724,-0.5854571,78.54707,-0.009661938,12678.96,12.25,10.00045,6796.207,616.8337,0,0.5743901,0.5854571,-0.01106706,0.000184058,0.1116637,34.78297,9795.176,340218.3,6949.782,12678.96,59.68725,60.17424,59.66036,78.54546,0,0,13798.08,12678.96
0.5807095,-0.5853104,78.54707,-0.009660395,12678.96,12.25,10.00045,6796.207,616.7209,0,0.5743889,0.5853104,-0.01092151,0.000184058,0.1116637,34.77742,9809.396,340204.3,6949.771,12678.96,59.68725,60.17424,59.66036,78.54546,0,0,13798.08,12678.96
0.5806457,-0.5851654,78.54707,-0.009659045,12678.97,12.25,10.00045,6796.209,616.6092,0,0.5743877,0.5851654,-0.01077774,0.000184058,0.1116637,34.77256,9698.01,340190.3,6949.761,12678.97,59.68725,60.17424,59.66036,78.54546,0,0,13798.08,12678.97
0.5806043,-0.584963,78.54707,-0.009655032,12678.97,12.25,10.00045,6796.209,616.4985,0,0.5743864,0.584963,-0.01057654,0.000184058,0.1116637,34.75812,9712.24,340302.1,6949.739,12678.97,59.68725,60.17424,59.66036,78.54546,0,0,13798.08,12678.97
0.5805501,-0.5841383,78.54707,-0.009650026,12678.97,12.25,10.00045,6796.209,616.3342,0,0.5743852,0.5841383,-0.009753025,0.000184058,0.1116637,34.74009,9733.591,340281.8,6949.687,12678.97,59.68725,60.17424,59.66036,78.54546,0,0,13798.08,12678.97
0.5805097,-0.5836894,78.54707,-0.009647331,12678.97,12.25,10.00045,6796.209,616.2256,0,0.5743845,0.5836894,-0.009304858,0.000184058,0.1116637,34.73039,9747.814,340268.2,6949.657,12678.97,59.68725,60.17424,59.66036,78.54546,0,0,13798.08,12678.97
0.5804654,-0.5833014,78.54707,-0.00964505,12678.97,12.25,10.00045,6796.209,616.1176,0,0.5743837,0.5833014,-0.00891771,0.000184058,0.1116637,34.72218,9762.03,340254.5,6949.631,12678.97,59.68725,60.17424,59.66036,78.54546,0,0,13798.08,12678.97
0.5804177,-0.5829586,78.54707,-0.009643102,12678.97,12.25,10.00045,6796.209,616.0103,0,0.5743829,0.5829586,-0.00857569,0.000184058,0.1116637,34.71517,9776.239,340240.7,6949.608,12678.97,59.68725,60.17424,59.66036,78.54546,0,0,13798.08,12678.97
0.5803673,-0.5826523,78.54707,-0.009641434,12678.97,12.25,10.00045,6796.209,615.9038,0,0.5743819,0.5826523,-0.008270369,0.000184058,0.1116637,34.70916,9790.443,340226.9,6949.586,12678.97,59.68725,60.17424,59.66036,78.54546,0,0,13798.08,12678.97
0.5803148,-0.5823771,78.54707,-0.009640008,12678.97,12.25,10.00045,6796.209,615.7982,0,0.5743809,0.5823771,-0.007996183,0.000184058,0.1116637,34.70403,9802.28,340213.1,6949.568,12678.97,59.68725,60.17424,59.66036,78.54546,0,0,13798.08,12678.97
0.5802245,-0.5820562,78.54707,-0.009638174,12678.98,12.25,10.00045,6796.211,615.6542,0,0.5743783,0.5820562,-0.007677975,0.000184058,0.1116637,34.69743,9698.244,340194.7,6949.545,12678.98,59.68725,60.17424,59.66036,78.54546,0,0,13798.08,12678.98
0.5801969,-0.5817721,78.54707,-0.00963436,12678.98,12.25,10.00045,6796.211,615.5542,0,0.5743781,0.5817721,-0.007393992,0.000184058,0.1116637,34.68369,9712.433,340306.1,6949.533,12678.98,59.68725,60.17424,59.66036,78.54546,0,0,13798.08,12678.98
0.5801693,-0.5816318,78.54707,-0.00963109,12678.98,12.25,10.00045,6796.211,615.4525,0,0.5743776,0.5816318,-0.007254266,0.000184058,0.1116637,34.67192,9726.614,340292.2,6949.519,12678.98,59.68725,60.17424,59.66036,78.54546,0,0,13798.08,12678.98
0.5801345,-0.5814543,78.54707,-0.009628361,12678.98,12.25,10.00045,6796.211,615.3507,0,0.5743771,0.5814543,-0.007077212,0.000184058,0.1116637,34.6621,9740.789,340278.2,6949.507,12678.98,59.68725,60.17424,59.66036,78.54546,0,0,13798.08,12678.98
0.5800696,-0.5812209,78.54707,-0.009625103,12678.98,12.25,10.00045,6796.211,615.1988,0,0.574376,0.5812209,-0.006844941,0.000184058,0.1116637,34.65037,9762.044,340257.3,6949.491,12678.98,59.68725,60.17424,59.66036,78.54546,0,0,13798.08,12678.98
0.5800203,-0.5810822,78.54707,-0.009623364,12678.98,12.25,10.00045,6796.211,615.0983,0,0.5743751,0.5810822,-0.006707091,0.000184058,0.1116637,34.64411,9776.209,340243.3,6949.481,12678.98,59.68725,60.17424,59.66036,78.54546,0,0,13798.08,12678.98
0.5799677,-0.5809542,78.54707,-0.009621902,12678.98,12.25,10.00045,6796.211,614.9987,0,0.5743741,0.5809542,-0.006580045,0.000184058,0.1116637,34.63885,9790.37,340229.3,6949.473,12678.98,59.68725,60.17424,59.66036,78.54546,0,0,13798.08,12678.98
0.5799129,-0.5808352,78.54707,-0.00962068,12678.98,12.25,10.00045,6796.211,614.8998,0,0.5743731,0.5808352,-0.006462066,0.000184058,0.1116637,34.63445,9804.529,340215.3,6949.464,12678.98,59.68725,60.17424,59.66036,78.54546,0,0,13798.08,12678.98
0.5798566,-0.5807238,78.54707,-0.009619669,12678.98,12.25,10.00045,6796.211,614.8019,0,0.5743721,0.5807238,-0.00635179,0.000184058,0.1116637,34.63081,9818.687,340201.3,6949.457,12678.98,59.68725,60.17424,59.66036,78.54546,0,0,13798.08,12678.98
0.579793,-0.5805089,78.54707,-0.009615622,12678.98,12.25,10.00045,6796.214,614.6568,0,0.5743704,0.5805089,-0.006138545,0.000184058,0.1116637,34.61624,9712.491,340307.7,6949.448,12678.98,59.68725,60.17424,59.66036,78.54546,0,0,13798.08,12678.98
0.5797606,-0.5804732,78.54707,-0.009612549,12678.98,12.25,10.00045,6796.214,614.5612,0,0.5743697,0.5804732,-0.006103532,0.000184058,0.1116637,34.60518,9726.637,340293.7,6949.442,12678.98,59.68725,60.17424,59.66036,78.54546,0,0,13798.08,12678.98
0.5797226,-0.5803857,78.54707,-0.009610015,12678.98,12.25,10.00045,6796.214,614.4661,0,0.5743691,0.5803857,-0.006016708,0.000184058,0.1116637,34.59605,9740.778,340279.7,6949.436,12678.98,59.68725,60.17424,59.66036,78.54546,0,0,13798.08,12678.98
0.5796788,-0.5803053,78.54707,-0.009607939,12678.98,12.25,10.00045,6796.214,614.3717,0,0.5743683,0.5803053,-0.00593701,0.000184058,0.1116637,34.58858,9754.916,340265.7,6949.431,12678.98,59.68725,60.17424,59.66036,78.54546,0,0,13798.08,12678.98
0.579631,-0.5802296,78.54707,-0.00960615,12678.98,12.25,10.00045,6796.214,614.278,0,0.5743675,0.5802296,-0.00586211,0.000184058,0.1116637,34.58214,9769.051,340258.7,6949.425,12678.98,59.68725,60.17424,59.66036,78.54546,0,0,13798.08,12678.98
0.5796074,-0.5801536,78.54707,-0.009604727,12678.98,12.25,10.00045,6796.214,614.1855,0,0.5744135,0.5801536,-0.005740017,0.000184058,0.1116637,34.57701,9780.827,340239.9,6949.421,12678.98,59.68725,60.17424,59.66036,78.54546,0,0,13798.08,12678.98
0.5794938,-0.5800622,78.54707,-0.009603002,12678.98,12.25,10.00045,6796.214,614.0605,0,0.5743642,0.5800622,-0.00569806,0.000184058,0.1116637,34.57081,9802.022,340218.9,6949.414,12678.98,59.68725,60.17424,59.66036,78.54546,0,0,13798.08,12678.98
0.5794433,-0.5799931,78.54707,-0.00960213,12678.98,12.25,10.00045,6796.214,613.9713,0,0.5743638,0.5799931,-0.005629251,0.000184058,0.1116637,34.56767,9816.15,340204.8,6949.409,12678.98,59.68725,60.17424,59.66036,78.54546,0,0,13798.08,12678.98
0.5793998,-0.5799264,78.54707,-0.009600001,12678.99,12.25,10.00045,6796.216,613.8818,0,0.5743628,0.5799264,-0.005563563,0.000184058,0.1116637,34.56001,9705.446,340315.7,6949.403,12678.99,59.68725,60.17424,59.66036,78.54546,0,0,13798.08,12678.99
0.5793714,-0.5798627,78.54707,-0.009596853,12678.99,12.25,10.00045,6796.216,613.793,0,0.574362,0.5798627,-0.005500665,0.000184058,0.1116637,34.54867,9719.566,340301.6,6949.402,12678.99,59.68725,60.17424,59.66036,78.54546,0,0,13798.08,12678.99
0.579321,-0.5797716,78.54707,-0.009593139,12678.99,12.25,10.00045,6796.216,613.6608,0,0.5743611,0.5797716,-0.005410483,0.000184058,0.1116637,34.53531,9740.739,340280.6,6949.396,12678.99,59.68725,60.17424,59.66036,78.54546,0,0,13798.08,12678.99
0.5792805,-0.5797167,78.54707,-0.009591164,12678.99,12.25,10.00045,6796.216,613.5733,0,0.5743604,0.5797167,-0.005356313,0.000184058,0.1116637,34.52819,9754.851,340273.5,6949.392,12678.99,59.68725,60.17424,59.66036,78.54546,0,0,13798.08,12678.99
0.5792351,-0.5796639,78.54707,-0.009589641,12678.99,12.25,10.00045,6796.216,613.4865,0,0.5743597,0.5796639,-0.005304222,0.000184058,0.1116637,34.52271,9768.959,340252.5,6949.389,12678.99,59.68725,60.17424,59.66036,78.54546,0,0,13798.08,12678.99
0.579161,-0.5795861,78.54707,-0.009587894,12678.99,12.25,10.00045,6796.216,613.3575,0,0.5743583,0.5795861,-0.005227845,0.000184058,0.1116637,34.51642,9790.118,340231.4,6949.383,12678.99,59.68725,60.17424,59.66036,78.54546,0,0,13798.08,12678.99
0.5791094,-0.5795346,78.54707,-0.009587025,12678.99,12.25,10.00045,6796.216,613.2726,0,0.5743573,0.5795346,-0.00517727,0.000184058,0.1116637,34.51329,9804.223,340217.4,6949.379,12678.99,59.68725,60.17424,59.66036,78.54546,0,0,13798.08,12678.99
0.5790569,-0.579483,78.54707,-0.009586357,12678.99,12.25,10.00045,6796.216,613.1885,0,0.5743563,0.579483,-0.005126673,0.000184058,0.1116637,34.51088,9818.326,340203.4,6949.376,12678.99,59.68725,60.17424,59.66036,78.54546,0,0,13798.08,12678.99
0.5790134,-0.5794312,78.54707,-0.009584396,12678.99,12.25,10.00045,6796.218,613.1054,0,0.5743552,0.5794312,-0.005075944,0.000184058,0.1116637,34.50383,9705.464,340316.3,6949.372,12678.99,59.68725,60.17424,59.66036,78.54546,0,0,13798.08,12678.99
0.5789719,-0.5793541,78.54707,-0.009580089,12678.99,12.25,10.00045,6796.218,612.9822,0,0.5743541,0.5793541,-0.005000017,0.000184058,0.1116637,34.48832,9726.606,340295.3,6949.37,12678.99,59.68725,60.17424,59.66036,78.54546,0,0,13798.08,12678.99
0.5789388,-0.5793064,78.54707,-0.009577884,12678.99,12.25,10.00045,6796.218,612.9008,0,0.5743536,0.5793064,-0.004952832,0.000184058,0.1116637,34.48038,9740.697,340281.2,6949.367,12678.99,59.68725,60.17424,59.66036,78.54546,0,0,13798.08,12678.99
0.5789253,-0.5792593,78.54707,-0.009576108,12678.99,12.25,10.00045,6796.218,612.8204,0,0.5743939,0.5792593,-0.004865458,0.000184058,0.1116637,34.47399,9752.438,340269.5,6949.364,12678.99,59.68725,60.17424,59.66036,78.54546,0,0,13798.08,12678.99
0.5788512,-0.5792268,78.54707,-0.009574661,12678.99,12.25,10.00045,6796.218,612.7495,0,0.5743513,0.5792268,-0.004875509,0.000184058,0.1116637,34.46878,9766.523,340255.5,6949.361,12678.99,59.68725,60.17424,59.66036,78.54546,0,0,13798.08,12678.99
0.5787883,-0.5791562,78.54707,-0.009573053,12678.99,12.25,10.00045,6796.218,612.6335,0,0.5743508,0.5791562,-0.004805364,0.000184058,0.1116637,34.46299,9787.649,340234.5,6949.356,12678.99,59.68725,60.17424,59.66036,78.54546,0,0,13798.08,12678.99
0.5787423,-0.5791115,78.54707,-0.009572289,12678.99,12.25,10.00045,6796.218,612.5554,0,0.57435,0.5791115,-0.004761534,0.000184058,0.1116637,34.46024,9801.731,340220.5,6949.353,12678.99,59.68725,60.17424,59.66036,78.54546,0,0,13798.08,12678.99
0.5786704,-0.5790442,78.54707,-0.009571523,12679,12.25,10.00045,6796.22,612.4393,0,0.5743486,0.5790442,-0.004695538,0.000184058,0.1116637,34.45749,9698.435,340199.4,6949.348,12679,59.68725,60.17424,59.66036,78.54546,0,0,13798.08,12679
0.5786316,-0.5789771,78.54707,-0.009567081,12679,12.25,10.00045,6796.22,612.3249,0,0.5743474,0.5789771,-0.004629708,0.000184058,0.1116637,34.44149,9719.551,340302.8,6949.346,12679,59.68725,60.17424,59.66036,78.54546,0,0,13798.08,12679
0.5786046,-0.5789323,78.54707,-0.009564782,12679,12.25,10.00045,6796.22,612.2493,0,0.5743469,0.5789323,-0.004585403,0.000184058,0.1116637,34.43321,9733.622,340288.8,6949.343,12679,59.68725,60.17424,59.66036,78.54546,0,0,13798.08,12679
0.5785717,-0.5788919,78.54707,-0.009562969,12679,12.25,10.00045,6796.22,612.1743,0,0.5743464,0.5788919,-0.00454552,0.000184058,0.1116637,34.42669,9747.69,340274.8,6949.34,12679,59.68725,60.17424,59.66036,78.54546,0,0,13798.08,12679
0.5785134,-0.5788336,78.54707,-0.009560971,12679,12.25,10.00045,6796.22,612.0627,0,0.5743454,0.5788336,-0.004488243,0.000184058,0.1116637,34.41949,9768.789,340253.8,6949.336,12679,59.68725,60.17424,59.66036,78.54546,0,0,13798.08,12679
0.5784705,-0.5787948,78.54707,-0.00956001,12679,12.25,10.00045,6796.22,611.989,0,0.5743446,0.5787948,-0.004450191,0.000184058,0.1116637,34.41604,9782.853,340239.8,6949.333,12679,59.68725,60.17424,59.66036,78.54546,0,0,13798.08,12679
0.5784256,-0.5787554,78.54707,-0.009559297,12679,12.25,10.00045,6796.22,611.9161,0,0.5743437,0.5787554,-0.004411674,0.000184058,0.1116637,34.41347,9796.915,340225.8,6949.331,12679,59.68725,60.17424,59.66036,78.54546,0,0,13798.08,12679
0.5783796,-0.5787154,78.54707,-0.009558795,12679,12.25,10.00045,6796.22,611.8439,0,0.5743428,0.5787154,-0.004372488,0.000184058,0.1116637,34.41166,9810.977,340211.8,6949.328,12679,59.68725,60.17424,59.66036,78.54546,0,0,13798.08,12679
0.5783187,-0.5786538,78.54707,-0.009556924,12679,12.25,10.00045,6796.223,611.737,0,0.5743415,0.5786538,-0.004312322,0.000184058,0.1116637,34.40493,9705.486,340317.3,6949.323,12679,59.68725,60.17424,59.66036,78.54546,0,0,13798.08,12679
0.5782975,-0.5786132,78.54707,-0.009554188,12679,12.25,10.00045,6796.223,611.6667,0,0.5743408,0.5786132,-0.004272372,0.000184058,0.1116637,34.39507,9717.2,340303.3,6949.323,12679,59.68725,60.17424,59.66036,78.54546,0,0,13798.08,12679
0.5782459,-0.578579,78.54707,-0.00955194,12679,12.25,10.00045,6796.223,611.6028,0,0.5743178,0.578579,-0.004261222,0.000184058,0.1116637,34.38698,9731.252,340291.6,6949.321,12679,59.68725,60.17424,59.66036,78.54546,0,0,13798.08,12679
0.5782266,-0.5785216,78.54707,-0.009549475,12679,12.25,10.00045,6796.223,611.504,0,0.5743395,0.5785216,-0.004182098,0.000184058,0.1116637,34.37811,9752.325,340270.7,6949.317,12679,59.68725,60.17424,59.66036,78.54546,0,0,13798.08,12679
0.5781731,-0.5784679,78.54707,-0.009547842,12679,12.25,10.00045,6796.223,611.402,0,0.5743386,0.5784679,-0.004129257,0.000184058,0.1116637,34.37223,9773.395,340249.7,6949.313,12679,59.68725,60.17424,59.66036,78.54546,0,0,13798.08,12679
0.5781333,-0.5784321,78.54707,-0.009547101,12679,12.25,10.00045,6796.223,611.3343,0,0.5743379,0.5784321,-0.004094232,0.000184058,0.1116637,34.36956,9787.438,340235.7,6949.311,12679,59.68725,60.17424,59.66036,78.54546,0,0,13798.08,12679
0.57807,-0.5783775,78.54707,-0.009546416,12679,12.25,10.00045,6796.223,611.2339,0,0.5743367,0.5783775,-0.004040749,0.000184058,0.1116637,34.3671,9808.504,340214.7,6949.307,12679,59.68725,60.17424,59.66036,78.54546,0,0,13798.08,12679
0.5780265,-0.5783401,78.54707,-0.009546198,12679.01,12.25,10.00045,6796.225,611.1678,0,0.5743359,0.5783401,-0.004004213,0.000184058,0.1116637,34.36631,9698.474,340200.7,6949.305,12679.01,59.68725,60.17424,59.66036,78.54546,0,0,13798.08,12679.01
0.5779952,-0.5782838,78.54707,-0.009542131,12679.01,12.25,10.00045,6796.225,611.0701,0,0.5743348,0.5782838,-0.003949043,0.000184058,0.1116637,34.35167,9719.533,340303.8,6949.303,12679.01,59.68725,60.17424,59.66036,78.54546,0,0,13798.08,12679.01
0.5779734,-0.5782459,78.54707,-0.009540075,12679.01,12.25,10.00045,6796.225,611.0056,0,0.5743344,0.5782459,-0.003911528,0.000184058,0.1116637,34.34426,9733.567,340289.8,6949.301,12679.01,59.68725,60.17424,59.66036,78.54546,0,0,13798.08,12679.01
0.57793,-0.5781959,78.54707,-0.009537864,12679.01,12.25,10.00045,6796.225,610.9095,0,0.5743337,0.5781959,-0.003862197,0.000184058,0.1116637,34.33631,9754.614,340268.8,6949.297,12679.01,59.68725,60.17424,59.66036,78.54546,0,0,13798.08,12679.01
0.577877,-0.5781475,78.54707,-0.00953645,12679.01,12.25,10.00045,6796.225,610.8145,0,0.5743328,0.5781475,-0.003814634,0.000184058,0.1116637,34.33122,9775.658,340247.8,6949.294,12679.01,59.68725,60.17424,59.66036,78.54546,0,0,13798.08,12679.01
0.5778384,-0.5781146,78.54707,-0.009535843,12679.01,12.25,10.00045,6796.225,610.7518,0,0.5743321,0.5781146,-0.003782529,0.000184058,0.1116637,34.32903,9789.686,340233.8,6949.292,12679.01,59.68725,60.17424,59.66036,78.54546,0,0,13798.08,12679.01
0.5777776,-0.578064,78.54707,-0.009535345,12679.01,12.25,10.00045,6796.225,610.6591,0,0.574331,0.578064,-0.003733026,0.000184058,0.1116637,34.32724,9810.727,340212.8,6949.288,12679.01,59.68725,60.17424,59.66036,78.54546,0,0,13798.08,12679.01
0.5777528,-0.5780275,78.54707,-0.009535225,12679.01,12.25,10.00045,6796.227,610.5984,0,0.574361,0.5780275,-0.003666547,0.000184058,0.1116637,34.32681,9698.49,340201.2,6949.286,12679.01,59.68725,60.17424,59.66036,78.54546,0,0,13798.08,12679.01
0.5777043,-0.5779807,78.54707,-0.00953126,12679.01,12.25,10.00045,6796.227,610.5166,0,0.5743285,0.5779807,-0.003652144,0.000184058,0.1116637,34.31253,9719.526,340304.2,6949.285,12679.01,59.68725,60.17424,59.66036,78.54546,0,0,13798.08,12679.01
0.5776885,-0.5779441,78.54707,-0.00952928,12679.01,12.25,10.00045,6796.227,610.4581,0,0.5743287,0.5779441,-0.003615421,0.000184058,0.1116637,34.30541,9733.545,340290.2,6949.282,12679.01,59.68725,60.17424,59.66036,78.54546,0,0,13798.08,12679.01
0.5776519,-0.5778973,78.54707,-0.009527195,12679.01,12.25,10.00045,6796.227,610.3697,0,0.5743282,0.5778973,-0.00356914,0.000184058,0.1116637,34.2979,9754.567,340269.2,6949.279,12679.01,59.68725,60.17424,59.66036,78.54546,0,0,13798.08,12679.01
0.577621,-0.5778676,78.54707,-0.009526268,12679.01,12.25,10.00045,6796.227,610.3111,0,0.5743277,0.5778676,-0.003539878,0.000184058,0.1116637,34.29456,9768.581,340255.3,6949.277,12679.01,59.68725,60.17424,59.66036,78.54546,0,0,13798.08,12679.01
0.5775688,-0.5778226,78.54707,-0.009525399,12679.01,12.25,10.00045,6796.227,610.2241,0,0.5743268,0.5778226,-0.003495809,0.000184058,0.1116637,34.29144,9789.6,340234.3,6949.274,12679.01,59.68725,60.17424,59.66036,78.54546,0,0,13798.08,12679.01
0.5775123,-0.577776,78.54707,-0.00952504,12679.01,12.25,10.00045,6796.227,610.1382,0,0.5743257,0.577776,-0.003450342,0.000184058,0.1116637,34.29015,9810.617,340213.3,6949.271,12679.01,59.68725,60.17424,59.66036,78.54546,0,0,13798.08,12679.01
0.5774734,-0.5777439,78.54707,-0.009525036,12679.02,12.25,10.00045,6796.229,610.0818,0,0.574325,0.5777439,-0.003419016,0.000184058,0.1116637,34.29013,9698.507,340199.4,6949.269,12679.02,59.68725,60.17424,59.66036,78.54546,0,0,13798.08,12679.02
0.5774497,-0.5776955,78.54707,-0.009521227,12679.02,12.25,10.00045,6796.229,609.9984,0,0.574324,0.5776955,-0.003371537,0.000184058,0.1116637,34.27642,9719.52,340304.5,6949.268,12679.02,59.68725,60.17424,59.66036,78.54546,0,0,13798.08,12679.02
0.5774226,-0.5776483,78.54707,-0.009518595,12679.02,12.25,10.00045,6796.229,609.916,0,0.5743236,0.5776483,-0.003324688,0.000184058,0.1116637,34.26694,9740.524,340283.6,6949.265,12679.02,59.68725,60.17424,59.66036,78.54546,0,0,13798.08,12679.02
0.5773828,-0.577607,78.54707,-0.009516957,12679.02,12.25,10.00045,6796.229,609.8341,0,0.5743229,0.577607,-0.003284063,0.000184058,0.1116637,34.26105,9761.524,340262.7,6949.262,12679.02,59.68725,60.17424,59.66036,78.54546,0,0,13798.08,12679.02
0.5773515,-0.5775799,78.54707,-0.009516276,12679.02,12.25,10.00045,6796.229,609.7801,0,0.5743224,0.5775799,-0.00325742,0.000184058,0.1116637,34.25859,9775.522,340248.7,6949.26,12679.02,59.68725,60.17424,59.66036,78.54546,0,0,13798.08,12679.02
0.5773148,-0.5775366,78.54707,-0.009515709,12679.02,12.25,10.00045,6796.229,609.7003,0,0.5743484,0.5775366,-0.003188262,0.000184058,0.1116637,34.25655,9794.187,340230.1,6949.257,12679.02,59.68725,60.17424,59.66036,78.54546,0,0,13798.08,12679.02
0.5772589,-0.5775149,78.54707,-0.009515558,12679.02,12.25,10.00045,6796.229,609.6537,0,0.5743202,0.5775149,-0.003194681,0.000184058,0.1116637,34.25601,9808.184,340216.1,6949.255,12679.02,59.68725,60.17424,59.66036,78.54546,0,0,13798.08,12679.02
0.5772178,-0.5774664,78.54707,-0.00951426,12679.02,12.25,10.00045,6796.232,609.5779,0,0.5743197,0.5774664,-0.003146711,0.000184058,0.1116637,34.25134,9705.521,340318.8,6949.251,12679.02,59.68725,60.17424,59.66036,78.54546,0,0,13798.08,12679.02
0.5772077,-0.5774362,78.54707,-0.009511951,12679.02,12.25,10.00045,6796.232,609.5269,0,0.5743192,0.5774362,-0.003117013,0.000184058,0.1116637,34.24302,9719.514,340304.9,6949.252,12679.02,59.68725,60.17424,59.66036,78.54546,0,0,13798.08,12679.02
0.5771849,-0.5773922,78.54707,-0.009509469,12679.02,12.25,10.00045,6796.232,609.4508,0,0.5743188,0.5773922,-0.003073371,0.000184058,0.1116637,34.23409,9740.498,340284,6949.25,12679.02,59.68725,60.17424,59.66036,78.54546,0,0,13798.08,12679.02
0.5771622,-0.5773668,78.54707,-0.009508379,12679.02,12.25,10.00045,6796.232,609.4003,0,0.5743185,0.5773668,-0.003048284,0.000184058,0.1116637,34.23016,9754.484,340270,6949.248,12679.02,59.68725,60.17424,59.66036,78.54546,0,0,13798.08,12679.02
0.57712,-0.5773295,78.54707,-0.009507377,12679.02,12.25,10.00045,6796.232,609.3252,0,0.5743178,0.5773295,-0.003011686,0.000184058,0.1116637,34.22655,9775.463,340249.1,6949.245,12679.02,59.68725,60.17424,59.66036,78.54546,0,0,13798.08,12679.02
0.5770718,-0.5772911,78.54707,-0.009506959,12679.02,12.25,10.00045,6796.232,609.251,0,0.574317,0.5772911,-0.002974165,0.000184058,0.1116637,34.22505,9796.439,340228.2,6949.242,12679.02,59.68725,60.17424,59.66036,78.54546,0,0,13798.08,12679.02
0.5770378,-0.5772645,78.54707,-0.009506946,12679.02,12.25,10.00045,6796.232,609.2023,0,0.5743163,0.5772645,-0.002948156,0.000184058,0.1116637,34.22501,9810.424,340214.2,6949.24,12679.02,59.68725,60.17424,59.66036,78.54546,0,0,13798.08,12679.02
0.5769949,-0.5772228,78.54707,-0.009505808,12679.03,12.25,10.00045,6796.234,609.1302,0,0.5743153,0.5772228,-0.002907463,0.000184058,0.1116637,34.22091,9705.529,340319.2,6949.237,12679.03,59.68725,60.17424,59.66036,78.54546,0,0,13798.08,12679.03
0.5769853,-0.5771951,78.54707,-0.009503568,12679.03,12.25,10.00045,6796.234,609.0829,0,0.5743148,0.5771951,-0.002880301,0.000184058,0.1116637,34.21284,9719.509,340305.2,6949.238,12679.03,59.68725,60.17424,59.66036,78.54546,0,0,13798.08,12679.03
0.5769641,-0.5771544,78.54707,-0.009501191,12679.03,12.25,10.00045,6796.234,609.0124,0,0.5743145,0.5771544,-0.002839878,0.000184058,0.1116637,34.20429,9740.475,340284.3,6949.236,12679.03,59.68725,60.17424,59.66036,78.54546,0,0,13798.08,12679.03
0.5769303,-0.5771196,78.54707,-0.009499799,12679.03,12.25,10.00045,6796.234,608.9425,0,0.574314,0.5771196,-0.00280558,0.000184058,0.1116637,34.19928,9759.107,340263.4,6949.233,12679.03,59.68725,60.17424,59.66036,78.54546,0,0,13798.08,12679.03
0.5768831,-0.5771009,78.54707,-0.009499226,12679.03,12.25,10.00045,6796.234,608.9001,0,0.5742986,0.5771009,-0.002802232,0.000184058,0.1116637,34.19721,9773.08,340251.8,6949.232,12679.03,59.68725,60.17424,59.66036,78.54546,0,0,13798.08,12679.03
0.5768569,-0.5770634,78.54707,-0.009498854,12679.03,12.25,10.00045,6796.234,608.835,0,0.5743126,0.5770634,-0.002750789,0.000184058,0.1116637,34.19588,9794.039,340230.8,6949.229,12679.03,59.68725,60.17424,59.66036,78.54546,0,0,13798.08,12679.03
0.5768111,-0.5770255,78.54707,-0.009498966,12679.03,12.25,10.00045,6796.234,608.7681,0,0.5743118,0.5770255,-0.002713689,0.000184058,0.1116637,34.19628,9814.998,340210,6949.227,12679.03,59.68725,60.17424,59.66036,78.54546,0,0,13798.08,12679.03
0.5767844,-0.5769281,78.54707,-0.009496707,12679.03,12.25,10.00045,6796.236,608.702,0,0.5743109,0.5769281,-0.00261718,0.000184058,0.1116637,34.18814,9712.521,340312.5,6949.226,12679.03,59.68725,60.17424,59.66036,78.54546,0,0,13798.08,12679.03
0.5767762,-0.5769598,78.54707,-0.00949483,12679.03,12.25,10.00045,6796.236,608.6583,0,0.5743107,0.5769598,-0.002649135,0.000184058,0.1116637,34.18139,9726.487,340298.5,6949.225,12679.03,59.68725,60.17424,59.66036,78.54546,0,0,13798.08,12679.03
0.5767533,-0.5769254,78.54707,-0.009492947,12679.03,12.25,10.00045,6796.236,608.5933,0,0.5743104,0.5769254,-0.002615018,0.000184058,0.1116637,34.17461,9747.434,340277.6,6949.222,12679.03,59.68725,60.17424,59.66036,78.54546,0,0,13798.08,12679.03
0.5767314,-0.5769044,78.54707,-0.009492193,12679.03,12.25,10.00045,6796.236,608.5503,0,0.5743101,0.5769044,-0.00259438,0.000184058,0.1116637,34.1719,9761.396,340263.7,6949.221,12679.03,59.68725,60.17424,59.66036,78.54546,0,0,13798.08,12679.03
0.576692,-0.5768728,78.54707,-0.009491624,12679.03,12.25,10.00045,6796.236,608.4863,0,0.5743094,0.5768728,-0.00256341,0.000184058,0.1116637,34.16985,9782.339,340242.8,6949.219,12679.03,59.68725,60.17424,59.66036,78.54546,0,0,13798.08,12679.03
0.5766628,-0.5768508,78.54707,-0.009491549,12679.03,12.25,10.00045,6796.236,608.4441,0,0.5743089,0.5768508,-0.002541996,0.000184058,0.1116637,34.16957,9796.301,340228.9,6949.217,12679.03,59.68725,60.17424,59.66036,78.54546,0,0,13798.08,12679.03
0.5766167,-0.5768162,78.54707,-0.00949181,12679.03,12.25,10.00045,6796.236,608.3818,0,0.574308,0.5768162,-0.002508224,0.000184058,0.1116637,34.17052,9817.243,340208,6949.215,12679.03,59.68725,60.17424,59.66036,78.54546,0,0,13798.08,12679.03
0.5765947,-0.5767919,78.54707,-0.009490752,12679.04,12.25,10.00045,6796.239,608.3409,0,0.5743074,0.5767919,-0.002484548,0.000184058,0.1116637,34.16671,9705.543,340319.7,6949.212,12679.04,59.68725,60.17424,59.66036,78.54546,0,0,13798.08,12679.04
0.5765847,-0.5767547,78.54707,-0.009487804,12679.04,12.25,10.00045,6796.239,608.2803,0,0.5743069,0.5767547,-0.002447872,0.000184058,0.1116637,34.15609,9726.479,340298.8,6949.213,12679.04,59.68725,60.17424,59.66036,78.54546,0,0,13798.08,12679.04
0.5765485,-0.5767264,78.54707,-0.009485943,12679.04,12.25,10.00045,6796.239,608.2236,0,0.5742937,0.5767264,-0.002432733,0.000184058,0.1116637,34.14939,9745.084,340280.3,6949.211,12679.04,59.68725,60.17424,59.66036,78.54546,0,0,13798.08,12679.04
0.5765329,-0.5766961,78.54707,-0.009484959,12679.04,12.25,10.00045,6796.239,608.1669,0,0.5743061,0.5766961,-0.002390003,0.000184058,0.1116637,34.14585,9766.012,340259.3,6949.209,12679.04,59.68725,60.17424,59.66036,78.54546,0,0,13798.08,12679.04
0.5764961,-0.5766662,78.54707,-0.009484628,12679.04,12.25,10.00045,6796.239,608.1085,0,0.5743055,0.5766662,-0.002360736,0.000184058,0.1116637,34.14466,9786.938,340238.5,6949.207,12679.04,59.68725,60.17424,59.66036,78.54546,0,0,13798.08,12679.04
0.5764544,-0.5766349,78.54707,-0.009484807,12679.04,12.25,10.00045,6796.239,608.0505,0,0.5743048,0.5766349,-0.002330211,0.000184058,0.1116637,34.1453,9807.866,340217.6,6949.205,12679.04,59.68725,60.17424,59.66036,78.54546,0,0,13798.08,12679.04
0.5764252,-0.576613,78.54707,-0.009485157,12679.04,12.25,10.00045,6796.241,608.0125,0,0.5743042,0.576613,-0.002308808,0.000184058,0.1116637,34.14656,9698.572,340203.7,6949.203,12679.04,59.68725,60.17424,59.66036,78.54546,0,0,13798.08,12679.04
0.5764149,-0.5765796,78.54707,-0.009481969,12679.04,12.25,10.00045,6796.241,607.9562,0,0.5743035,0.5765796,-0.002276082,0.000184058,0.1116637,34.13509,9719.496,340306,6949.204,12679.04,59.68725,60.17424,59.66036,78.54546,0,0,13798.08,12679.04
0.5764008,-0.5765471,78.54707,-0.009479925,12679.04,12.25,10.00045,6796.241,607.9005,0,0.5743033,0.5765471,-0.00224377,0.000184058,0.1116637,34.12773,9740.414,340285.2,6949.202,12679.04,59.68725,60.17424,59.66036,78.54546,0,0,13798.08,12679.04
0.5763842,-0.5765291,78.54707,-0.009479116,12679.04,12.25,10.00045,6796.241,607.8636,0,0.5743032,0.5765291,-0.002225952,0.000184058,0.1116637,34.12482,9754.357,340271.2,6949.2,12679.04,59.68725,60.17424,59.66036,78.54546,0,0,13798.08,12679.04
0.5763516,-0.5765026,78.54707,-0.009478522,12679.04,12.25,10.00045,6796.241,607.8086,0,0.5743026,0.5765026,-0.002199997,0.000184058,0.1116637,34.12268,9775.271,340250.3,6949.198,12679.04,59.68725,60.17424,59.66036,78.54546,0,0,13798.08,12679.04
0.5763133,-0.5764748,78.54707,-0.0094785,12679.04,12.25,10.00045,6796.241,607.7544,0,0.574302,0.5764748,-0.002172913,0.000184058,0.1116637,34.1226,9796.184,340229.5,6949.196,12679.04,59.68725,60.17424,59.66036,78.54546,0,0,13798.08,12679.04
0.5762717,-0.576445,78.54707,-0.009478935,12679.04,12.25,10.00045,6796.241,607.7011,0,0.5743012,0.576445,-0.002143856,0.000184058,0.1116637,34.12416,9817.098,340208.6,6949.194,12679.04,59.68725,60.17424,59.66036,78.54546,0,0,13798.08,12679.04
0.5762644,-0.576351,78.54707,-0.009476914,12679.05,12.25,10.00045,6796.243,607.6491,0,0.5743178,0.576351,-0.002033179,0.000184058,0.1116637,34.11689,9710.201,340315.5,6949.195,12679.05,59.68725,60.17424,59.66036,78.54546,0,0,13798.08,12679.05
0.5762439,-0.5763833,78.54707,-0.009474459,12679.05,12.25,10.00045,6796.243,607.6024,0,0.5742999,0.5763833,-0.002083364,0.000184058,0.1116637,34.10806,9731.106,340294.7,6949.193,12679.05,59.68725,60.17424,59.66036,78.54546,0,0,13798.08,12679.05
0.5762256,-0.5763578,78.54707,-0.009473084,12679.05,12.25,10.00045,6796.243,607.5518,0,0.5743,0.5763578,-0.00205786,0.000184058,0.1116637,34.1031,9752.009,340273.8,6949.191,12679.05,59.68725,60.17424,59.66036,78.54546,0,0,13798.08,12679.05
0.5761963,-0.5763338,78.54707,-0.0094725,12679.05,12.25,10.00045,6796.243,607.501,0,0.5742995,0.5763338,-0.002034234,0.000184058,0.1116637,34.101,9772.908,340252.9,6949.189,12679.05,59.68725,60.17424,59.66036,78.54546,0,0,13798.08,12679.05
0.5761606,-0.5763085,78.54707,-0.009472499,12679.05,12.25,10.00045,6796.243,607.4508,0,0.5742989,0.5763085,-0.002009588,0.000184058,0.1116637,34.10099,9793.809,340232.1,6949.188,12679.05,59.68725,60.17424,59.66036,78.54546,0,0,13798.08,12679.05
0.5761348,-0.5762905,78.54707,-0.00947276,12679.05,12.25,10.00045,6796.243,607.4178,0,0.5742984,0.5762905,-0.001992098,0.000184058,0.1116637,34.10194,9807.742,340218.2,6949.187,12679.05,59.68725,60.17424,59.66036,78.54546,0,0,13798.08,12679.05
0.5761037,-0.5762618,78.54707,-0.009472065,12679.05,12.25,10.00045,6796.245,607.3692,0,0.5742977,0.5762618,-0.001964072,0.000184058,0.1116637,34.09943,9705.56,340320.4,6949.184,12679.05,59.68725,60.17424,59.66036,78.54546,0,0,13798.08,12679.05
0.5760997,-0.5762317,78.54707,-0.009469396,12679.05,12.25,10.00045,6796.245,607.3214,0,0.5742973,0.5762317,-0.001934442,0.000184058,0.1116637,34.08982,9726.454,340299.5,6949.185,12679.05,59.68725,60.17424,59.66036,78.54546,0,0,13798.08,12679.05
0.5760851,-0.5762067,78.54707,-0.009467842,12679.05,12.25,10.00045,6796.245,607.2739,0,0.5742972,0.5762067,-0.001909506,0.000184058,0.1116637,34.08423,9747.345,340278.7,6949.183,12679.05,59.68725,60.17424,59.66036,78.54546,0,0,13798.08,12679.05
0.5760592,-0.5761845,78.54707,-0.009467156,12679.05,12.25,10.00045,6796.245,607.2267,0,0.5742968,0.5761845,-0.00188764,0.000184058,0.1116637,34.08176,9768.232,340257.8,6949.182,12679.05,59.68725,60.17424,59.66036,78.54546,0,0,13798.08,12679.05
0.5760379,-0.5761693,78.54707,-0.009467055,12679.05,12.25,10.00045,6796.245,607.1956,0,0.5742965,0.5761693,-0.001872837,0.000184058,0.1116637,34.0814,9782.158,340243.9,6949.181,12679.05,59.68725,60.17424,59.66036,78.54546,0,0,13798.08,12679.05
0.5760021,-0.5761451,78.54707,-0.009467334,12679.05,12.25,10.00045,6796.245,607.1495,0,0.5742958,0.5761451,-0.001849219,0.000184058,0.1116637,34.0824,9800.725,340223,6949.179,12679.05,59.68725,60.17424,59.66036,78.54546,0,0,13798.08,12679.05
0.5759607,-0.576122,78.54707,-0.009467957,12679.06,12.25,10.00045,6796.248,607.1079,0,0.5742947,0.576122,-0.001827282,0.000184058,0.1116637,34.08464,9698.601,340204.5,6949.177,12679.06,59.68725,60.17424,59.66036,78.54546,0,0,13798.08,12679.06
0.5759594,-0.5760925,78.54707,-0.009464955,12679.06,12.25,10.00045,6796.248,607.0648,0,0.5742944,0.5760925,-0.001798095,0.000184058,0.1116637,34.07384,9719.487,340306.7,6949.178,12679.06,59.68725,60.17424,59.66036,78.54546,0,0,13798.08,12679.06
0.5759529,-0.5760659,78.54707,-0.009463105,12679.06,12.25,10.00045,6796.248,607.0211,0,0.5742944,0.5760659,-0.001771441,0.000184058,0.1116637,34.06718,9740.367,340285.8,6949.176,12679.06,59.68725,60.17424,59.66036,78.54546,0,0,13798.08,12679.06
0.5759332,-0.5760452,78.54707,-0.009462226,12679.06,12.25,10.00045,6796.248,606.9774,0,0.5742943,0.5760452,-0.001750978,0.000184058,0.1116637,34.06401,9761.245,340265,6949.175,12679.06,59.68725,60.17424,59.66036,78.54546,0,0,13798.08,12679.06
0.5759047,-0.5760247,78.54707,-0.009462044,12679.06,12.25,10.00045,6796.248,606.9341,0,0.5742938,0.5760247,-0.001730912,0.000184058,0.1116637,34.06336,9782.121,340244.1,6949.173,12679.06,59.68725,60.17424,59.66036,78.54546,0,0,13798.08,12679.06
0.5758711,-0.5760025,78.54707,-0.009462394,12679.06,12.25,10.00045,6796.248,606.8915,0,0.5742932,0.5760025,-0.001709331,0.000184058,0.1116637,34.06462,9802.998,340223.3,6949.172,12679.06,59.68725,60.17424,59.66036,78.54546,0,0,13798.08,12679.06
0.5758347,-0.5759782,78.54707,-0.009463169,12679.06,12.25,10.00045,6796.25,606.8497,0,0.5742925,0.5759782,-0.00168564,0.000184058,0.1116637,34.06741,9698.609,340202.4,6949.17,12679.06,59.68725,60.17424,59.66036,78.54546,0,0,13798.08,12679.06
0.5758324,-0.5759528,78.54707,-0.009460234,12679.06,12.25,10.00045,6796.25,606.8087,0,0.574292,0.5759528,-0.001660844,0.000184058,0.1116637,34.05684,9719.485,340306.8,6949.171,12679.06,59.68725,60.17424,59.66036,78.54546,0,0,13798.08,12679.06
0.5758263,-0.5759284,78.54707,-0.009458452,12679.06,12.25,10.00045,6796.25,606.7681,0,0.574292,0.5759284,-0.00163639,0.000184058,0.1116637,34.05043,9740.355,340286,6949.169,12679.06,59.68725,60.17424,59.66036,78.54546,0,0,13798.08,12679.06
0.5758076,-0.5759096,78.54707,-0.009457643,12679.06,12.25,10.00045,6796.25,606.7277,0,0.5742918,0.5759096,-0.001617844,0.000184058,0.1116637,34.04752,9761.222,340265.2,6949.168,12679.06,59.68725,60.17424,59.66036,78.54546,0,0,13798.08,12679.06
0.5757875,-0.5758903,78.54707,-0.009457506,12679.06,12.25,10.00045,6796.25,606.6878,0,0.5743048,0.5758903,-0.00158547,0.000184058,0.1116637,34.04702,9779.77,340246.6,6949.167,12679.06,59.68725,60.17424,59.66036,78.54546,0,0,13798.08,12679.06
0.5757468,-0.5758719,78.54707,-0.00945785,12679.06,12.25,10.00045,6796.25,606.652,0,0.5742905,0.5758719,-0.001581329,0.000184058,0.1116637,34.04826,9800.637,340225.8,6949.166,12679.06,59.68725,60.17424,59.66036,78.54546,0,0,13798.08,12679.06
0.5757145,-0.5758487,78.54707,-0.009458636,12679.07,12.25,10.00045,6796.252,606.614,0,0.5742901,0.5758487,-0.001558581,0.000184058,0.1116637,34.05109,9698.617,340205,6949.164,12679.07,59.68725,60.17424,59.66036,78.54546,0,0,13798.08,12679.07
0.5757144,-0.5758251,78.54707,-0.009455798,12679.07,12.25,10.00045,6796.252,606.5762,0,0.5742896,0.5758251,-0.001535443,0.000184058,0.1116637,34.04087,9719.483,340307,6949.165,12679.07,59.68725,60.17424,59.66036,78.54546,0,0,13798.08,12679.07
0.57571,-0.5758025,78.54707,-0.009454103,12679.07,12.25,10.00045,6796.252,606.5386,0,0.5742897,0.5758025,-0.001512802,0.000184058,0.1116637,34.03477,9740.343,340286.2,6949.163,12679.07,59.68725,60.17424,59.66036,78.54546,0,0,13798.08,12679.07
0.5756928,-0.5757855,78.54707,-0.009453367,12679.07,12.25,10.00045,6796.252,606.5012,0,0.5742895,0.5757855,-0.00149598,0.000184058,0.1116637,34.03212,9761.2,340265.3,6949.162,12679.07,59.68725,60.17424,59.66036,78.54546,0,0,13798.08,12679.07
0.5756671,-0.5757685,78.54707,-0.00945332,12679.07,12.25,10.00045,6796.252,606.4642,0,0.5742891,0.5757685,-0.001479358,0.000184058,0.1116637,34.03195,9782.057,340244.5,6949.161,12679.07,59.68725,60.17424,59.66036,78.54546,0,0,13798.08,12679.07
0.5756364,-0.5757496,78.54707,-0.009453799,12679.07,12.25,10.00045,6796.252,606.4277,0,0.5742885,0.5757496,-0.001461101,0.000184058,0.1116637,34.03368,9802.915,340223.7,6949.16,12679.07,59.68725,60.17424,59.66036,78.54546,0,0,13798.08,12679.07
0.575603,-0.5757286,78.54707,-0.009454697,12679.07,12.25,10.00045,6796.254,606.3919,0,0.574288,0.5757286,-0.001440656,0.000184058,0.1116637,34.03691,9698.625,340202.8,6949.158,12679.07,59.68725,60.17424,59.66036,78.54546,0,0,13798.08,12679.07
0.5756041,-0.575698,78.54707,-0.009451208,12679.07,12.25,10.00045,6796.254,606.3454,0,0.5742875,0.575698,-0.001410473,0.000184058,0.1116637,34.02435,9726.433,340300.2,6949.159,12679.07,59.68725,60.17424,59.66036,78.54546,0,0,13798.08,12679.07
0.5755965,-0.5756798,78.54707,-0.0094499,12679.07,12.25,10.00045,6796.254,606.3108,0,0.5742875,0.5756798,-0.001392349,0.000184058,0.1116637,34.01964,9744.967,340279.4,6949.157,12679.07,59.68725,60.17424,59.66036,78.54546,0,0,13798.08,12679.07
0.5755762,-0.5756668,78.54707,-0.009449391,12679.07,12.25,10.00045,6796.254,606.2791,0,0.574287,0.5756668,-0.001379792,0.000184058,0.1116637,34.0178,9765.814,340260.9,6949.156,12679.07,59.68725,60.17424,59.66036,78.54546,0,0,13798.08,12679.07
0.5755609,-0.5756551,78.54707,-0.00944942,12679.07,12.25,10.00045,6796.254,606.2571,0,0.5742869,0.5756551,-0.001368167,0.000184058,0.1116637,34.01791,9779.713,340247,6949.156,12679.07,59.68725,60.17424,59.66036,78.54546,0,0,13798.08,12679.07
0.5755332,-0.5756377,78.54707,-0.009449904,12679.07,12.25,10.00045,6796.254,606.2236,0,0.5742865,0.5756377,-0.001351183,0.000184058,0.1116637,34.01965,9800.563,340226.2,6949.154,12679.07,59.68725,60.17424,59.66036,78.54546,0,0,13798.08,12679.07
0.575502,-0.5756183,78.54707,-0.009450821,12679.08,12.25,10.00045,6796.256,606.1905,0,0.5742859,0.5756183,-0.001332322,0.000184058,0.1116637,34.02296,9698.632,340205.3,6949.153,12679.08,59.68725,60.17424,59.66036,78.54546,0,0,13798.08,12679.08
0.5755039,-0.5755979,78.54707,-0.009448108,12679.08,12.25,10.00045,6796.256,606.1582,0,0.5742855,0.5755979,-0.001312375,0.000184058,0.1116637,34.01319,9719.48,340307.3,6949.154,12679.08,59.68725,60.17424,59.66036,78.54546,0,0,13798.08,12679.08
0.575498,-0.5755733,78.54707,-0.009446228,12679.08,12.25,10.00045,6796.256,606.1154,0,0.5742856,0.5755733,-0.001287804,0.000184058,0.1116637,34.00642,9747.27,340279.5,6949.153,12679.08,59.68725,60.17424,59.66036,78.54546,0,0,13798.08,12679.08
0.57548,-0.5755596,78.54707,-0.009445854,12679.08,12.25,10.00045,6796.256,606.0835,0,0.5742853,0.5755596,-0.001274195,0.000184058,0.1116637,34.00507,9768.11,340258.7,6949.152,12679.08,59.68725,60.17424,59.66036,78.54546,0,0,13798.08,12679.08
0.5754548,-0.5755448,78.54707,-0.009446097,12679.08,12.25,10.00045,6796.256,606.0519,0,0.5742849,0.5755448,-0.001259886,0.000184058,0.1116637,34.00595,9788.951,340237.9,6949.151,12679.08,59.68725,60.17424,59.66036,78.54546,0,0,13798.08,12679.08
0.5754256,-0.575528,78.54707,-0.009446821,12679.08,12.25,10.00045,6796.256,606.0209,0,0.5742844,0.575528,-0.001243628,0.000184058,0.1116637,34.00856,9809.793,340217.1,6949.149,12679.08,59.68725,60.17424,59.66036,78.54546,0,0,13798.08,12679.08
0.5754038,-0.575509,78.54707,-0.009446502,12679.08,12.25,10.00045,6796.259,605.9905,0,0.5742838,0.575509,-0.001225108,0.000184058,0.1116637,34.0074,9705.587,340321.3,6949.147,12679.08,59.68725,60.17424,59.66036,78.54546,0,0,13798.08,12679.08
0.5754181,-0.5754883,78.54707,-0.009444142,12679.08,12.25,10.00045,6796.259,605.9611,0,0.5742936,0.5754883,-0.001194635,0.000184058,0.1116637,33.99891,9724.109,340302.8,6949.149,12679.08,59.68725,60.17424,59.66036,78.54546,0,0,13798.08,12679.08
0.5754055,-0.5754747,78.54707,-0.00944286,12679.08,12.25,10.00045,6796.259,605.9341,0,0.5742835,0.5754747,-0.001191171,0.000184058,0.1116637,33.9943,9744.944,340282,6949.148,12679.08,59.68725,60.17424,59.66036,78.54546,0,0,13798.08,12679.08
0.5753829,-0.5754578,78.54707,-0.009442485,12679.08,12.25,10.00045,6796.259,605.8952,0,0.5742834,0.5754578,-0.001174318,0.000184058,0.1116637,33.99295,9772.721,340254.2,6949.147,12679.08,59.68725,60.17424,59.66036,78.54546,0,0,13798.08,12679.08
0.5753579,-0.5754439,78.54707,-0.009442904,12679.08,12.25,10.00045,6796.259,605.8661,0,0.574283,0.5754439,-0.001160842,0.000184058,0.1116637,33.99446,9793.554,340233.4,6949.146,12679.08,59.68725,60.17424,59.66036,78.54546,0,0,13798.08,12679.08
0.5753294,-0.5754278,78.54707,-0.009443779,12679.08,12.25,10.00045,6796.259,605.8376,0,0.5742825,0.5754278,-0.001145302,0.000184058,0.1116637,33.99761,9814.39,340212.6,6949.146,12679.08,59.68725,60.17424,59.66036,78.54546,0,0,13798.08,12679.08
0.5753208,-0.5753517,78.54707,-0.009442284,12679.09,12.25,10.00045,6796.261,605.8098,0,0.5742819,0.5753517,-0.001069805,0.000184058,0.1116637,33.99222,9712.534,340314.5,6949.146,12679.09,59.68725,60.17424,59.66036,78.54546,0,0,13798.08,12679.09
0.5753248,-0.5753914,78.54707,-0.009440416,12679.09,12.25,10.00045,6796.261,605.7824,0,0.574282,0.5753914,-0.001109406,0.000184058,0.1116637,33.9855,9733.364,340293.7,6949.146,12679.09,59.68725,60.17424,59.66036,78.54546,0,0,13798.08,12679.09
0.5753161,-0.5753788,78.54707,-0.009439585,12679.09,12.25,10.00045,6796.261,605.755,0,0.574282,0.5753788,-0.001096826,0.000184058,0.1116637,33.98251,9754.19,340272.8,6949.145,12679.09,59.68725,60.17424,59.66036,78.54546,0,0,13798.08,12679.09
0.5752975,-0.5753673,78.54707,-0.009439516,12679.09,12.25,10.00045,6796.261,605.7277,0,0.5742818,0.5753673,-0.001085521,0.000184058,0.1116637,33.98226,9775.017,340252,6949.144,12679.09,59.68725,60.17424,59.66036,78.54546,0,0,13798.08,12679.09
0.5752639,-0.5753495,78.54707,-0.009440278,12679.09,12.25,10.00045,6796.261,605.692,0,0.5742812,0.5753495,-0.001068263,0.000184058,0.1116637,33.985,9802.786,340224.3,6949.143,12679.09,59.68725,60.17424,59.66036,78.54546,0,0,13798.08,12679.09
0.5752388,-0.5753329,78.54707,-0.009441322,12679.09,12.25,10.00045,6796.263,605.666,0,0.5742894,0.5753329,-0.001043572,0.000184058,0.1116637,33.98876,9698.65,340205.8,6949.142,12679.09,59.68725,60.17424,59.66036,78.54546,0,0,13798.08,12679.09
0.5752389,-0.5753176,78.54707,-0.009438684,12679.09,12.25,10.00045,6796.263,605.6429,0,0.5742801,0.5753176,-0.00103746,0.000184058,0.1116637,33.97926,9719.478,340307.6,6949.143,12679.09,59.68725,60.17424,59.66036,78.54546,0,0,13798.08,12679.09
0.5752399,-0.5752969,78.54707,-0.009436919,12679.09,12.25,10.00045,6796.263,605.6097,0,0.5742804,0.5752969,-0.001016517,0.000184058,0.1116637,33.97291,9747.239,340279.9,6949.142,12679.09,59.68725,60.17424,59.66036,78.54546,0,0,13798.08,12679.09
0.5752261,-0.5752865,78.54707,-0.009436642,12679.09,12.25,10.00045,6796.263,605.5844,0,0.5742803,0.5752865,-0.001006202,0.000184058,0.1116637,33.97191,9768.059,340259.1,6949.141,12679.09,59.68725,60.17424,59.66036,78.54546,0,0,13798.08,12679.09
0.5752047,-0.5752753,78.54707,-0.009436986,12679.09,12.25,10.00045,6796.263,605.5594,0,0.57428,0.5752753,-0.000995331,0.000184058,0.1116637,33.97315,9788.879,340238.3,6949.14,12679.09,59.68725,60.17424,59.66036,78.54546,0,0,13798.08,12679.09
0.5751792,-0.5752621,78.54707,-0.009437817,12679.09,12.25,10.00045,6796.263,605.5349,0,0.5742795,0.5752621,-0.00098256,0.000184058,0.1116637,33.97614,9809.7,340217.5,6949.139,12679.09,59.68725,60.17424,59.66036,78.54546,0,0,13798.08,12679.09
0.5751607,-0.5752465,78.54707,-0.009437607,12679.1,12.25,10.00045,6796.266,605.511,0,0.574279,0.5752465,-0.000967526,0.000184058,0.1116637,33.97538,9705.598,340321.6,6949.138,12679.1,59.68725,60.17424,59.66036,78.54546,0,0,13798.08,12679.1
0.5751697,-0.5752296,78.54707,-0.009435385,12679.1,12.25,10.00045,6796.266,605.4876,0,0.5742789,0.5752296,-0.000950769,0.000184058,0.1116637,33.96739,9726.416,340300.8,6949.14,12679.1,59.68725,60.17424,59.66036,78.54546,0,0,13798.08,12679.1
0.5751678,-0.5752177,78.54707,-0.009434285,12679.1,12.25,10.00045,6796.266,605.4642,0,0.574279,0.5752177,-0.000938682,0.000184058,0.1116637,33.96342,9747.23,340280,6949.139,12679.1,59.68725,60.17424,59.66036,78.54546,0,0,13798.08,12679.1
0.5751542,-0.5752085,78.54707,-0.00943405,12679.1,12.25,10.00045,6796.266,605.4409,0,0.5742789,0.5752085,-0.000929605,0.000184058,0.1116637,33.96258,9768.045,340259.2,6949.138,12679.1,59.68725,60.17424,59.66036,78.54546,0,0,13798.08,12679.1
0.575141,-0.5752019,78.54707,-0.009434249,12679.1,12.25,10.00045,6796.266,605.4254,0,0.5742787,0.5752019,-0.000923265,0.000184058,0.1116637,33.9633,9781.921,340245.3,6949.138,12679.1,59.68725,60.17424,59.66036,78.54546,0,0,13798.08,12679.1
0.5751099,-0.575192,78.54707,-0.00943492,12679.1,12.25,10.00045,6796.266,605.4037,0,0.5742734,0.575192,-0.00091856,0.000184058,0.1116637,33.96571,9800.423,340226.8,6949.137,12679.1,59.68725,60.17424,59.66036,78.54546,0,0,13798.08,12679.1
0.5750906,-0.5751774,78.54707,-0.009435992,12679.1,12.25,10.00045,6796.268,605.3826,0,0.5742778,0.5751774,-0.000899587,0.000184058,0.1116637,33.96957,9698.66,340206,6949.136,12679.1,59.68725,60.17424,59.66036,78.54546,0,0,13798.08,12679.1
0.5751016,-0.5751562,78.54707,-0.009432862,12679.1,12.25,10.00045,6796.268,605.3539,0,0.5742775,0.5751562,-0.0008787,0.000184058,0.1116637,33.9583,9726.413,340300.9,6949.137,12679.1,59.68725,60.17424,59.66036,78.54546,0,0,13798.08,12679.1
0.5751008,-0.5751453,78.54707,-0.00943181,12679.1,12.25,10.00045,6796.268,605.3323,0,0.5742777,0.5751453,-0.000867618,0.000184058,0.1116637,33.95451,9747.223,340280.1,6949.137,12679.1,59.68725,60.17424,59.66036,78.54546,0,0,13798.08,12679.1
0.5750822,-0.5751343,78.54707,-0.009431696,12679.1,12.25,10.00045,6796.268,605.3035,0,0.5742775,0.5751343,-0.000856752,0.000184058,0.1116637,33.95411,9774.967,340252.3,6949.136,12679.1,59.68725,60.17424,59.66036,78.54546,0,0,13798.08,12679.1
0.5750607,-0.5751245,78.54707,-0.009432292,12679.1,12.25,10.00045,6796.268,605.2822,0,0.5742772,0.5751245,-0.000847338,0.000184058,0.1116637,33.95625,9795.776,340231.6,6949.135,12679.1,59.68725,60.17424,59.66036,78.54546,0,0,13798.08,12679.1
0.575027,-0.5751079,78.54707,-0.009433766,12679.11,12.25,10.00045,6796.27,605.2545,0,0.5742766,0.5751079,-0.000831364,0.000184058,0.1116637,33.96156,9698.665,340203.8,6949.134,12679.11,59.68725,60.17424,59.66036,78.54546,0,0,13798.08,12679.11
0.5750353,-0.5750939,78.54707,-0.009431238,12679.11,12.25,10.00045,6796.27,605.2345,0,0.5742762,0.5750939,-0.000817739,0.000184058,0.1116637,33.95246,9719.476,340307.9,6949.135,12679.11,59.68725,60.17424,59.66036,78.54546,0,0,13798.08,12679.11
0.575038,-0.575078,78.54707,-0.009429618,12679.11,12.25,10.00045,6796.27,605.2079,0,0.5742764,0.575078,-0.000801528,0.000184058,0.1116637,33.94662,9747.216,340280.2,6949.135,12679.11,59.68725,60.17424,59.66036,78.54546,0,0,13798.08,12679.11
0.5750299,-0.5750703,78.54707,-0.009429421,12679.11,12.25,10.00045,6796.27,605.1879,0,0.5742831,0.5750703,-0.000787217,0.000184058,0.1116637,33.94592,9765.708,340261.7,6949.134,12679.11,59.68725,60.17424,59.66036,78.54546,0,0,13798.08,12679.11
0.5750069,-0.5750628,78.54707,-0.009429801,12679.11,12.25,10.00045,6796.27,605.17,0,0.574276,0.5750628,-0.000786855,0.000184058,0.1116637,33.94728,9786.512,340240.9,6949.134,12679.11,59.68725,60.17424,59.66036,78.54546,0,0,13798.08,12679.11
0.5749852,-0.5750523,78.54707,-0.009430682,12679.11,12.25,10.00045,6796.27,605.1508,0,0.5742757,0.5750523,-0.000776596,0.000184058,0.1116637,33.95046,9807.317,340220.1,6949.133,12679.11,59.68725,60.17424,59.66036,78.54546,0,0,13798.08,12679.11
0.5749618,-0.5750349,78.54707,-0.009430988,12679.11,12.25,10.00045,6796.272,605.1259,0,0.5742751,0.5750349,-0.000759861,0.000184058,0.1116637,33.95155,9705.607,340321.8,6949.131,12679.11,59.68725,60.17424,59.66036,78.54546,0,0,13798.08,12679.11
0.5749748,-0.5750203,78.54707,-0.009428805,12679.11,12.25,10.00045,6796.272,605.1076,0,0.574275,0.5750203,-0.000745336,0.000184058,0.1116637,33.9437,9726.411,340301,6949.133,12679.11,59.68725,60.17424,59.66036,78.54546,0,0,13798.08,12679.11
0.5749764,-0.575011,78.54707,-0.009427767,12679.11,12.25,10.00045,6796.272,605.0893,0,0.5742752,0.575011,-0.000735789,0.000184058,0.1116637,33.93996,9747.211,340280.3,6949.133,12679.11,59.68725,60.17424,59.66036,78.54546,0,0,13798.08,12679.11
0.5749661,-0.5750046,78.54707,-0.009427616,12679.11,12.25,10.00045,6796.272,605.0709,0,0.5742751,0.5750046,-0.000729471,0.000184058,0.1116637,33.93942,9768.011,340259.5,6949.132,12679.11,59.68725,60.17424,59.66036,78.54546,0,0,13798.08,12679.11
0.5749482,-0.5749974,78.54707,-0.0094281,12679.11,12.25,10.00045,6796.272,605.0526,0,0.5742749,0.5749974,-0.0007225,0.000184058,0.1116637,33.94116,9788.811,340238.7,6949.132,12679.11,59.68725,60.17424,59.66036,78.54546,0,0,13798.08,12679.11
0.574918,-0.5749844,78.54707,-0.009429487,12679.11,12.25,10.00045,6796.272,605.0289,0,0.5742744,0.5749844,-0.000710026,0.000184058,0.1116637,33.94616,9816.547,340210.9,6949.131,12679.11,59.68725,60.17424,59.66036,78.54546,0,0,13798.08,12679.11
0.5749151,-0.5749131,78.54707,-0.009428183,12679.12,12.25,10.00045,6796.274,605.0117,0,0.5742739,0.5749131,-0.000639244,0.000184058,0.1116637,33.94146,9712.543,340315,6949.133,12679.12,59.68725,60.17424,59.66036,78.54546,0,0,13798.08,12679.12
0.5749226,-0.5749578,78.54707,-0.009426123,12679.12,12.25,10.00045,6796.274,604.9902,0,0.5742704,0.5749578,-0.000687406,0.000184058,0.1116637,33.93404,9737.963,340289.6,6949.132,12679.12,59.68725,60.17424,59.66036,78.54546,0,0,13798.08,12679.12
0.5749202,-0.5749518,78.54707,-0.009425706,12679.12,12.25,10.00045,6796.274,604.9739,0,0.5742742,0.5749518,-0.00067766,0.000184058,0.1116637,33.93254,9758.758,340268.8,6949.131,12679.12,59.68725,60.17424,59.66036,78.54546,0,0,13798.08,12679.12
0.5749052,-0.5749459,78.54707,-0.009425991,12679.12,12.25,10.00045,6796.274,604.9569,0,0.574274,0.5749459,-0.000671906,0.000184058,0.1116637,33.93357,9779.553,340248,6949.131,12679.12,59.68725,60.17424,59.66036,78.54546,0,0,13798.08,12679.12
0.5748848,-0.5749382,78.54707,-0.009426803,12679.12,12.25,10.00045,6796.274,604.9402,0,0.5742737,0.5749382,-0.000664475,0.000184058,0.1116637,33.93649,9800.351,340227.2,6949.13,12679.12,59.68725,60.17424,59.66036,78.54546,0,0,13798.08,12679.12
0.5748535,-0.5749241,78.54707,-0.009428523,12679.12,12.25,10.00045,6796.277,604.9186,0,0.5742731,0.5749241,-0.000650959,0.000184058,0.1116637,33.94268,9698.679,340199.5,6949.129,12679.12,59.68725,60.17424,59.66036,78.54546,0,0,13798.08,12679.12
0.574869,-0.5749068,78.54707,-0.009425438,12679.12,12.25,10.00045,6796.277,604.8979,0,0.5742729,0.5749068,-0.000633859,0.000184058,0.1116637,33.93158,9726.409,340301.2,6949.131,12679.12,59.68725,60.17424,59.66036,78.54546,0,0,13798.08,12679.12
0.5748719,-0.5748988,78.54707,-0.009424451,12679.12,12.25,10.00045,6796.277,604.8824,0,0.5742732,0.5748988,-0.000625704,0.000184058,0.1116637,33.92802,9747.202,340280.4,6949.131,12679.12,59.68725,60.17424,59.66036,78.54546,0,0,13798.08,12679.12
0.574858,-0.5748921,78.54707,-0.009424457,12679.12,12.25,10.00045,6796.277,604.8615,0,0.574273,0.5748921,-0.000619035,0.000184058,0.1116637,33.92805,9774.925,340252.7,6949.13,12679.12,59.68725,60.17424,59.66036,78.54546,0,0,13798.08,12679.12
0.5748326,-0.5748829,78.54707,-0.009425496,12679.12,12.25,10.00045,6796.277,604.8408,0,0.5742726,0.5748829,-0.00061027,0.000184058,0.1116637,33.93179,9802.649,340225,6949.129,12679.12,59.68725,60.17424,59.66036,78.54546,0,0,13798.08,12679.12
0.5747967,-0.5748709,78.54707,-0.009427229,12679.13,12.25,10.00045,6796.279,604.8219,0,0.574269,0.5748709,-0.000601922,0.000184058,0.1116637,33.93803,9698.683,340199.6,6949.128,12679.13,59.68725,60.17424,59.66036,78.54546,0,0,13798.08,12679.13
0.574814,-0.5748586,78.54707,-0.009424702,12679.13,12.25,10.00045,6796.279,604.8084,0,0.5742718,0.5748586,-0.000586854,0.000184058,0.1116637,33.92893,9719.479,340308.2,6949.13,12679.13,59.68725,60.17424,59.66036,78.54546,0,0,13798.08,12679.13
0.5748235,-0.5748462,78.54707,-0.009423137,12679.13,12.25,10.00045,6796.279,604.7896,0,0.5742722,0.5748462,-0.000574017,0.000184058,0.1116637,33.92329,9747.199,340280.4,6949.13,12679.13,59.68725,60.17424,59.66036,78.54546,0,0,13798.08,12679.13
0.5748157,-0.574842,78.54707,-0.00942304,12679.13,12.25,10.00045,6796.279,604.7751,0,0.5742722,0.574842,-0.000569831,0.000184058,0.1116637,33.92294,9767.988,340259.7,6949.129,12679.13,59.68725,60.17424,59.66036,78.54546,0,0,13798.08,12679.13
0.5748001,-0.574837,78.54707,-0.009423577,12679.13,12.25,10.00045,6796.279,604.7607,0,0.574272,0.574837,-0.000565047,0.000184058,0.1116637,33.92488,9788.778,340238.9,6949.129,12679.13,59.68725,60.17424,59.66036,78.54546,0,0,13798.08,12679.13
0.5747727,-0.574827,78.54707,-0.009425039,12679.13,12.25,10.00045,6796.279,604.7421,0,0.5742715,0.574827,-0.000555491,0.000184058,0.1116637,33.93014,9816.502,340211.2,6949.128,12679.13,59.68725,60.17424,59.66036,78.54546,0,0,13798.08,12679.13
0.5747718,-0.5747579,78.54707,-0.00942379,12679.13,12.25,10.00045,6796.282,604.7288,0,0.5742711,0.5747579,-0.000486897,0.000184058,0.1116637,33.92565,9712.549,340315.1,6949.13,12679.13,59.68725,60.17424,59.66036,78.54546,0,0,13798.08,12679.13
0.5747846,-0.5748046,78.54707,-0.009421853,12679.13,12.25,10.00045,6796.282,604.7111,0,0.5742714,0.5748046,-0.00053322,0.000184058,0.1116637,33.91867,9740.266,340287.4,6949.13,12679.13,59.68725,60.17424,59.66036,78.54546,0,0,13798.08,12679.13
0.5747758,-0.5747995,78.54707,-0.009421606,12679.13,12.25,10.00045,6796.282,604.6932,0,0.5742714,0.5747995,-0.000528164,0.000184058,0.1116637,33.91778,9767.98,340259.7,6949.129,12679.13,59.68725,60.17424,59.66036,78.54546,0,0,13798.08,12679.13
0.5747615,-0.5747948,78.54707,-0.00942214,12679.13,12.25,10.00045,6796.282,604.6799,0,0.5742757,0.5747948,-0.000519196,0.000184058,0.1116637,33.9197,9786.457,340241.2,6949.129,12679.13,59.68725,60.17424,59.66036,78.54546,0,0,13798.08,12679.13
0.574733,-0.5747856,78.54707,-0.009423518,12679.13,12.25,10.00045,6796.282,604.664,0,0.5742707,0.5747856,-0.000514931,0.000184058,0.1116637,33.92466,9814.176,340213.5,6949.128,12679.13,59.68725,60.17424,59.66036,78.54546,0,0,13798.08,12679.13
0.5747269,-0.574711,78.54707,-0.009422688,12679.14,12.25,10.00045,6796.284,604.6478,0,0.5742701,0.574711,-0.000440804,0.000184058,0.1116637,33.92167,9712.551,340315.2,6949.13,12679.14,59.68725,60.17424,59.66036,78.54546,0,0,13798.08,12679.14
0.5747408,-0.5747617,78.54707,-0.009420989,12679.14,12.25,10.00045,6796.284,604.6358,0,0.5742704,0.5747617,-0.000491254,0.000184058,0.1116637,33.91556,9733.337,340294.4,6949.129,12679.14,59.68725,60.17424,59.66036,78.54546,0,0,13798.08,12679.14
0.5747388,-0.5747565,78.54707,-0.009420348,12679.14,12.25,10.00045,6796.284,604.6194,0,0.5742706,0.5747565,-0.000485885,0.000184058,0.1116637,33.91325,9761.048,340266.7,6949.129,12679.14,59.68725,60.17424,59.66036,78.54546,0,0,13798.08,12679.14
0.574726,-0.5747531,78.54707,-0.009420724,12679.14,12.25,10.00045,6796.284,604.6071,0,0.5742705,0.5747531,-0.000482649,0.000184058,0.1116637,33.9146,9781.831,340245.9,6949.129,12679.14,59.68725,60.17424,59.66036,78.54546,0,0,13798.08,12679.14
0.5747013,-0.5747455,78.54707,-0.009422026,12679.14,12.25,10.00045,6796.284,604.591,0,0.5742701,0.5747455,-0.000475493,0.000184058,0.1116637,33.91929,9809.546,340218.2,6949.128,12679.14,59.68725,60.17424,59.66036,78.54546,0,0,13798.08,12679.14
0.5746944,-0.574675,78.54707,-0.009421244,12679.14,12.25,10.00045,6796.286,604.5757,0,0.5742695,0.574675,-0.000405482,0.000184058,0.1116637,33.91648,9712.552,340315.2,6949.13,12679.14,59.68725,60.17424,59.66036,78.54546,0,0,13798.08,12679.14
0.5747072,-0.5747246,78.54707,-0.009419633,12679.14,12.25,10.00045,6796.286,604.5646,0,0.5742698,0.5747246,-0.000454818,0.000184058,0.1116637,33.91068,9733.334,340294.4,6949.13,12679.14,59.68725,60.17424,59.66036,78.54546,0,0,13798.08,12679.14
0.5747098,-0.5747209,78.54707,-0.00941904,12679.14,12.25,10.00045,6796.286,604.5532,0,0.5742739,0.5747209,-0.000447029,0.000184058,0.1116637,33.90854,9751.806,340276,6949.129,12679.14,59.68725,60.17424,59.66036,78.54546,0,0,13798.08,12679.14
0.5746927,-0.5747173,78.54707,-0.009419349,12679.14,12.25,10.00045,6796.286,604.5391,0,0.5742698,0.5747173,-0.00044754,0.000184058,0.1116637,33.90966,9779.513,340248.3,6949.129,12679.14,59.68725,60.17424,59.66036,78.54546,0,0,13798.08,12679.14
0.5746756,-0.5747125,78.54707,-0.009420224,12679.14,12.25,10.00045,6796.286,604.528,0,0.5742695,0.5747125,-0.000442981,0.000184058,0.1116637,33.9128,9800.295,340227.5,6949.129,12679.14,59.68725,60.17424,59.66036,78.54546,0,0,13798.08,12679.14
0.5746482,-0.5747024,78.54707,-0.00942203,12679.15,12.25,10.00045,6796.289,604.5136,0,0.5742691,0.5747024,-0.000433374,0.000184058,0.1116637,33.91931,9698.696,340199.8,6949.128,12679.15,59.68725,60.17424,59.66036,78.54546,0,0,13798.08,12679.15
0.5746675,-0.5746891,78.54707,-0.009419044,12679.15,12.25,10.00045,6796.289,604.5,0,0.5742689,0.5746891,-0.000420167,0.000184058,0.1116637,33.90856,9726.407,340301.4,6949.13,12679.15,59.68725,60.17424,59.66036,78.54546,0,0,13798.08,12679.15
0.5746731,-0.5746841,78.54707,-0.009418128,12679.15,12.25,10.00045,6796.289,604.4896,0,0.5742692,0.5746841,-0.00041489,0.000184058,0.1116637,33.90526,9747.186,340280.6,6949.13,12679.15,59.68725,60.17424,59.66036,78.54546,0,0,13798.08,12679.15
0.5746666,-0.574682,78.54707,-0.009418094,12679.15,12.25,10.00045,6796.289,604.4791,0,0.5742692,0.574682,-0.000412761,0.000184058,0.1116637,33.90514,9767.964,340259.8,6949.13,12679.15,59.68725,60.17424,59.66036,78.54546,0,0,13798.08,12679.15
0.5746468,-0.5746775,78.54707,-0.009418999,12679.15,12.25,10.00045,6796.289,604.4651,0,0.5742689,0.5746775,-0.00040854,0.000184058,0.1116637,33.9084,9795.67,340232.1,6949.129,12679.15,59.68725,60.17424,59.66036,78.54546,0,0,13798.08,12679.15
0.5746275,-0.5746715,78.54707,-0.009420218,12679.15,12.25,10.00045,6796.289,604.455,0,0.5742686,0.5746715,-0.000402857,0.000184058,0.1116637,33.91278,9816.451,340211.4,6949.129,12679.15,59.68725,60.17424,59.66036,78.54546,0,0,13798.08,12679.15
0.5746284,-0.5746044,78.54707,-0.00941902,12679.15,12.25,10.00045,6796.291,604.4454,0,0.5742682,0.5746044,-0.000336141,0.000184058,0.1116637,33.90847,9710.245,340315.3,6949.131,12679.15,59.68725,60.17424,59.66036,78.54546,0,0,13798.08,12679.15
0.5746459,-0.5746545,78.54707,-0.009417059,12679.15,12.25,10.00045,6796.291,604.4337,0,0.5742686,0.5746545,-0.000385882,0.000184058,0.1116637,33.90141,9737.948,340289.9,6949.13,12679.15,59.68725,60.17424,59.66036,78.54546,0,0,13798.08,12679.15
0.5746397,-0.5746521,78.54707,-0.009416811,12679.15,12.25,10.00045,6796.291,604.4207,0,0.5742687,0.5746521,-0.00038343,0.000184058,0.1116637,33.90052,9765.647,340262.2,6949.13,12679.15,59.68725,60.17424,59.66036,78.54546,0,0,13798.08,12679.15
0.5746201,-0.5746483,78.54707,-0.009417684,12679.15,12.25,10.00045,6796.291,604.4076,0,0.5742684,0.5746483,-0.00037987,0.000184058,0.1116637,33.90366,9793.35,340234.5,6949.13,12679.15,59.68725,60.17424,59.66036,78.54546,0,0,13798.08,12679.15
0.5745941,-0.5746403,78.54707,-0.009419354,12679.15,12.25,10.00045,6796.291,604.3952,0,0.574268,0.5746403,-0.000372319,0.000184058,0.1116637,33.90967,9821.056,340206.8,6949.129,12679.15,59.68725,60.17424,59.66036,78.54546,0,0,13798.08,12679.15
0.5745958,-0.5745706,78.54707,-0.009418135,12679.16,12.25,10.00045,6796.293,604.3864,0,0.5742676,0.5745706,-0.000303046,0.000184058,0.1116637,33.90528,9712.556,340315.3,6949.131,12679.16,59.68725,60.17424,59.66036,78.54546,0,0,13798.08,12679.16
0.574613,-0.5746216,78.54707,-0.009416197,12679.16,12.25,10.00045,6796.293,604.3749,0,0.5742679,0.5746216,-0.000353688,0.000184058,0.1116637,33.89831,9740.256,340287.6,6949.131,12679.16,59.68725,60.17424,59.66036,78.54546,0,0,13798.08,12679.16
0.5746108,-0.5746199,78.54707,-0.009415919,12679.16,12.25,10.00045,6796.293,604.3659,0,0.5742681,0.5746199,-0.00035181,0.000184058,0.1116637,33.89731,9761.029,340266.8,6949.131,12679.16,59.68725,60.17424,59.66036,78.54546,0,0,13798.08,12679.16
0.5745996,-0.5746181,78.54707,-0.00941634,12679.16,12.25,10.00045,6796.293,604.3569,0,0.574268,0.5746181,-0.000350099,0.000184058,0.1116637,33.89882,9781.803,340246.1,6949.131,12679.16,59.68725,60.17424,59.66036,78.54546,0,0,13798.08,12679.16
0.5745771,-0.5746124,78.54707,-0.009417674,12679.16,12.25,10.00045,6796.293,604.3452,0,0.5742705,0.5746124,-0.000341975,0.000184058,0.1116637,33.90363,9807.195,340220.7,6949.13,12679.16,59.68725,60.17424,59.66036,78.54546,0,0,13798.08,12679.16
0.5745565,-0.5746059,78.54707,-0.009419086,12679.17,12.25,10.00045,6796.295,604.3377,0,0.5742671,0.5746059,-0.000338746,0.000184058,0.1116637,33.90871,9698.704,340199.9,6949.13,12679.17,59.68725,60.17424,59.66036,78.54546,0,0,13798.08,12679.17
0.5745788,-0.5745938,78.54707,-0.009416115,12679.17,12.25,10.00045,6796.295,604.3274,0,0.5742671,0.5745938,-0.000326699,0.000184058,0.1116637,33.89801,9726.407,340301.5,6949.132,12679.17,59.68725,60.17424,59.66036,78.54546,0,0,13798.08,12679.17
0.5745856,-0.5745898,78.54707,-0.009415139,12679.17,12.25,10.00045,6796.295,604.3166,0,0.5742675,0.5745898,-0.00032224,0.000184058,0.1116637,33.8945,9754.103,340273.8,6949.132,12679.17,59.68725,60.17424,59.66036,78.54546,0,0,13798.08,12679.17
0.5745775,-0.5745889,78.54707,-0.009415367,12679.17,12.25,10.00045,6796.295,604.3083,0,0.5742675,0.5745889,-0.000321409,0.000184058,0.1116637,33.89532,9774.874,340253,6949.132,12679.17,59.68725,60.17424,59.66036,78.54546,0,0,13798.08,12679.17
0.5745573,-0.5745853,78.54707,-0.009416544,12679.17,12.25,10.00045,6796.295,604.2974,0,0.5742672,0.5745853,-0.00031806,0.000184058,0.1116637,33.89956,9802.572,340225.3,6949.131,12679.17,59.68725,60.17424,59.66036,78.54546,0,0,13798.08,12679.17
0.5745384,-0.5745797,78.54707,-0.009417928,12679.17,12.25,10.00045,6796.298,604.2896,0,0.5742669,0.5745797,-0.000312851,0.000184058,0.1116637,33.90454,9698.706,340204.5,6949.131,12679.17,59.68725,60.17424,59.66036,78.54546,0,0,13798.08,12679.17
0.5745582,-0.5745695,78.54707,-0.009415105,12679.17,12.25,10.00045,6796.298,604.2798,0,0.5742668,0.5745695,-0.000302674,0.000184058,0.1116637,33.89438,9726.405,340301.5,6949.133,12679.17,59.68725,60.17424,59.66036,78.54546,0,0,13798.08,12679.17
0.5745643,-0.5745664,78.54707,-0.009414281,12679.17,12.25,10.00045,6796.298,604.2723,0,0.5742671,0.5745664,-0.000299283,0.000184058,0.1116637,33.89141,9747.176,340280.7,6949.133,12679.17,59.68725,60.17424,59.66036,78.54546,0,0,13798.08,12679.17
0.5745559,-0.5745655,78.54707,-0.009414439,12679.17,12.25,10.00045,6796.298,604.262,0,0.5742697,0.5745655,-0.000295823,0.000184058,0.1116637,33.89198,9772.561,340255.3,6949.133,12679.17,59.68725,60.17424,59.66036,78.54546,0,0,13798.08,12679.17
0.5745405,-0.5745633,78.54707,-0.009415182,12679.17,12.25,10.00045,6796.298,604.255,0,0.5742668,0.5745633,-0.000296505,0.000184058,0.1116637,33.89465,9793.331,340234.6,6949.133,12679.17,59.68725,60.17424,59.66036,78.54546,0,0,13798.08,12679.17
0.5745173,-0.5745567,78.54707,-0.009416869,12679.17,12.25,10.00045,6796.298,604.2454,0,0.5742664,0.5745567,-0.000290271,0.000184058,0.1116637,33.90073,9821.03,340206.9,6949.132,12679.17,59.68725,60.17424,59.66036,78.54546,0,0,13798.08,12679.17
0.5745271,-0.5745473,78.54707,-0.009415006,12679.17,12.25,10.00045,6796.3,604.2365,0,0.5742661,0.5745473,-0.000281157,0.000184058,0.1116637,33.89402,9719.483,340308.4,6949.134,12679.17,59.68725,60.17424,59.66036,78.54546,0,0,13798.08,12679.17
0.5745392,-0.574541,78.54707,-0.009413783,12679.17,12.25,10.00045,6796.3,604.2297,0,0.5742665,0.574541,-0.000274508,0.000184058,0.1116637,33.88962,9740.252,340287.7,6949.134,12679.17,59.68725,60.17424,59.66036,78.54546,0,0,13798.08,12679.17
0.5745355,-0.5745404,78.54707,-0.009413624,12679.17,12.25,10.00045,6796.3,604.2203,0,0.5742666,0.5745404,-0.000273816,0.000184058,0.1116637,33.88905,9767.942,340260,6949.134,12679.17,59.68725,60.17424,59.66036,78.54546,0,0,13798.08,12679.17
0.5745181,-0.5745385,78.54707,-0.009414598,12679.17,12.25,10.00045,6796.3,604.2109,0,0.5742664,0.5745385,-0.000272079,0.000184058,0.1116637,33.89256,9795.635,340232.3,6949.134,12679.17,59.68725,60.17424,59.66036,78.54546,0,0,13798.08,12679.17
0.5744941,-0.5745324,78.54707,-0.009416377,12679.18,12.25,10.00045,6796.302,604.202,0,0.574266,0.5745324,-0.000266399,0.000184058,0.1116637,33.89896,9698.711,340204.6,6949.133,12679.18,59.68725,60.17424,59.66036,78.54546,0,0,13798.08,12679.18
0.5745093,-0.5745262,78.54707,-0.009414085,12679.18,12.25,10.00045,6796.302,604.1957,0,0.5742658,0.5745262,-0.000260367,0.000184058,0.1116637,33.89071,9719.482,340308.4,6949.135,12679.18,59.68725,60.17424,59.66036,78.54546,0,0,13798.08,12679.18
0.5745209,-0.5745203,78.54707,-0.009412717,12679.18,12.25,10.00045,6796.302,604.1877,0,0.5742648,0.5745203,-0.000255606,0.000184058,0.1116637,33.88578,9744.864,340283.1,6949.135,12679.18,59.68725,60.17424,59.66036,78.54546,0,0,13798.08,12679.18
0.5745144,-0.5745206,78.54707,-0.009412852,12679.18,12.25,10.00045,6796.302,604.1791,0,0.5742663,0.5745206,-0.000254328,0.000184058,0.1116637,33.88627,9772.553,340255.4,6949.135,12679.18,59.68725,60.17424,59.66036,78.54546,0,0,13798.08,12679.18
0.5745007,-0.5745192,78.54707,-0.009413647,12679.18,12.25,10.00045,6796.302,604.1725,0,0.5742661,0.5745192,-0.000253108,0.000184058,0.1116637,33.88913,9793.32,340234.6,6949.135,12679.18,59.68725,60.17424,59.66036,78.54546,0,0,13798.08,12679.18
0.5744771,-0.5745136,78.54707,-0.009415389,12679.18,12.25,10.00045,6796.302,604.1642,0,0.5742657,0.5745136,-0.00024789,0.000184058,0.1116637,33.8954,9821.015,340206.9,6949.135,12679.18,59.68725,60.17424,59.66036,78.54546,0,0,13798.08,12679.18
0.5744871,-0.5745048,78.54707,-0.009413567,12679.19,12.25,10.00045,6796.305,604.1567,0,0.5742654,0.5745048,-0.000239456,0.000184058,0.1116637,33.88884,9719.484,340308.4,6949.137,12679.19,59.68725,60.17424,59.66036,78.54546,0,0,13798.08,12679.19
0.5745006,-0.5744987,78.54707,-0.009412198,12679.19,12.25,10.00045,6796.305,604.149,0,0.5742658,0.5744987,-0.000232938,0.000184058,0.1116637,33.88391,9747.172,340280.8,6949.137,12679.19,59.68725,60.17424,59.66036,78.54546,0,0,13798.08,12679.19
0.5744931,-0.574499,78.54707,-0.009412392,12679.19,12.25,10.00045,6796.305,604.1408,0,0.5742658,0.574499,-0.00023311,0.000184058,0.1116637,33.88461,9774.858,340253.1,6949.137,12679.19,59.68725,60.17424,59.66036,78.54546,0,0,13798.08,12679.19
0.5744742,-0.5744966,78.54707,-0.009413613,12679.19,12.25,10.00045,6796.305,604.1328,0,0.5742655,0.5744966,-0.00023107,0.000184058,0.1116637,33.88901,9802.548,340225.4,6949.137,12679.19,59.68725,60.17424,59.66036,78.54546,0,0,13798.08,12679.19
0.5744563,-0.5744921,78.54707,-0.009415028,12679.19,12.25,10.00045,6796.307,604.1272,0,0.5742652,0.5744921,-0.000226837,0.000184058,0.1116637,33.8941,9696.406,340204.6,6949.136,12679.19,59.68725,60.17424,59.66036,78.54546,0,0,13798.08,12679.19
0.574479,-0.574484,78.54707,-0.009412143,12679.19,12.25,10.00045,6796.307,604.1207,0,0.5742652,0.574484,-0.000218832,0.000184058,0.1116637,33.88372,9724.098,340303.8,6949.138,12679.19,59.68725,60.17424,59.66036,78.54546,0,0,13798.08,12679.19
0.5744861,-0.5744823,78.54707,-0.009411204,12679.19,12.25,10.00045,6796.307,604.1134,0,0.5742655,0.5744823,-0.000216685,0.000184058,0.1116637,33.88033,9751.781,340276.2,6949.138,12679.19,59.68725,60.17424,59.66036,78.54546,0,0,13798.08,12679.19
0.5744748,-0.5744827,78.54707,-0.009411644,12679.19,12.25,10.00045,6796.307,604.1057,0,0.5742655,0.5744827,-0.000217212,0.000184058,0.1116637,33.88192,9779.466,340248.5,6949.138,12679.19,59.68725,60.17424,59.66036,78.54546,0,0,13798.08,12679.19
0.5744542,-0.5744798,78.54707,-0.009413012,12679.19,12.25,10.00045,6796.307,604.0983,0,0.5742652,0.5744798,-0.000214585,0.000184058,0.1116637,33.88684,9807.153,340220.8,6949.138,12679.19,59.68725,60.17424,59.66036,78.54546,0,0,13798.08,12679.19
0.5744358,-0.5744746,78.54707,-0.0094145,12679.2,12.25,10.00045,6796.309,604.0932,0,0.5742648,0.5744746,-0.000209781,0.000184058,0.1116637,33.8922,9698.717,340200,6949.138,12679.2,59.68725,60.17424,59.66036,78.54546,0,0,13798.08,12679.2
0.5744585,-0.574465,78.54707,-0.009411608,12679.2,12.25,10.00045,6796.309,604.0869,0,0.5742648,0.574465,-0.000200219,0.000184058,0.1116637,33.88179,9726.405,340301.6,6949.14,12679.2,59.68725,60.17424,59.66036,78.54546,0,0,13798.08,12679.2
0.5744665,-0.574463,78.54707,-0.009410691,12679.2,12.25,10.00045,6796.309,604.0803,0,0.5742652,0.574463,-0.000197748,0.000184058,0.1116637,33.87849,9754.088,340273.9,6949.14,12679.2,59.68725,60.17424,59.66036,78.54546,0,0,13798.08,12679.2
0.574456,-0.5744634,78.54707,-0.009411182,12679.2,12.25,10.00045,6796.309,604.0732,0,0.5742651,0.5744634,-0.000198262,0.000184058,0.1116637,33.88025,9781.771,340246.2,6949.14,12679.2,59.68725,60.17424,59.66036,78.54546,0,0,13798.08,12679.2
0.5744352,-0.5744608,78.54707,-0.009412538,12679.2,12.25,10.00045,6796.309,604.067,0,0.5742648,0.5744608,-0.00019605,0.000184058,0.1116637,33.88514,9807.15,340220.8,6949.14,12679.2,59.68725,60.17424,59.66036,78.54546,0,0,13798.08,12679.2
0.574419,-0.5744556,78.54707,-0.009413942,12679.2,12.25,10.00045,6796.312,604.0624,0,0.5742645,0.5744556,-0.000191096,0.000184058,0.1116637,33.89019,9698.719,340200.1,6949.139,12679.2,59.68725,60.17424,59.66036,78.54546,0,0,13798.08,12679.2
0.5744429,-0.5744466,78.54707,-0.009411081,12679.2,12.25,10.00045,6796.312,604.0568,0,0.5742645,0.5744466,-0.000182136,0.000184058,0.1116637,33.87989,9726.406,340301.6,6949.142,12679.2,59.68725,60.17424,59.66036,78.54546,0,0,13798.08,12679.2
0.5744514,-0.5744452,78.54707,-0.009410202,12679.2,12.25,10.00045,6796.312,604.0507,0,0.5742649,0.5744452,-0.000180336,0.000184058,0.1116637,33.87673,9754.087,340273.9,6949.142,12679.2,59.68725,60.17424,59.66036,78.54546,0,0,13798.08,12679.2
0.5744412,-0.5744463,78.54707,-0.009410726,12679.2,12.25,10.00045,6796.312,604.0442,0,0.5742648,0.5744463,-0.000181461,0.000184058,0.1116637,33.87861,9781.769,340246.2,6949.142,12679.2,59.68725,60.17424,59.66036,78.54546,0,0,13798.08,12679.2
0.5744213,-0.5744441,78.54707,-0.00941219,12679.2,12.25,10.00045,6796.312,604.038,0,0.5742645,0.5744441,-0.000179516,0.000184058,0.1116637,33.88388,9809.453,340218.5,6949.142,12679.2,59.68725,60.17424,59.66036,78.54546,0,0,13798.08,12679.2
0.574426,-0.5744362,78.54707,-0.009410943,12679.21,12.25,10.00045,6796.314,604.0311,0,0.5742642,0.5744362,-0.00017209,0.000184058,0.1116637,33.87939,9719.485,340308.5,6949.144,12679.21,59.68725,60.17424,59.66036,78.54546,0,0,13798.08,12679.21
0.5744383,-0.5744318,78.54707,-0.009409825,12679.21,12.25,10.00045,6796.314,604.0269,0,0.5742645,0.5744318,-0.000167307,0.000184058,0.1116637,33.87537,9740.245,340287.7,6949.144,12679.21,59.68725,60.17424,59.66036,78.54546,0,0,13798.08,12679.21
0.5744325,-0.5744334,78.54707,-0.009409864,12679.21,12.25,10.00045,6796.314,604.0198,0,0.5742646,0.5744334,-0.00016878,0.000184058,0.1116637,33.87551,9772.537,340255.4,6949.144,12679.21,59.68725,60.17424,59.66036,78.54546,0,0,13798.08,12679.21
0.5744154,-0.5744323,78.54707,-0.009411057,12679.21,12.25,10.00045,6796.314,604.014,0,0.5742644,0.5744323,-0.000167848,0.000184058,0.1116637,33.87981,9800.22,340227.8,6949.144,12679.21,59.68725,60.17424,59.66036,78.54546,0,0,13798.08,12679.21
0.5743986,-0.5744287,78.54707,-0.009412457,12679.21,12.25,10.00045,6796.314,604.0099,0,0.5742641,0.5744287,-0.000164625,0.000184058,0.1116637,33.88485,9820.984,340207,6949.143,12679.21,59.68725,60.17424,59.66036,78.54546,0,0,13798.08,12679.21
0.5744101,-0.5744215,78.54707,-0.00941068,12679.21,12.25,10.00045,6796.316,604.0051,0,0.5742638,0.5744215,-0.000157706,0.000184058,0.1116637,33.87845,9719.486,340308.5,6949.145,12679.21,59.68725,60.17424,59.66036,78.54546,0,0,13798.08,12679.21
0.5744251,-0.574417,78.54707,-0.009409359,12679.21,12.25,10.00045,6796.316,604,0,0.5742643,0.574417,-0.000152701,0.000184058,0.1116637,33.87369,9747.166,340280.8,6949.145,12679.21,59.68725,60.17424,59.66036,78.54546,0,0,13798.08,12679.21
0.574419,-0.5744187,78.54707,-0.009409602,12679.21,12.25,10.00045,6796.316,603.9944,0,0.5742643,0.5744187,-0.000154355,0.000184058,0.1116637,33.87457,9774.844,340253.1,6949.146,12679.21,59.68725,60.17424,59.66036,78.54546,0,0,13798.08,12679.21
0.5744014,-0.5744179,78.54707,-0.009410871,12679.21,12.25,10.00045,6796.316,603.989,0,0.5742641,0.5744179,-0.000153762,0.000184058,0.1116637,33.87914,9802.524,340225.4,6949.145,12679.21,59.68725,60.17424,59.66036,78.54546,0,0,13798.08,12679.21
0.5743878,-0.5744127,78.54707,-0.009411456,12679.22,12.25,10.00045,6796.318,603.9841,0,0.5742637,0.5744127,-0.000148987,0.000184058,0.1116637,33.88124,9705.646,340322.3,6949.145,12679.22,59.68725,60.17424,59.66036,78.54546,0,0,13798.08,12679.22
0.5744125,-0.5744061,78.54707,-0.009409175,12679.22,12.25,10.00045,6796.318,603.9799,0,0.5742631,0.5744061,-0.000142971,0.000184058,0.1116637,33.87303,9731.019,340296.9,6949.147,12679.22,59.68725,60.17424,59.66036,78.54546,0,0,13798.08,12679.22
0.5744157,-0.5744075,78.54707,-0.009408695,12679.22,12.25,10.00045,6796.318,603.9749,0,0.5742642,0.5744075,-0.000143297,0.000184058,0.1116637,33.8713,9758.695,340269.3,6949.147,12679.22,59.68725,60.17424,59.66036,78.54546,0,0,13798.08,12679.22
0.5744067,-0.5744088,78.54707,-0.009409178,12679.22,12.25,10.00045,6796.318,603.9709,0,0.5742642,0.5744088,-0.000144653,0.000184058,0.1116637,33.87304,9779.453,340248.5,6949.147,12679.22,59.68725,60.17424,59.66036,78.54546,0,0,13798.08,12679.22
0.5743873,-0.5744073,78.54707,-0.009410614,12679.22,12.25,10.00045,6796.318,603.9659,0,0.5742639,0.5744073,-0.000143398,0.000184058,0.1116637,33.87821,9807.133,340220.8,6949.147,12679.22,59.68725,60.17424,59.66036,78.54546,0,0,13798.08,12679.22
0.5743734,-0.5744012,78.54707,-0.00941126,12679.22,12.25,10.00045,6796.321,603.9615,0,0.5742635,0.5744012,-0.000137767,0.000184058,0.1116637,33.88054,9705.647,340322.3,6949.146,12679.22,59.68725,60.17424,59.66036,78.54546,0,0,13798.08,12679.22
0.5743981,-0.5743936,78.54707,-0.009408944,12679.22,12.25,10.00045,6796.321,603.9575,0,0.5742636,0.5743936,-0.000129968,0.000184058,0.1116637,33.8722,9733.326,340294.7,6949.149,12679.22,59.68725,60.17424,59.66036,78.54546,0,0,13798.08,12679.22
0.5744017,-0.5743945,78.54707,-0.0094085,12679.22,12.25,10.00045,6796.321,603.9529,0,0.5742639,0.5743945,-0.000130602,0.000184058,0.1116637,33.8706,9761.002,340267,6949.149,12679.22,59.68725,60.17424,59.66036,78.54546,0,0,13798.08,12679.22
0.5743891,-0.5743957,78.54707,-0.00940931,12679.22,12.25,10.00045,6796.321,603.9482,0,0.5742638,0.5743957,-0.000131838,0.000184058,0.1116637,33.87352,9788.679,340239.3,6949.149,12679.22,59.68725,60.17424,59.66036,78.54546,0,0,13798.08,12679.22
0.5743686,-0.574393,78.54707,-0.009410986,12679.22,12.25,10.00045,6796.321,603.9437,0,0.5742635,0.574393,-0.000129492,0.000184058,0.1116637,33.87955,9814.053,340211.6,6949.149,12679.22,59.68725,60.17424,59.66036,78.54546,0,0,13798.08,12679.22
0.5743672,-0.5743254,78.54707,-0.009410334,12679.23,12.25,10.00045,6796.323,603.9402,0,0.574263,0.5743254,-6.24E-05,0.000184058,0.1116637,33.8772,9712.569,340315.4,6949.151,12679.23,59.68725,60.17424,59.66036,78.54546,0,0,13798.08,12679.23
0.5743898,-0.5743805,78.54707,-0.009408508,12679.23,12.25,10.00045,6796.323,603.9366,0,0.5742635,0.5743805,-0.000116954,0.000184058,0.1116637,33.87063,9740.247,340287.7,6949.151,12679.23,59.68725,60.17424,59.66036,78.54546,0,0,13798.08,12679.23
0.5743865,-0.5743832,78.54707,-0.009408602,12679.23,12.25,10.00045,6796.323,603.9312,0,0.5742637,0.5743832,-0.000119467,0.000184058,0.1116637,33.87097,9774.841,340253.1,6949.151,12679.23,59.68725,60.17424,59.66036,78.54546,0,0,13798.08,12679.23
0.5743697,-0.5743831,78.54707,-0.009409886,12679.23,12.25,10.00045,6796.323,603.9269,0,0.5742635,0.5743831,-0.000119612,0.000184058,0.1116637,33.87559,9802.519,340225.4,6949.151,12679.23,59.68725,60.17424,59.66036,78.54546,0,0,13798.08,12679.23
0.5743569,-0.5743787,78.54707,-0.009410487,12679.23,12.25,10.00045,6796.325,603.9231,0,0.5742631,0.5743787,-0.000115578,0.000184058,0.1116637,33.87775,9705.65,340322.3,6949.15,12679.23,59.68725,60.17424,59.66036,78.54546,0,0,13798.08,12679.23
0.5743806,-0.5743725,78.54707,-0.009408274,12679.23,12.25,10.00045,6796.325,603.9197,0,0.5742633,0.5743725,-0.000109212,0.000184058,0.1116637,33.86979,9733.327,340294.6,6949.153,12679.23,59.68725,60.17424,59.66036,78.54546,0,0,13798.08,12679.23
0.5743815,-0.5743749,78.54707,-0.009408,12679.23,12.25,10.00045,6796.325,603.9146,0,0.5742636,0.5743749,-0.000111327,0.000184058,0.1116637,33.8688,9767.919,340260,6949.153,12679.23,59.68725,60.17424,59.66036,78.54546,0,0,13798.08,12679.23
0.5743648,-0.5743757,78.54707,-0.009409018,12679.23,12.25,10.00045,6796.325,603.9106,0,0.5742628,0.5743757,-0.000112984,0.000184058,0.1116637,33.87246,9793.288,340234.7,6949.153,12679.23,59.68725,60.17424,59.66036,78.54546,0,0,13798.08,12679.23
0.5743455,-0.5743722,78.54707,-0.009410788,12679.23,12.25,10.00045,6796.325,603.9072,0,0.574263,0.5743722,-0.000109112,0.000184058,0.1116637,33.87884,9820.969,340207,6949.153,12679.23,59.68725,60.17424,59.66036,78.54546,0,0,13798.08,12679.23
0.5743586,-0.5743659,78.54707,-0.009409015,12679.24,12.25,10.00045,6796.328,603.9041,0,0.5742628,0.5743659,-0.000103066,0.000184058,0.1116637,33.87246,9719.49,340308.5,6949.155,12679.24,59.68725,60.17424,59.66036,78.54546,0,0,13798.08,12679.24
0.5743747,-0.5743623,78.54707,-0.009407708,12679.24,12.25,10.00045,6796.328,603.9009,0,0.5742633,0.5743623,-9.90E-05,0.000184058,0.1116637,33.86775,9747.165,340280.8,6949.156,12679.24,59.68725,60.17424,59.66036,78.54546,0,0,13798.08,12679.24
0.5743695,-0.5743651,78.54707,-0.009407971,12679.24,12.25,10.00045,6796.328,603.8971,0,0.5742634,0.5743651,-0.000101715,0.000184058,0.1116637,33.8687,9774.838,340253.1,6949.156,12679.24,59.68725,60.17424,59.66036,78.54546,0,0,13798.08,12679.24
0.5743529,-0.5743653,78.54707,-0.009409263,12679.24,12.25,10.00045,6796.328,603.8933,0,0.5742632,0.5743653,-0.000102121,0.000184058,0.1116637,33.87334,9802.515,340225.4,6949.156,12679.24,59.68725,60.17424,59.66036,78.54546,0,0,13798.08,12679.24
0.5743366,-0.5743626,78.54707,-0.00941073,12679.24,12.25,10.00045,6796.33,603.8909,0,0.5742629,0.5743626,-9.97E-05,0.000184058,0.1116637,33.87863,9698.73,340204.7,6949.155,12679.24,59.68725,60.17424,59.66036,78.54546,0,0,13798.08,12679.24
0.5743604,-0.574356,78.54707,-0.009407944,12679.24,12.25,10.00045,6796.33,603.888,0,0.5742629,0.574356,-9.32E-05,0.000184058,0.1116637,33.8686,9726.409,340308.3,6949.158,12679.24,59.68725,60.17424,59.66036,78.54546,0,0,13798.08,12679.24
0.5743701,-0.5743566,78.54707,-0.009407151,12679.24,12.25,10.00045,6796.33,603.8848,0,0.5742642,0.5743566,-9.24E-05,0.000184058,0.1116637,33.86574,9751.774,340276.2,6949.158,12679.24,59.68725,60.17424,59.66036,78.54546,0,0,13798.08,12679.24
0.5743606,-0.5743589,78.54707,-0.009407659,12679.24,12.25,10.00045,6796.33,603.8813,0,0.5742632,0.5743589,-9.57E-05,0.000184058,0.1116637,33.86757,9779.447,340248.5,6949.158,12679.24,59.68725,60.17424,59.66036,78.54546,0,0,13798.08,12679.24
0.5743369,-0.5743575,78.54707,-0.009409589,12679.24,12.25,10.00045,6796.33,603.8771,0,0.5742629,0.5743575,-9.46E-05,0.000184058,0.1116637,33.87452,9814.042,340213.9,6949.158,12679.24,59.68725,60.17424,59.66036,78.54546,0,0,13798.08,12679.24
0.5743365,-0.5742906,78.54707,-0.009409008,12679.25,12.25,10.00045,6796.333,603.8745,0,0.5742624,0.5742906,-2.81E-05,0.000184058,0.1116637,33.87243,9712.573,340315.4,6949.16,12679.25,59.68725,60.17424,59.66036,78.54546,0,0,13798.08,12679.25
0.5743582,-0.5743465,78.54707,-0.009407231,12679.25,12.25,10.00045,6796.333,603.8719,0,0.5742629,0.5743465,-8.37E-05,0.000184058,0.1116637,33.86603,9740.246,340287.7,6949.16,12679.25,59.68725,60.17424,59.66036,78.54546,0,0,13798.08,12679.25
0.5743576,-0.5743493,78.54707,-0.00940718,12679.25,12.25,10.00045,6796.333,603.8687,0,0.5742631,0.5743493,-8.62E-05,0.000184058,0.1116637,33.86585,9767.917,340260,6949.16,12679.25,59.68725,60.17424,59.66036,78.54546,0,0,13798.08,12679.25
0.5743431,-0.5743505,78.54707,-0.009408258,12679.25,12.25,10.00045,6796.333,603.8654,0,0.574263,0.5743505,-8.76E-05,0.000184058,0.1116637,33.86973,9795.591,340232.3,6949.16,12679.25,59.68725,60.17424,59.66036,78.54546,0,0,13798.08,12679.25
0.5743222,-0.5743476,78.54707,-0.009410135,12679.25,12.25,10.00045,6796.334,603.8625,0,0.5742626,0.5743476,-8.50E-05,0.000184058,0.1116637,33.87649,9698.733,340204.7,6949.16,12679.25,59.68725,60.17424,59.66036,78.54546,0,0,13798.08,12679.25
0.574348,-0.5743417,78.54707,-0.009407387,12679.25,12.25,10.00045,6796.334,603.8602,0,0.5742621,0.5743417,-7.96E-05,0.000184058,0.1116637,33.86659,9724.104,340303.8,6949.163,12679.25,59.68725,60.17424,59.66036,78.54546,0,0,13798.08,12679.25
0.5743571,-0.5743425,78.54707,-0.009406533,12679.25,12.25,10.00045,6796.334,603.8575,0,0.574263,0.5743425,-7.95E-05,0.000184058,0.1116637,33.86352,9751.773,340276.2,6949.163,12679.25,59.68725,60.17424,59.66036,78.54546,0,0,13798.08,12679.25
0.5743437,-0.5743458,78.54707,-0.009407355,12679.25,12.25,10.00045,6796.334,603.8535,0,0.5742629,0.5743458,-8.29E-05,0.000184058,0.1116637,33.86648,9786.362,340241.6,6949.163,12679.25,59.68725,60.17424,59.66036,78.54546,0,0,13798.08,12679.25
0.5743182,-0.5743431,78.54707,-0.009409525,12679.25,12.25,10.00045,6796.334,603.85,0,0.5742625,0.5743431,-8.06E-05,0.000184058,0.1116637,33.87429,9820.957,340207,6949.163,12679.25,59.68725,60.17424,59.66036,78.54546,0,0,13798.08,12679.25
0.5743308,-0.5743371,78.54707,-0.009407789,12679.26,12.25,10.00045,6796.337,603.8478,0,0.5742623,0.5743371,-7.49E-05,0.000184058,0.1116637,33.86804,9719.493,340308.4,6949.165,12679.26,59.68725,60.17424,59.66036,78.54546,0,0,13798.08,12679.26
0.574347,-0.5743338,78.54707,-0.009406502,12679.26,12.25,10.00045,6796.337,603.8456,0,0.5742627,0.5743338,-7.11E-05,0.000184058,0.1116637,33.86341,9747.163,340280.8,6949.165,12679.26,59.68725,60.17424,59.66036,78.54546,0,0,13798.08,12679.26
0.5743421,-0.5743368,78.54707,-0.00940678,12679.26,12.25,10.00045,6796.337,603.8427,0,0.5742629,0.5743368,-7.39E-05,0.000184058,0.1116637,33.86441,9774.833,340253.1,6949.165,12679.26,59.68725,60.17424,59.66036,78.54546,0,0,13798.08,12679.26
0.5743259,-0.5743372,78.54707,-0.009408083,12679.26,12.25,10.00045,6796.337,603.8399,0,0.5742626,0.5743372,-7.46E-05,0.000184058,0.1116637,33.8691,9800.199,340225.4,6949.165,12679.26,59.68725,60.17424,59.66036,78.54546,0,0,13798.08,12679.26
0.574304,-0.5743333,78.54707,-0.009410028,12679.26,12.25,10.00045,6796.339,603.8378,0,0.5742622,0.5743333,-7.11E-05,0.000184058,0.1116637,33.8761,9698.736,340200.1,6949.165,12679.26,59.68725,60.17424,59.66036,78.54546,0,0,13798.08,12679.26
0.5743303,-0.574326,78.54707,-0.009407209,12679.26,12.25,10.00045,6796.339,603.8361,0,0.5742623,0.574326,-6.38E-05,0.000184058,0.1116637,33.86595,9726.412,340301.5,6949.167,12679.26,59.68725,60.17424,59.66036,78.54546,0,0,13798.08,12679.26
0.5743412,-0.5743266,78.54707,-0.009406378,12679.26,12.25,10.00045,6796.339,603.8339,0,0.5742627,0.5743266,-6.39E-05,0.000184058,0.1116637,33.86296,9754.082,340273.8,6949.167,12679.26,59.68725,60.17424,59.66036,78.54546,0,0,13798.08,12679.26
0.5743331,-0.5743298,78.54707,-0.009406959,12679.26,12.25,10.00045,6796.339,603.8312,0,0.5742627,0.5743298,-6.71E-05,0.000184058,0.1116637,33.86505,9781.752,340246.2,6949.167,12679.26,59.68725,60.17424,59.66036,78.54546,0,0,13798.08,12679.26
0.5743153,-0.5743296,78.54707,-0.009408482,12679.26,12.25,10.00045,6796.339,603.8287,0,0.5742624,0.5743296,-6.71E-05,0.000184058,0.1116637,33.87054,9809.426,340218.5,6949.167,12679.26,59.68725,60.17424,59.66036,78.54546,0,0,13798.08,12679.26
0.5743223,-0.5743243,78.54707,-0.009407313,12679.27,12.25,10.00045,6796.342,603.8264,0,0.5742621,0.5743243,-6.22E-05,0.000184058,0.1116637,33.86633,9719.494,340308.4,6949.169,12679.27,59.68725,60.17424,59.66036,78.54546,0,0,13798.08,12679.27
0.5743375,-0.574322,78.54707,-0.00940611,12679.27,12.25,10.00045,6796.342,603.8243,0,0.5742626,0.574322,-5.95E-05,0.000184058,0.1116637,33.862,9747.163,340280.8,6949.169,12679.27,59.68725,60.17424,59.66036,78.54546,0,0,13798.08,12679.27
0.5743319,-0.5743256,78.54707,-0.009406402,12679.27,12.25,10.00045,6796.342,603.8218,0,0.5742633,0.5743256,-6.22E-05,0.000184058,0.1116637,33.86304,9772.526,340255.4,6949.17,12679.27,59.68725,60.17424,59.66036,78.54546,0,0,13798.08,12679.27
0.5743116,-0.5743254,78.54707,-0.009408061,12679.27,12.25,10.00045,6796.342,603.819,0,0.5742623,0.5743254,-6.31E-05,0.000184058,0.1116637,33.86902,9807.116,340220.8,6949.17,12679.27,59.68725,60.17424,59.66036,78.54546,0,0,13798.08,12679.27
0.5742997,-0.5743209,78.54707,-0.009408728,12679.27,12.25,10.00045,6796.344,603.8172,0,0.574262,0.5743209,-5.90E-05,0.000184058,0.1116637,33.87142,9705.659,340322.3,6949.169,12679.27,59.68725,60.17424,59.66036,78.54546,0,0,13798.08,12679.27
0.5743261,-0.574315,78.54707,-0.009406447,12679.27,12.25,10.00045,6796.344,603.8157,0,0.5742622,0.574315,-5.28E-05,0.000184058,0.1116637,33.86321,9733.331,340294.6,6949.172,12679.27,59.68725,60.17424,59.66036,78.54546,0,0,13798.08,12679.27
0.574331,-0.5743175,78.54707,-0.009406044,12679.27,12.25,10.00045,6796.344,603.8137,0,0.5742626,0.5743175,-5.50E-05,0.000184058,0.1116637,33.86176,9760.999,340266.9,6949.172,12679.27,59.68725,60.17424,59.66036,78.54546,0,0,13798.08,12679.27
0.5743198,-0.5743202,78.54707,-0.009406896,12679.27,12.25,10.00045,6796.344,603.8113,0,0.5742624,0.5743202,-5.77E-05,0.000184058,0.1116637,33.86483,9788.668,340239.3,6949.172,12679.27,59.68725,60.17424,59.66036,78.54546,0,0,13798.08,12679.27
0.5743005,-0.574319,78.54707,-0.009408614,12679.27,12.25,10.00045,6796.344,603.8093,0,0.5742621,0.574319,-5.68E-05,0.000184058,0.1116637,33.87101,9816.343,340211.6,6949.172,12679.27,59.68725,60.17424,59.66036,78.54546,0,0,13798.08,12679.27
0.5743191,-0.5743122,78.54707,-0.00940647,12679.28,12.25,10.00045,6796.346,603.8074,0,0.574262,0.5743122,-5.01E-05,0.000184058,0.1116637,33.86329,9726.413,340301.5,6949.174,12679.28,59.68725,60.17424,59.66036,78.54546,0,0,13798.08,12679.28
0.57433,-0.5743132,78.54707,-0.009405643,12679.28,12.25,10.00045,6796.346,603.8057,0,0.5742624,0.5743132,-5.07E-05,0.000184058,0.1116637,33.86031,9751.774,340276.1,6949.175,12679.28,59.68725,60.17424,59.66036,78.54546,0,0,13798.08,12679.28
0.5743178,-0.5743172,78.54707,-0.00940648,12679.28,12.25,10.00045,6796.346,603.8029,0,0.5742624,0.5743172,-5.48E-05,0.000184058,0.1116637,33.86333,9786.359,340241.5,6949.175,12679.28,59.68725,60.17424,59.66036,78.54546,0,0,13798.08,12679.28
0.574293,-0.5743152,78.54707,-0.009408679,12679.28,12.25,10.00045,6796.346,603.8005,0,0.574262,0.5743152,-5.32E-05,0.000184058,0.1116637,33.87125,9820.951,340206.9,6949.175,12679.28,59.68725,60.17424,59.66036,78.54546,0,0,13798.08,12679.28
0.5743127,-0.5743073,78.54707,-0.009406469,12679.28,12.25,10.00045,6796.349,603.799,0,0.5742619,0.5743073,-4.54E-05,0.000184058,0.1116637,33.86329,9726.414,340301.5,6949.177,12679.28,59.68725,60.17424,59.66036,78.54546,0,0,13798.08,12679.28
0.5743233,-0.5743081,78.54707,-0.009405663,12679.28,12.25,10.00045,6796.349,603.7973,0,0.5742623,0.5743081,-4.58E-05,0.000184058,0.1116637,33.86039,9754.082,340273.8,6949.177,12679.28,59.68725,60.17424,59.66036,78.54546,0,0,13798.08,12679.28
0.5743114,-0.5743117,78.54707,-0.009406562,12679.28,12.25,10.00045,6796.349,603.7947,0,0.5742623,0.5743117,-4.95E-05,0.000184058,0.1116637,33.86362,9788.667,340239.2,6949.177,12679.28,59.68725,60.17424,59.66036,78.54546,0,0,13798.08,12679.28
0.5742923,-0.5743106,78.54707,-0.009408283,12679.28,12.25,10.00045,6796.349,603.793,0,0.574262,0.5743106,-4.86E-05,0.000184058,0.1116637,33.86982,9816.34,340211.6,6949.177,12679.28,59.68725,60.17424,59.66036,78.54546,0,0,13798.08,12679.28
0.5743127,-0.5743045,78.54707,-0.00940604,12679.29,12.25,10.00045,6796.351,603.7916,0,0.5742619,0.5743045,-4.26E-05,0.000184058,0.1116637,33.86175,9724.107,340303.8,6949.18,12679.29,59.68725,60.17424,59.66036,78.54546,0,0,13798.08,12679.29
0.5743225,-0.574306,78.54707,-0.009405201,12679.29,12.25,10.00045,6796.351,603.7899,0,0.5742623,0.574306,-4.36E-05,0.000184058,0.1116637,33.85873,9751.773,340276.1,6949.18,12679.29,59.68725,60.17424,59.66036,78.54546,0,0,13798.08,12679.29
0.5743139,-0.5743095,78.54707,-0.009405739,12679.29,12.25,10.00045,6796.351,603.7879,0,0.5742623,0.5743095,-4.71E-05,0.000184058,0.1116637,33.86066,9779.44,340248.4,6949.18,12679.29,59.68725,60.17424,59.66036,78.54546,0,0,13798.08,12679.29
0.5742908,-0.5743088,78.54707,-0.00940768,12679.29,12.25,10.00045,6796.351,603.7856,0,0.574262,0.5743088,-4.69E-05,0.000184058,0.1116637,33.86765,9814.028,340213.8,6949.18,12679.29,59.68725,60.17424,59.66036,78.54546,0,0,13798.08,12679.29
0.5742911,-0.5742425,78.54707,-0.009407104,12679.29,12.25,10.00045,6796.353,603.7845,0,0.5742615,0.5742425,1.90E-05,0.000184058,0.1116637,33.86557,9712.581,340315.3,6949.182,12679.29,59.68725,60.17424,59.66036,78.54546,0,0,13798.08,12679.29
0.5743135,-0.5742992,78.54707,-0.009405333,12679.29,12.25,10.00045,6796.353,603.7835,0,0.574262,0.5742992,-3.71E-05,0.000184058,0.1116637,33.8592,9740.248,340287.6,6949.182,12679.29,59.68725,60.17424,59.66036,78.54546,0,0,13798.08,12679.29
0.5743111,-0.5743033,78.54707,-0.009405473,12679.29,12.25,10.00045,6796.353,603.7814,0,0.5742623,0.5743033,-4.11E-05,0.000184058,0.1116637,33.8597,9774.83,340253,6949.183,12679.29,59.68725,60.17424,59.66036,78.54546,0,0,13798.08,12679.29
0.5742942,-0.5743043,78.54707,-0.009406734,12679.29,12.25,10.00045,6796.353,603.7797,0,0.5742618,0.5743043,-4.26E-05,0.000184058,0.1116637,33.86424,9800.193,340227.7,6949.183,12679.29,59.68725,60.17424,59.66036,78.54546,0,0,13798.08,12679.29
0.5742792,-0.5742993,78.54707,-0.00940782,12679.3,12.25,10.00045,6796.355,603.7784,0,0.5742615,0.5742993,-3.78E-05,0.000184058,0.1116637,33.86815,9705.664,340322.2,6949.182,12679.3,59.68725,60.17424,59.66036,78.54546,0,0,13798.08,12679.3
0.5743064,-0.5742937,78.54707,-0.009405544,12679.3,12.25,10.00045,6796.355,603.7776,0,0.5742618,0.5742937,-3.19E-05,0.000184058,0.1116637,33.85996,9733.333,340294.5,6949.185,12679.3,59.68725,60.17424,59.66036,78.54546,0,0,13798.08,12679.3
0.5743119,-0.5742967,78.54707,-0.009405154,12679.3,12.25,10.00045,6796.355,603.7762,0,0.5742621,0.5742967,-3.45E-05,0.000184058,0.1116637,33.85855,9760.998,340266.8,6949.185,12679.3,59.68725,60.17424,59.66036,78.54546,0,0,13798.08,12679.3
0.5742969,-0.5742999,78.54707,-0.009406386,12679.3,12.25,10.00045,6796.355,603.7741,0,0.574262,0.5742999,-3.79E-05,0.000184058,0.1116637,33.86299,9795.583,340232.3,6949.185,12679.3,59.68725,60.17424,59.66036,78.54546,0,0,13798.08,12679.3
0.5742807,-0.5742969,78.54707,-0.009407452,12679.3,12.25,10.00045,6796.358,603.7726,0,0.5742616,0.5742969,-3.53E-05,0.000184058,0.1116637,33.86683,9705.665,340322.2,6949.185,12679.3,59.68725,60.17424,59.66036,78.54546,0,0,13798.08,12679.3
0.5743089,-0.5742924,78.54707,-0.009405058,12679.3,12.25,10.00045,6796.358,603.7715,0,0.574262,0.5742924,-3.04E-05,0.000184058,0.1116637,33.85821,9740.249,340287.6,6949.188,12679.3,59.68725,60.17424,59.66036,78.54546,0,0,13798.08,12679.3
0.5743082,-0.5742958,78.54707,-0.009405027,12679.3,12.25,10.00045,6796.358,603.7701,0,0.5742618,0.5742958,-3.40E-05,0.000184058,0.1116637,33.8581,9765.608,340262.3,6949.188,12679.3,59.68725,60.17424,59.66036,78.54546,0,0,13798.08,12679.3
0.5742911,-0.5742981,78.54707,-0.009406466,12679.3,12.25,10.00045,6796.358,603.7682,0,0.5742619,0.5742981,-3.62E-05,0.000184058,0.1116637,33.86328,9800.192,340227.7,6949.188,12679.3,59.68725,60.17424,59.66036,78.54546,0,0,13798.08,12679.3
0.5742703,-0.5742953,78.54707,-0.009408487,12679.31,12.25,10.00045,6796.36,603.7671,0,0.5742615,0.5742953,-3.37E-05,0.000184058,0.1116637,33.87056,9698.746,340200,6949.188,12679.31,59.68725,60.17424,59.66036,78.54546,0,0,13798.08,12679.31
0.5743046,-0.5742885,78.54707,-0.00940511,12679.31,12.25,10.00045,6796.36,603.7661,0,0.5742618,0.5742885,-2.67E-05,0.000184058,0.1116637,33.8584,9740.251,340287.6,6949.19,12679.31,59.68725,60.17424,59.66036,78.54546,0,0,13798.08,12679.31
0.5743024,-0.5742932,78.54707,-0.009405286,12679.31,12.25,10.00045,6796.36,603.7643,0,0.5742621,0.5742932,-3.11E-05,0.000184058,0.1116637,33.85903,9774.832,340253,6949.19,12679.31,59.68725,60.17424,59.66036,78.54546,0,0,13798.08,12679.31
0.5742869,-0.5742945,78.54707,-0.009406624,12679.31,12.25,10.00045,6796.36,603.7629,0,0.5742618,0.5742945,-3.27E-05,0.000184058,0.1116637,33.86385,9802.5,340225.3,6949.19,12679.31,59.68725,60.17424,59.66036,78.54546,0,0,13798.08,12679.31
0.5742823,-0.5742315,78.54707,-0.009406543,12679.32,12.25,10.00045,6796.362,603.7618,0,0.5742614,0.5742315,2.99E-05,0.000184058,0.1116637,33.86356,9712.584,340315.3,6949.192,12679.32,59.68725,60.17424,59.66036,78.54546,0,0,13798.08,12679.32
0.574306,-0.5742872,78.54707,-0.00940481,12679.32,12.25,10.00045,6796.362,603.7612,0,0.5742619,0.5742872,-2.54E-05,0.000184058,0.1116637,33.85732,9737.944,340289.9,6949.193,12679.32,59.68725,60.17424,59.66036,78.54546,0,0,13798.08,12679.32
0.5743027,-0.5742925,78.54707,-0.00940494,12679.32,12.25,10.00045,6796.362,603.7594,0,0.5742621,0.5742925,-3.04E-05,0.000184058,0.1116637,33.85778,9772.524,340255.3,6949.193,12679.32,59.68725,60.17424,59.66036,78.54546,0,0,13798.08,12679.32
0.5742868,-0.574294,78.54707,-0.009406233,12679.32,12.25,10.00045,6796.362,603.7579,0,0.5742618,0.574294,-3.21E-05,0.000184058,0.1116637,33.86244,9800.191,340227.6,6949.193,12679.32,59.68725,60.17424,59.66036,78.54546,0,0,13798.08,12679.32
0.5742698,-0.5742896,78.54707,-0.009407387,12679.32,12.25,10.00045,6796.365,603.7569,0,0.5742614,0.5742896,-2.82E-05,0.000184058,0.1116637,33.8666,9705.668,340322.2,6949.192,12679.32,59.68725,60.17424,59.66036,78.54546,0,0,13798.08,12679.32
0.5742998,-0.5742841,78.54707,-0.009404887,12679.32,12.25,10.00045,6796.365,603.7562,0,0.5742617,0.5742841,-2.24E-05,0.000184058,0.1116637,33.8576,9740.252,340287.6,6949.195,12679.32,59.68725,60.17424,59.66036,78.54546,0,0,13798.08,12679.32
0.5742976,-0.5742887,78.54707,-0.00940506,12679.32,12.25,10.00045,6796.365,603.7547,0,0.574262,0.5742887,-2.67E-05,0.000184058,0.1116637,33.85822,9774.832,340253,6949.196,12679.32,59.68725,60.17424,59.66036,78.54546,0,0,13798.08,12679.32
0.5742772,-0.5742896,78.54707,-0.009406853,12679.32,12.25,10.00045,6796.365,603.7532,0,0.5742617,0.5742896,-2.79E-05,0.000184058,0.1116637,33.86467,9807.111,340218.4,6949.196,12679.32,59.68725,60.17424,59.66036,78.54546,0,0,13798.08,12679.32
0.5742728,-0.5742229,78.54707,-0.009406736,12679.33,12.25,10.00045,6796.367,603.7526,0,0.5742612,0.5742229,3.82E-05,0.000184058,0.1116637,33.86425,9712.587,340315.2,6949.198,12679.33,59.68725,60.17424,59.66036,78.54546,0,0,13798.08,12679.33
0.5742967,-0.57428,78.54707,-0.009404975,12679.33,12.25,10.00045,6796.367,603.7522,0,0.5742617,0.57428,-1.83E-05,0.000184058,0.1116637,33.85791,9740.253,340287.5,6949.198,12679.33,59.68725,60.17424,59.66036,78.54546,0,0,13798.08,12679.33
0.5742953,-0.5742849,78.54707,-0.009405143,12679.33,12.25,10.00045,6796.367,603.7508,0,0.5742619,0.5742849,-2.30E-05,0.000184058,0.1116637,33.85851,9774.834,340253,6949.198,12679.33,59.68725,60.17424,59.66036,78.54546,0,0,13798.08,12679.33
0.57428,-0.5742865,78.54707,-0.009406481,12679.33,12.25,10.00045,6796.367,603.7496,0,0.5742617,0.5742865,-2.48E-05,0.000184058,0.1116637,33.86333,9802.502,340225.3,6949.198,12679.33,59.68725,60.17424,59.66036,78.54546,0,0,13798.08,12679.33
0.5742757,-0.5742238,78.54707,-0.009406406,12679.33,12.25,10.00045,6796.369,603.7488,0,0.5742612,0.5742238,3.74E-05,0.000184058,0.1116637,33.86306,9712.587,340315.2,6949.201,12679.33,59.68725,60.17424,59.66036,78.54546,0,0,13798.08,12679.33
0.5742972,-0.5742795,78.54707,-0.009404748,12679.33,12.25,10.00045,6796.369,603.7484,0,0.5742617,0.5742795,-1.79E-05,0.000184058,0.1116637,33.85709,9740.253,340287.5,6949.201,12679.33,59.68725,60.17424,59.66036,78.54546,0,0,13798.08,12679.33
0.5742968,-0.5742837,78.54707,-0.00940477,12679.33,12.25,10.00045,6796.369,603.7473,0,0.5742619,0.5742837,-2.17E-05,0.000184058,0.1116637,33.85717,9767.917,340259.9,6949.201,12679.33,59.68725,60.17424,59.66036,78.54546,0,0,13798.08,12679.33
0.5742829,-0.5742857,78.54707,-0.009405815,12679.33,12.25,10.00045,6796.369,603.7461,0,0.5742617,0.5742857,-2.40E-05,0.000184058,0.1116637,33.86093,9793.277,340234.5,6949.201,12679.33,59.68725,60.17424,59.66036,78.54546,0,0,13798.08,12679.33
0.5742587,-0.5742829,78.54707,-0.009408202,12679.34,12.25,10.00045,6796.372,603.7452,0,0.5742613,0.5742829,-2.15E-05,0.000184058,0.1116637,33.86953,9698.752,340199.9,6949.201,12679.34,59.68725,60.17424,59.66036,78.54546,0,0,13798.08,12679.34
0.574285,-0.5742768,78.54707,-0.009405427,12679.34,12.25,10.00045,6796.372,603.7451,0,0.5742614,0.5742768,-1.55E-05,0.000184058,0.1116637,33.85954,9726.422,340301.3,6949.203,12679.34,59.68725,60.17424,59.66036,78.54546,0,0,13798.08,12679.34
0.5742963,-0.5742783,78.54707,-0.009404629,12679.34,12.25,10.00045,6796.372,603.7444,0,0.5742618,0.5742783,-1.65E-05,0.000184058,0.1116637,33.85666,9754.087,340273.7,6949.204,12679.34,59.68725,60.17424,59.66036,78.54546,0,0,13798.08,12679.34
0.5742851,-0.5742828,78.54707,-0.009405543,12679.34,12.25,10.00045,6796.372,603.743,0,0.5742618,0.5742828,-2.10E-05,0.000184058,0.1116637,33.85995,9788.668,340239.1,6949.204,12679.34,59.68725,60.17424,59.66036,78.54546,0,0,13798.08,12679.34
0.5742666,-0.5742823,78.54707,-0.009407279,12679.34,12.25,10.00045,6796.372,603.7421,0,0.5742615,0.5742823,-2.08E-05,0.000184058,0.1116637,33.86621,9816.338,340211.4,6949.204,12679.34,59.68725,60.17424,59.66036,78.54546,0,0,13798.08,12679.34
0.5742857,-0.5742763,78.54707,-0.00940516,12679.34,12.25,10.00045,6796.374,603.7418,0,0.5742614,0.5742763,-1.49E-05,0.000184058,0.1116637,33.85858,9726.422,340301.3,6949.206,12679.34,59.68725,60.17424,59.66036,78.54546,0,0,13798.08,12679.34
0.5742962,-0.5742788,78.54707,-0.009404403,12679.34,12.25,10.00045,6796.374,603.7408,0,0.5742618,0.5742788,-1.70E-05,0.000184058,0.1116637,33.85585,9758.696,340269.1,6949.206,12679.34,59.68725,60.17424,59.66036,78.54546,0,0,13798.08,12679.34
0.5742856,-0.5742824,78.54707,-0.009405223,12679.34,12.25,10.00045,6796.374,603.7397,0,0.5742618,0.5742824,-2.07E-05,0.000184058,0.1116637,33.8588,9786.36,340241.4,6949.207,12679.34,59.68725,60.17424,59.66036,78.54546,0,0,13798.08,12679.34
0.5742616,-0.5742813,78.54707,-0.00940744,12679.34,12.25,10.00045,6796.374,603.7386,0,0.5742614,0.5742813,-1.99E-05,0.000184058,0.1116637,33.86678,9820.947,340206.8,6949.207,12679.34,59.68725,60.17424,59.66036,78.54546,0,0,13798.08,12679.34
0.5742754,-0.5742766,78.54707,-0.009405747,12679.35,12.25,10.00045,6796.376,603.7385,0,0.5742611,0.5742766,-1.54E-05,0.000184058,0.1116637,33.86069,9719.507,340308.3,6949.208,12679.35,59.68725,60.17424,59.66036,78.54546,0,0,13798.08,12679.35
0.5742932,-0.5742756,78.54707,-0.009404466,12679.35,12.25,10.00045,6796.376,603.7379,0,0.5742617,0.5742756,-1.38E-05,0.000184058,0.1116637,33.85608,9754.087,340273.7,6949.209,12679.35,59.68725,60.17424,59.66036,78.54546,0,0,13798.08,12679.35
0.5742856,-0.5742794,78.54707,-0.009405076,12679.35,12.25,10.00045,6796.376,603.7369,0,0.5742618,0.5742794,-1.76E-05,0.000184058,0.1116637,33.85827,9781.752,340246,6949.209,12679.35,59.68725,60.17424,59.66036,78.54546,0,0,13798.08,12679.35
0.5742685,-0.5742799,78.54707,-0.009406623,12679.35,12.25,10.00045,6796.376,603.736,0,0.5742615,0.5742799,-1.84E-05,0.000184058,0.1116637,33.86384,9809.42,340218.3,6949.209,12679.35,59.68725,60.17424,59.66036,78.54546,0,0,13798.08,12679.35
0.5742792,-0.5742733,78.54707,-0.009405431,12679.35,12.25,10.00045,6796.378,603.7357,0,0.5742612,0.5742733,-1.21E-05,0.000184058,0.1116637,33.85955,9717.201,340310.5,6949.211,12679.35,59.68725,60.17424,59.66036,78.54546,0,0,13798.08,12679.35
0.5742951,-0.5742753,78.54707,-0.009404111,12679.35,12.25,10.00045,6796.378,603.735,0,0.5742618,0.5742753,-1.35E-05,0.000184058,0.1116637,33.8548,9751.78,340275.9,6949.211,12679.35,59.68725,60.17424,59.66036,78.54546,0,0,13798.08,12679.35
0.5742868,-0.5742796,78.54707,-0.009404662,12679.35,12.25,10.00045,6796.378,603.7339,0,0.5742618,0.5742796,-1.78E-05,0.000184058,0.1116637,33.85678,9779.443,340248.3,6949.212,12679.35,59.68725,60.17424,59.66036,78.54546,0,0,13798.08,12679.35
0.5742588,-0.574279,78.54707,-0.009407143,12679.35,12.25,10.00045,6796.378,603.7327,0,0.5742613,0.574279,-1.76E-05,0.000184058,0.1116637,33.86572,9820.945,340206.8,6949.212,12679.35,59.68725,60.17424,59.66036,78.54546,0,0,13798.08,12679.35
0.5742791,-0.5742717,78.54707,-0.009404922,12679.36,12.25,10.00045,6796.381,603.7327,0,0.5742612,0.5742717,-1.04E-05,0.000184058,0.1116637,33.85772,9726.425,340301.3,6949.214,12679.36,59.68725,60.17424,59.66036,78.54546,0,0,13798.08,12679.36
0.5742897,-0.5742741,78.54707,-0.009404152,12679.36,12.25,10.00045,6796.381,603.7319,0,0.5742617,0.5742741,-1.23E-05,0.000184058,0.1116637,33.85495,9761.003,340266.7,6949.214,12679.36,59.68725,60.17424,59.66036,78.54546,0,0,13798.08,12679.36
0.5742791,-0.5742772,78.54707,-0.00940501,12679.36,12.25,10.00045,6796.381,603.731,0,0.5742617,0.5742772,-1.56E-05,0.000184058,0.1116637,33.85804,9788.667,340239,6949.215,12679.36,59.68725,60.17424,59.66036,78.54546,0,0,13798.08,12679.36
0.5742552,-0.5742756,78.54707,-0.009407176,12679.36,12.25,10.00045,6796.381,603.7303,0,0.5742612,0.5742756,-1.44E-05,0.000184058,0.1116637,33.86583,9820.947,340206.8,6949.214,12679.36,59.68725,60.17424,59.66036,78.54546,0,0,13798.08,12679.36
0.574277,-0.5742685,78.54707,-0.009404949,12679.36,12.25,10.00045,6796.383,603.7305,0,0.5742612,0.5742685,-7.25E-06,0.000184058,0.1116637,33.85781,9726.426,340301.3,6949.217,12679.36,59.68725,60.17424,59.66036,78.54546,0,0,13798.08,12679.36
0.5742883,-0.5742712,78.54707,-0.009404199,12679.36,12.25,10.00045,6796.383,603.7299,0,0.5742617,0.5742712,-9.53E-06,0.000184058,0.1116637,33.85512,9761.004,340266.7,6949.217,12679.36,59.68725,60.17424,59.66036,78.54546,0,0,13798.08,12679.36
0.5742739,-0.5742751,78.54707,-0.009405445,12679.36,12.25,10.00045,6796.383,603.7288,0,0.5742615,0.5742751,-1.35E-05,0.000184058,0.1116637,33.8596,9795.585,340232.1,6949.217,12679.36,59.68725,60.17424,59.66036,78.54546,0,0,13798.08,12679.36
0.5742543,-0.5742736,78.54707,-0.00940737,12679.37,12.25,10.00045,6796.385,603.7283,0,0.5742612,0.5742736,-1.24E-05,0.000184058,0.1116637,33.86654,9691.874,340204.4,6949.217,12679.37,59.68725,60.17424,59.66036,78.54546,0,0,13798.08,12679.37
0.5742875,-0.5742688,78.54707,-0.009404098,12679.37,12.25,10.00045,6796.385,603.7281,0,0.5742615,0.5742688,-7.28E-06,0.000184058,0.1116637,33.85475,9740.257,340287.4,6949.22,12679.37,59.68725,60.17424,59.66036,78.54546,0,0,13798.08,12679.37
0.5742867,-0.5742732,78.54707,-0.009404119,12679.37,12.25,10.00045,6796.385,603.7274,0,0.574262,0.5742732,-1.12E-05,0.000184058,0.1116637,33.85483,9765.613,340262.1,6949.22,12679.37,59.68725,60.17424,59.66036,78.54546,0,0,13798.08,12679.37
0.5742697,-0.5742754,78.54707,-0.009405564,12679.37,12.25,10.00045,6796.385,603.7264,0,0.5742615,0.5742754,-1.39E-05,0.000184058,0.1116637,33.86003,9800.194,340227.5,6949.22,12679.37,59.68725,60.17424,59.66036,78.54546,0,0,13798.08,12679.37
0.5742537,-0.5742716,78.54707,-0.00940671,12679.37,12.25,10.00045,6796.388,603.726,0,0.5742611,0.5742716,-1.05E-05,0.000184058,0.1116637,33.86415,9705.678,340322,6949.219,12679.37,59.68725,60.17424,59.66036,78.54546,0,0,13798.08,12679.37
0.5742808,-0.5742664,78.54707,-0.009404462,12679.37,12.25,10.00045,6796.388,603.7261,0,0.5742613,0.5742664,-5.09E-06,0.000184058,0.1116637,33.85606,9733.343,340294.3,6949.222,12679.37,59.68725,60.17424,59.66036,78.54546,0,0,13798.08,12679.37
0.574285,-0.5742708,78.54707,-0.009404209,12679.37,12.25,10.00045,6796.388,603.7254,0,0.5742617,0.5742708,-9.16E-06,0.000184058,0.1116637,33.85516,9767.921,340259.8,6949.223,12679.37,59.68725,60.17424,59.66036,78.54546,0,0,13798.08,12679.37
0.5742719,-0.5742735,78.54707,-0.009405332,12679.37,12.25,10.00045,6796.388,603.7246,0,0.5742615,0.5742735,-1.20E-05,0.000184058,0.1116637,33.8592,9795.585,340232.1,6949.223,12679.37,59.68725,60.17424,59.66036,78.54546,0,0,13798.08,12679.37
0.5742633,-0.5742109,78.54707,-0.009405677,12679.38,12.25,10.00045,6796.39,603.7242,0,0.574261,0.5742109,5.00E-05,0.000184058,0.1116637,33.86044,9712.595,340315.1,6949.225,12679.38,59.68725,60.17424,59.66036,78.54546,0,0,13798.08,12679.38
0.5742887,-0.5742677,78.54707,-0.00940383,12679.38,12.25,10.00045,6796.39,603.7241,0,0.5742616,0.5742677,-6.06E-06,0.000184058,0.1116637,33.85379,9744.868,340282.8,6949.225,12679.38,59.68725,60.17424,59.66036,78.54546,0,0,13798.08,12679.38
0.5742843,-0.5742724,78.54707,-0.009404114,12679.38,12.25,10.00045,6796.39,603.7232,0,0.5742617,0.5742724,-1.07E-05,0.000184058,0.1116637,33.85481,9772.529,340255.1,6949.226,12679.38,59.68725,60.17424,59.66036,78.54546,0,0,13798.08,12679.38
0.5742638,-0.5742741,78.54707,-0.009405869,12679.38,12.25,10.00045,6796.39,603.7223,0,0.5742614,0.5742741,-1.27E-05,0.000184058,0.1116637,33.86113,9807.111,340220.5,6949.226,12679.38,59.68725,60.17424,59.66036,78.54546,0,0,13798.08,12679.38
0.5742672,-0.5742682,78.54707,-0.009405209,12679.38,12.25,10.00045,6796.392,603.7223,0,0.574261,0.5742682,-7.21E-06,0.000184058,0.1116637,33.85875,9719.513,340308.1,6949.228,12679.38,59.68725,60.17424,59.66036,78.54546,0,0,13798.08,12679.38
0.5742851,-0.5742672,78.54707,-0.009403937,12679.38,12.25,10.00045,6796.392,603.722,0,0.5742616,0.5742672,-5.64E-06,0.000184058,0.1116637,33.85417,9754.091,340273.6,6949.228,12679.38,59.68725,60.17424,59.66036,78.54546,0,0,13798.08,12679.38
0.5742777,-0.5742711,78.54707,-0.009404554,12679.38,12.25,10.00045,6796.392,603.7213,0,0.5742616,0.5742711,-9.54E-06,0.000184058,0.1116637,33.85639,9781.754,340245.9,6949.229,12679.38,59.68725,60.17424,59.66036,78.54546,0,0,13798.08,12679.38
0.5742556,-0.5742712,78.54707,-0.009406611,12679.38,12.25,10.00045,6796.392,603.7206,0,0.5742612,0.5742712,-9.92E-06,0.000184058,0.1116637,33.8638,9814.032,340211.3,6949.229,12679.38,59.68725,60.17424,59.66036,78.54546,0,0,13798.08,12679.38
0.5742645,-0.5742657,78.54707,-0.009405394,12679.39,12.25,10.00045,6796.395,603.7208,0,0.5742609,0.5742657,-4.71E-06,0.000184058,0.1116637,33.85942,9719.514,340308.1,6949.23,12679.39,59.68725,60.17424,59.66036,78.54546,0,0,13798.08,12679.39
0.5742829,-0.5742636,78.54707,-0.009404134,12679.39,12.25,10.00045,6796.395,603.7208,0,0.5742615,0.5742636,-2.17E-06,0.000184058,0.1116637,33.85489,9747.178,340280.4,6949.231,12679.39,59.68725,60.17424,59.66036,78.54546,0,0,13798.08,12679.39
0.5742767,-0.5742689,78.54707,-0.009404704,12679.39,12.25,10.00045,6796.395,603.72,0,0.5742616,0.5742689,-7.36E-06,0.000184058,0.1116637,33.85693,9781.756,340245.9,6949.231,12679.39,59.68725,60.17424,59.66036,78.54546,0,0,13798.08,12679.39
0.5742599,-0.5742698,78.54707,-0.009406258,12679.39,12.25,10.00045,6796.395,603.7194,0,0.5742613,0.5742698,-8.49E-06,0.000184058,0.1116637,33.86253,9809.423,340218.2,6949.231,12679.39,59.68725,60.17424,59.66036,78.54546,0,0,13798.08,12679.39
0.5742682,-0.5742659,78.54707,-0.00940513,12679.39,12.25,10.00045,6796.397,603.7195,0,0.574261,0.5742659,-4.86E-06,0.000184058,0.1116637,33.85847,9719.514,340308.1,6949.233,12679.39,59.68725,60.17424,59.66036,78.54546,0,0,13798.08,12679.39
0.5742847,-0.5742658,78.54707,-0.009403931,12679.39,12.25,10.00045,6796.397,603.7192,0,0.5742616,0.5742658,-4.18E-06,0.000184058,0.1116637,33.85415,9754.092,340273.5,6949.234,12679.39,59.68725,60.17424,59.66036,78.54546,0,0,13798.08,12679.39
0.5742768,-0.5742699,78.54707,-0.009404565,12679.39,12.25,10.00045,6796.397,603.7184,0,0.5742616,0.5742699,-8.29E-06,0.000184058,0.1116637,33.85643,9779.449,340245.8,6949.234,12679.39,59.68725,60.17424,59.66036,78.54546,0,0,13798.08,12679.39
0.5742549,-0.5742697,78.54707,-0.009406497,12679.39,12.25,10.00045,6796.397,603.7179,0,0.5742612,0.5742697,-8.49E-06,0.000184058,0.1116637,33.86339,9814.033,340213.6,6949.234,12679.39,59.68725,60.17424,59.66036,78.54546,0,0,13798.08,12679.39
0.5742645,-0.5742645,78.54707,-0.009405305,12679.4,12.25,10.00045,6796.399,603.7181,0,0.574261,0.5742645,-3.51E-06,0.000184058,0.1116637,33.8591,9719.516,340308.1,6949.236,12679.4,59.68725,60.17424,59.66036,78.54546,0,0,13798.08,12679.4
0.5742822,-0.5742627,78.54707,-0.009404055,12679.4,12.25,10.00045,6796.399,603.7181,0,0.5742615,0.5742627,-1.23E-06,0.000184058,0.1116637,33.8546,9747.179,340280.4,6949.236,12679.4,59.68725,60.17424,59.66036,78.54546,0,0,13798.08,12679.4
0.5742756,-0.574268,78.54707,-0.009404627,12679.4,12.25,10.00045,6796.399,603.7173,0,0.5742615,0.574268,-6.45E-06,0.000184058,0.1116637,33.85666,9781.757,340245.8,6949.237,12679.4,59.68725,60.17424,59.66036,78.54546,0,0,13798.08,12679.4
0.5742537,-0.5742683,78.54707,-0.009406681,12679.4,12.25,10.00045,6796.399,603.7167,0,0.5742612,0.5742683,-7.13E-06,0.000184058,0.1116637,33.86405,9816.342,340211.3,6949.237,12679.4,59.68725,60.17424,59.66036,78.54546,0,0,13798.08,12679.4
0.5742732,-0.5742627,78.54707,-0.009404572,12679.4,12.25,10.00045,6796.401,603.7169,0,0.5742611,0.5742627,-1.54E-06,0.000184058,0.1116637,33.85646,9726.432,340301.2,6949.239,12679.4,59.68725,60.17424,59.66036,78.54546,0,0,13798.08,12679.4
0.5742832,-0.5742654,78.54707,-0.009403844,12679.4,12.25,10.00045,6796.401,603.7165,0,0.5742615,0.5742654,-3.92E-06,0.000184058,0.1116637,33.85384,9758.704,340268.9,6949.239,12679.4,59.68725,60.17424,59.66036,78.54546,0,0,13798.08,12679.4
0.5742692,-0.5742696,78.54707,-0.009405012,12679.4,12.25,10.00045,6796.401,603.7157,0,0.5742615,0.5742696,-8.08E-06,0.000184058,0.1116637,33.85804,9793.283,340234.3,6949.24,12679.4,59.68725,60.17424,59.66036,78.54546,0,0,13798.08,12679.4
0.5742443,-0.5742673,78.54707,-0.00940745,12679.41,12.25,10.00045,6796.404,603.7154,0,0.5742611,0.5742673,-6.24E-06,0.000184058,0.1116637,33.86682,9698.765,340199.7,6949.239,12679.41,59.68725,60.17424,59.66036,78.54546,0,0,13798.08,12679.41
0.5742756,-0.574261,78.54707,-0.009404335,12679.41,12.25,10.00045,6796.404,603.7158,0,0.5742612,0.574261,2.80E-07,0.000184058,0.1116637,33.85561,9733.349,340294.2,6949.242,12679.41,59.68725,60.17424,59.66036,78.54546,0,0,13798.08,12679.41
0.5742798,-0.5742655,78.54707,-0.009404089,12679.41,12.25,10.00045,6796.404,603.7152,0,0.5742615,0.5742655,-3.88E-06,0.000184058,0.1116637,33.85472,9767.927,340259.6,6949.242,12679.41,59.68725,60.17424,59.66036,78.54546,0,0,13798.08,12679.41
0.5742623,-0.5742682,78.54707,-0.009405628,12679.41,12.25,10.00045,6796.404,603.7145,0,0.5742614,0.5742682,-6.85E-06,0.000184058,0.1116637,33.86026,9802.508,340225.1,6949.242,12679.41,59.68725,60.17424,59.66036,78.54546,0,0,13798.08,12679.41
0.5742513,-0.5742656,78.54707,-0.00940629,12679.41,12.25,10.00045,6796.406,603.7144,0,0.574261,0.5742656,-4.61E-06,0.000184058,0.1116637,33.86264,9705.685,340321.9,6949.242,12679.41,59.68725,60.17424,59.66036,78.54546,0,0,13798.08,12679.41
0.5742826,-0.5742623,78.54707,-0.009403815,12679.41,12.25,10.00045,6796.406,603.7145,0,0.5742614,0.5742623,-8.12E-07,0.000184058,0.1116637,33.85373,9737.958,340289.6,6949.245,12679.41,59.68725,60.17424,59.66036,78.54546,0,0,13798.08,12679.41
0.5742797,-0.5742679,78.54707,-0.009403957,12679.41,12.25,10.00045,6796.406,603.7137,0,0.5742616,0.5742679,-6.32E-06,0.000184058,0.1116637,33.85425,9772.535,340255,6949.245,12679.41,59.68725,60.17424,59.66036,78.54546,0,0,13798.08,12679.41
0.5742592,-0.5742696,78.54707,-0.009405702,12679.41,12.25,10.00045,6796.406,603.713,0,0.5742613,0.5742696,-8.28E-06,0.000184058,0.1116637,33.86053,9807.116,340220.4,6949.245,12679.41,59.68725,60.17424,59.66036,78.54546,0,0,13798.08,12679.41
0.5742549,-0.5742036,78.54707,-0.009405654,12679.42,12.25,10.00045,6796.408,603.7131,0,0.5742608,0.5742036,5.73E-05,0.000184058,0.1116637,33.86036,9712.603,340314.9,6949.248,12679.42,59.68725,60.17424,59.66036,78.54546,0,0,13798.08,12679.42
0.57428,-0.5742616,78.54707,-0.009403781,12679.42,12.25,10.00045,6796.408,603.7133,0,0.5742614,0.5742616,-2.05E-07,0.000184058,0.1116637,33.85361,9747.181,340280.3,6949.248,12679.42,59.68725,60.17424,59.66036,78.54546,0,0,13798.08,12679.42
0.5742733,-0.5742666,78.54707,-0.00940435,12679.42,12.25,10.00045,6796.408,603.7125,0,0.5742615,0.5742666,-5.10E-06,0.000184058,0.1116637,33.85566,9781.759,340245.8,6949.248,12679.42,59.68725,60.17424,59.66036,78.54546,0,0,13798.08,12679.42
0.5742503,-0.5742669,78.54707,-0.009406346,12679.42,12.25,10.00045,6796.408,603.7121,0,0.5742612,0.5742669,-5.68E-06,0.000184058,0.1116637,33.86285,9814.036,340213.5,6949.248,12679.42,59.68725,60.17424,59.66036,78.54546,0,0,13798.08,12679.42
0.5742609,-0.5742611,78.54707,-0.009405138,12679.42,12.25,10.00045,6796.411,603.7125,0,0.5742608,0.5742611,-2.51E-07,0.000184058,0.1116637,33.8585,9719.521,340308,6949.25,12679.42,59.68725,60.17424,59.66036,78.54546,0,0,13798.08,12679.42
0.5742794,-0.5742617,78.54707,-0.009403893,12679.42,12.25,10.00045,6796.411,603.7124,0,0.5742615,0.5742617,-1.50E-07,0.000184058,0.1116637,33.85402,9761.014,340266.5,6949.25,12679.42,59.68725,60.17424,59.66036,78.54546,0,0,13798.08,12679.42
0.5742652,-0.5742658,78.54707,-0.009405142,12679.42,12.25,10.00045,6796.411,603.7117,0,0.5742614,0.5742658,-4.35E-06,0.000184058,0.1116637,33.85851,9795.593,340231.9,6949.25,12679.42,59.68725,60.17424,59.66036,78.54546,0,0,13798.08,12679.42
0.5742498,-0.5742635,78.54707,-0.009406225,12679.43,12.25,10.00045,6796.413,603.7115,0,0.574261,0.5742635,-2.46E-06,0.000184058,0.1116637,33.86241,9704.073,340321.8,6949.25,12679.43,59.68725,60.17424,59.66036,78.54546,0,0,13798.08,12679.43
0.5742817,-0.5742598,78.54707,-0.00940371,12679.43,12.25,10.00045,6796.413,603.7117,0,0.5742614,0.5742598,1.66E-06,0.000184058,0.1116637,33.85336,9737.27,340290.2,6949.253,12679.43,59.68725,60.17424,59.66036,78.54546,0,0,13798.08,12679.43
0.5742784,-0.5742662,78.54707,-0.009403796,12679.43,12.25,10.00045,6796.413,603.711,0,0.5742618,0.5742662,-4.38E-06,0.000184058,0.1116637,33.85366,9769.54,340258,6949.253,12679.43,59.68725,60.17424,59.66036,78.54546,0,0,13798.08,12679.43
0.5742593,-0.5742677,78.54707,-0.009405399,12679.43,12.25,10.00045,6796.413,603.7103,0,0.5742613,0.5742677,-6.44E-06,0.000184058,0.1116637,33.85944,9804.12,340223.4,6949.253,12679.43,59.68725,60.17424,59.66036,78.54546,0,0,13798.08,12679.43
0.5742553,-0.5742038,78.54707,-0.009405312,12679.43,12.25,10.00045,6796.416,603.7104,0,0.5742608,0.5742038,5.71E-05,0.000184058,0.1116637,33.85912,9712.604,340314.9,6949.256,12679.43,59.68725,60.17424,59.66036,78.54546,0,0,13798.08,12679.43
0.5742794,-0.5742608,78.54707,-0.009403476,12679.43,12.25,10.00045,6796.416,603.7106,0,0.5742614,0.5742608,5.84E-07,0.000184058,0.1116637,33.85251,9747.182,340280.3,6949.256,12679.43,59.68725,60.17424,59.66036,78.54546,0,0,13798.08,12679.43
0.5742686,-0.5742664,78.54707,-0.009404356,12679.43,12.25,10.00045,6796.416,603.7098,0,0.5742614,0.5742664,-4.90E-06,0.000184058,0.1116637,33.85568,9788.674,340238.8,6949.256,12679.43,59.68725,60.17424,59.66036,78.54546,0,0,13798.08,12679.43
0.5742448,-0.5742649,78.54707,-0.009406624,12679.44,12.25,10.00045,6796.417,603.7095,0,0.5742611,0.5742649,-3.90E-06,0.000184058,0.1116637,33.86385,9698.77,340204.2,6949.256,12679.44,59.68725,60.17424,59.66036,78.54546,0,0,13798.08,12679.44
0.5742744,-0.5742593,78.54707,-0.009403609,12679.44,12.25,10.00045,6796.417,603.7098,0,0.5742612,0.5742593,1.85E-06,0.000184058,0.1116637,33.85299,9731.046,340294.1,6949.258,12679.44,59.68725,60.17424,59.66036,78.54546,0,0,13798.08,12679.44
0.5742792,-0.5742639,78.54707,-0.009403291,12679.44,12.25,10.00045,6796.417,603.7094,0,0.5742615,0.5742639,-2.36E-06,0.000184058,0.1116637,33.85185,9765.621,340261.8,6949.259,12679.44,59.68725,60.17424,59.66036,78.54546,0,0,13798.08,12679.44
0.5742616,-0.5742669,78.54707,-0.009404768,12679.44,12.25,10.00045,6796.417,603.7087,0,0.5742614,0.5742669,-5.59E-06,0.000184058,0.1116637,33.85717,9800.198,340227.3,6949.259,12679.44,59.68725,60.17424,59.66036,78.54546,0,0,13798.08,12679.44
0.5742527,-0.5742009,78.54707,-0.009405185,12679.44,12.25,10.00045,6796.42,603.7088,0,0.5742608,0.5742009,5.99E-05,0.000184058,0.1116637,33.85867,9712.605,340314.8,6949.261,12679.44,59.68725,60.17424,59.66036,78.54546,0,0,13798.08,12679.44
0.5742779,-0.574259,78.54707,-0.009403332,12679.44,12.25,10.00045,6796.42,603.709,0,0.5742614,0.574259,2.33E-06,0.000184058,0.1116637,33.852,9747.183,340280.3,6949.261,12679.44,59.68725,60.17424,59.66036,78.54546,0,0,13798.08,12679.44
0.5742712,-0.5742642,78.54707,-0.009403922,12679.44,12.25,10.00045,6796.42,603.7085,0,0.5742615,0.5742642,-2.69E-06,0.000184058,0.1116637,33.85412,9781.759,340245.7,6949.262,12679.44,59.68725,60.17424,59.66036,78.54546,0,0,13798.08,12679.44
0.5742493,-0.5742643,78.54707,-0.009405991,12679.44,12.25,10.00045,6796.42,603.7081,0,0.5742611,0.5742643,-3.21E-06,0.000184058,0.1116637,33.86157,9816.341,340211.1,6949.262,12679.44,59.68725,60.17424,59.66036,78.54546,0,0,13798.08,12679.44
0.5742707,-0.5742592,78.54707,-0.009403794,12679.45,12.25,10.00045,6796.422,603.7084,0,0.5742611,0.5742592,1.90E-06,0.000184058,0.1116637,33.85366,9724.132,340303.3,6949.264,12679.45,59.68725,60.17424,59.66036,78.54546,0,0,13798.08,12679.45
0.5742804,-0.5742626,78.54707,-0.009403029,12679.45,12.25,10.00045,6796.422,603.7081,0,0.5742615,0.5742626,-1.09E-06,0.000184058,0.1116637,33.85091,9758.706,340268.7,6949.265,12679.45,59.68725,60.17424,59.66036,78.54546,0,0,13798.08,12679.45
0.5742655,-0.5742667,78.54707,-0.009404215,12679.45,12.25,10.00045,6796.422,603.7073,0,0.5742614,0.5742667,-5.23E-06,0.000184058,0.1116637,33.85518,9793.282,340234.2,6949.265,12679.45,59.68725,60.17424,59.66036,78.54546,0,0,13798.08,12679.45
0.5742403,-0.5742641,78.54707,-0.009406644,12679.46,12.25,10.00045,6796.424,603.7072,0,0.574261,0.5742641,-3.14E-06,0.000184058,0.1116637,33.86392,9698.772,340199.6,6949.265,12679.46,59.68725,60.17424,59.66036,78.54546,0,0,13798.08,12679.46
0.5742751,-0.5742578,78.54707,-0.009403273,12679.46,12.25,10.00045,6796.424,603.7077,0,0.5742612,0.5742578,3.47E-06,0.000184058,0.1116637,33.85178,9740.269,340287.2,6949.267,12679.46,59.68725,60.17424,59.66036,78.54546,0,0,13798.08,12679.46
0.5742735,-0.5742629,78.54707,-0.009403455,12679.46,12.25,10.00045,6796.424,603.7072,0,0.5742615,0.5742629,-1.36E-06,0.000184058,0.1116637,33.85244,9774.844,340252.6,6949.268,12679.46,59.68725,60.17424,59.66036,78.54546,0,0,13798.08,12679.46
0.5742532,-0.5742642,78.54707,-0.009405185,12679.46,12.25,10.00045,6796.424,603.7068,0,0.5742612,0.5742642,-2.96E-06,0.000184058,0.1116637,33.85867,9807.117,340220.3,6949.268,12679.46,59.68725,60.17424,59.66036,78.54546,0,0,13798.08,12679.46
0.5742508,-0.5741981,78.54707,-0.009405116,12679.46,12.25,10.00045,6796.427,603.7072,0,0.5742607,0.5741981,6.26E-05,0.000184058,0.1116637,33.85841,9712.608,340314.8,6949.27,12679.46,59.68725,60.17424,59.66036,78.54546,0,0,13798.08,12679.46
0.5742774,-0.5742578,78.54707,-0.009403222,12679.46,12.25,10.00045,6796.427,603.7074,0,0.5742614,0.5742578,3.63E-06,0.000184058,0.1116637,33.8516,9754.101,340273.3,6949.27,12679.46,59.68725,60.17424,59.66036,78.54546,0,0,13798.08,12679.46
0.5742667,-0.5742628,78.54707,-0.009404172,12679.46,12.25,10.00045,6796.427,603.7068,0,0.5742614,0.5742628,-1.36E-06,0.000184058,0.1116637,33.85502,9788.677,340238.7,6949.27,12679.46,59.68725,60.17424,59.66036,78.54546,0,0,13798.08,12679.46
0.5742432,-0.5742619,78.54707,-0.009406487,12679.47,12.25,10.00045,6796.429,603.7066,0,0.574261,0.5742619,-8.71E-07,0.000184058,0.1116637,33.86335,9698.774,340204.2,6949.27,12679.47,59.68725,60.17424,59.66036,78.54546,0,0,13798.08,12679.47
0.5742763,-0.5742571,78.54707,-0.009403288,12679.47,12.25,10.00045,6796.429,603.707,0,0.5742613,0.5742571,4.15E-06,0.000184058,0.1116637,33.85184,9740.271,340287.1,6949.272,12679.47,59.68725,60.17424,59.66036,78.54546,0,0,13798.08,12679.47
0.5742742,-0.5742622,78.54707,-0.009403463,12679.47,12.25,10.00045,6796.429,603.7065,0,0.5742615,0.5742622,-7.26E-07,0.000184058,0.1116637,33.85246,9772.54,340254.8,6949.273,12679.47,59.68725,60.17424,59.66036,78.54546,0,0,13798.08,12679.47
0.5742596,-0.5742642,78.54707,-0.009404759,12679.47,12.25,10.00045,6796.429,603.7061,0,0.5742613,0.5742642,-2.95E-06,0.000184058,0.1116637,33.85713,9800.203,340227.2,6949.273,12679.47,59.68725,60.17424,59.66036,78.54546,0,0,13798.08,12679.47
0.5742437,-0.5742607,78.54707,-0.009405935,12679.47,12.25,10.00045,6796.432,603.7062,0,0.5742608,0.5742607,1.51E-07,0.000184058,0.1116637,33.86137,9705.694,340321.7,6949.272,12679.47,59.68725,60.17424,59.66036,78.54546,0,0,13798.08,12679.47
0.5742745,-0.5742561,78.54707,-0.009403469,12679.47,12.25,10.00045,6796.432,603.7067,0,0.5742612,0.5742561,5.15E-06,0.000184058,0.1116637,33.85249,9740.272,340287.1,6949.275,12679.47,59.68725,60.17424,59.66036,78.54546,0,0,13798.08,12679.47
0.574273,-0.5742615,78.54707,-0.009403677,12679.47,12.25,10.00045,6796.432,603.7062,0,0.5742615,0.5742615,1.65E-08,0.000184058,0.1116637,33.85323,9774.848,340252.5,6949.276,12679.47,59.68725,60.17424,59.66036,78.54546,0,0,13798.08,12679.47
0.5742481,-0.5742627,78.54707,-0.00940601,12679.47,12.25,10.00045,6796.432,603.7057,0,0.5742611,0.5742627,-1.55E-06,0.000184058,0.1116637,33.86163,9816.346,340211,6949.276,12679.47,59.68725,60.17424,59.66036,78.54546,0,0,13798.08,12679.47
0.5742703,-0.5742573,78.54707,-0.009403893,12679.48,12.25,10.00045,6796.434,603.7062,0,0.574261,0.5742573,3.64E-06,0.000184058,0.1116637,33.85402,9724.137,340303.2,6949.278,12679.48,59.68725,60.17424,59.66036,78.54546,0,0,13798.08,12679.48
0.574278,-0.574262,78.54707,-0.009403251,12679.48,12.25,10.00045,6796.434,603.7057,0,0.5742615,0.574262,-4.92E-07,0.000184058,0.1116637,33.8517,9765.627,340261.7,6949.279,12679.48,59.68725,60.17424,59.66036,78.54546,0,0,13798.08,12679.48
0.57426,-0.5742652,78.54707,-0.009404751,12679.48,12.25,10.00045,6796.434,603.7051,0,0.5742613,0.5742652,-3.84E-06,0.000184058,0.1116637,33.85711,9800.204,340227.2,6949.279,12679.48,59.68725,60.17424,59.66036,78.54546,0,0,13798.08,12679.48
0.5742435,-0.5742614,78.54707,-0.009405932,12679.48,12.25,10.00045,6796.436,603.7052,0,0.5742608,0.5742614,-5.29E-07,0.000184058,0.1116637,33.86135,9705.696,340321.7,6949.278,12679.48,59.68725,60.17424,59.66036,78.54546,0,0,13798.08,12679.48
0.5742741,-0.5742565,78.54707,-0.009403459,12679.48,12.25,10.00045,6796.436,603.7057,0,0.5742612,0.5742565,4.73E-06,0.000184058,0.1116637,33.85245,9740.274,340287.1,6949.281,12679.48,59.68725,60.17424,59.66036,78.54546,0,0,13798.08,12679.48
0.5742725,-0.5742617,78.54707,-0.009403657,12679.48,12.25,10.00045,6796.436,603.7052,0,0.5742615,0.5742617,-1.67E-07,0.000184058,0.1116637,33.85316,9774.85,340252.5,6949.281,12679.48,59.68725,60.17424,59.66036,78.54546,0,0,13798.08,12679.48
0.5742527,-0.5742632,78.54707,-0.009405473,12679.48,12.25,10.00045,6796.436,603.7048,0,0.5742612,0.5742632,-1.95E-06,0.000184058,0.1116637,33.85971,9807.124,340217.9,6949.281,12679.48,59.68725,60.17424,59.66036,78.54546,0,0,13798.08,12679.48
0.5742577,-0.5742572,78.54707,-0.009404674,12679.49,12.25,10.00045,6796.438,603.7054,0,0.5742608,0.5742572,3.61E-06,0.000184058,0.1116637,33.85683,9719.53,340307.8,6949.284,12679.49,59.68725,60.17424,59.66036,78.54546,0,0,13798.08,12679.49
0.5742766,-0.5742567,78.54707,-0.009403411,12679.49,12.25,10.00045,6796.438,603.7055,0,0.5742614,0.5742567,4.67E-06,0.000184058,0.1116637,33.85228,9754.106,340273.2,6949.284,12679.49,59.68725,60.17424,59.66036,78.54546,0,0,13798.08,12679.49
0.5742659,-0.5742618,78.54707,-0.009404357,12679.49,12.25,10.00045,6796.438,603.705,0,0.5742614,0.5742618,-3.85E-07,0.000184058,0.1116637,33.85569,9788.684,340238.6,6949.284,12679.49,59.68725,60.17424,59.66036,78.54546,0,0,13798.08,12679.49
0.5742429,-0.574261,78.54707,-0.009406582,12679.49,12.25,10.00045,6796.44,603.7048,0,0.574261,0.574261,7.55E-08,0.000184058,0.1116637,33.86369,9698.779,340211,6949.284,12679.49,59.68725,60.17424,59.66036,78.54546,0,0,13798.08,12679.49
0.5742726,-0.5742559,78.54707,-0.009403616,12679.49,12.25,10.00045,6796.44,603.7053,0,0.5742612,0.5742559,5.22E-06,0.000184058,0.1116637,33.85302,9733.36,340294,6949.287,12679.49,59.68725,60.17424,59.66036,78.54546,0,0,13798.08,12679.49
0.5742755,-0.5742609,78.54707,-0.009403437,12679.49,12.25,10.00045,6796.44,603.7048,0,0.5742615,0.5742609,6.14E-07,0.000184058,0.1116637,33.85238,9767.936,340259.4,6949.287,12679.49,59.68725,60.17424,59.66036,78.54546,0,0,13798.08,12679.49
0.5742577,-0.5742633,78.54707,-0.009404893,12679.49,12.25,10.00045,6796.44,603.7043,0,0.5742612,0.5742633,-2.09E-06,0.000184058,0.1116637,33.85762,9800.209,340227.1,6949.287,12679.49,59.68725,60.17424,59.66036,78.54546,0,0,13798.08,12679.49
0.5742425,-0.5742596,78.54707,-0.009406027,12679.5,12.25,10.00045,6796.443,603.7045,0,0.5742608,0.5742596,1.24E-06,0.000184058,0.1116637,33.8617,9705.699,340321.6,6949.286,12679.5,59.68725,60.17424,59.66036,78.54546,0,0,13798.08,12679.5
0.5742735,-0.574255,78.54707,-0.009403533,12679.5,12.25,10.00045,6796.443,603.7051,0,0.5742612,0.574255,6.25E-06,0.000184058,0.1116637,33.85272,9740.277,340287,6949.29,12679.5,59.68725,60.17424,59.66036,78.54546,0,0,13798.08,12679.5
0.5742692,-0.5742612,78.54707,-0.009403978,12679.5,12.25,10.00045,6796.443,603.7045,0,0.5742614,0.5742612,1.83E-07,0.000184058,0.1116637,33.85432,9781.769,340245.5,6949.29,12679.5,59.68725,60.17424,59.66036,78.54546,0,0,13798.08,12679.5
0.5742474,-0.5742617,78.54707,-0.009406041,12679.5,12.25,10.00045,6796.443,603.7042,0,0.5742611,0.5742617,-5.85E-07,0.000184058,0.1116637,33.86175,9816.351,340210.9,6949.29,12679.5,59.68725,60.17424,59.66036,78.54546,0,0,13798.08,12679.5
0.574267,-0.5742561,78.54707,-0.009403942,12679.5,12.25,10.00045,6796.445,603.7047,0,0.574261,0.5742561,4.91E-06,0.000184058,0.1116637,33.85419,9726.447,340300.8,6949.292,12679.5,59.68725,60.17424,59.66036,78.54546,0,0,13798.08,12679.5
0.5742764,-0.5742603,78.54707,-0.009403314,12679.5,12.25,10.00045,6796.445,603.7044,0,0.5742615,0.5742603,1.18E-06,0.000184058,0.1116637,33.85193,9765.632,340261.7,6949.292,12679.5,59.68725,60.17424,59.66036,78.54546,0,0,13798.08,12679.5
0.574259,-0.5742636,78.54707,-0.009404798,12679.5,12.25,10.00045,6796.445,603.7039,0,0.5742613,0.5742636,-2.27E-06,0.000184058,0.1116637,33.85727,9800.21,340227.1,6949.293,12679.5,59.68725,60.17424,59.66036,78.54546,0,0,13798.08,12679.5
0.5742428,-0.57426,78.54707,-0.009405975,12679.51,12.25,10.00045,6796.448,603.704,0,0.5742608,0.57426,8.48E-07,0.000184058,0.1116637,33.86151,9705.701,340321.6,6949.292,12679.51,59.68725,60.17424,59.66036,78.54546,0,0,13798.08,12679.51
0.5742735,-0.5742553,78.54707,-0.009403503,12679.51,12.25,10.00045,6796.448,603.7045,0,0.5742612,0.5742553,5.92E-06,0.000184058,0.1116637,33.85261,9740.279,340287,6949.295,12679.51,59.68725,60.17424,59.66036,78.54546,0,0,13798.08,12679.51
0.5742689,-0.5742614,78.54707,-0.00940396,12679.51,12.25,10.00045,6796.448,603.704,0,0.5742614,0.5742614,7.02E-10,0.000184058,0.1116637,33.85426,9781.771,340245.5,6949.295,12679.51,59.68725,60.17424,59.66036,78.54546,0,0,13798.08,12679.51
0.5742521,-0.5742623,78.54707,-0.009405522,12679.51,12.25,10.00045,6796.448,603.7037,0,0.5742612,0.5742623,-1.06E-06,0.000184058,0.1116637,33.85988,9809.435,340217.8,6949.295,12679.51,59.68725,60.17424,59.66036,78.54546,0,0,13798.08,12679.51
0.5742632,-0.574256,78.54707,-0.009404348,12679.51,12.25,10.00045,6796.45,603.704,0,0.574261,0.574256,4.93E-06,0.000184058,0.1116637,33.85566,9717.228,340310,6949.298,12679.51,59.68725,60.17424,59.66036,78.54546,0,0,13798.08,12679.51
0.5742787,-0.5742597,78.54707,-0.009403082,12679.51,12.25,10.00045,6796.45,603.7039,0,0.5742615,0.5742597,1.81E-06,0.000184058,0.1116637,33.85109,9758.718,340268.5,6949.298,12679.51,59.68725,60.17424,59.66036,78.54546,0,0,13798.08,12679.51
0.5742635,-0.574264,78.54707,-0.009404257,12679.51,12.25,10.00045,6796.45,603.7032,0,0.5742614,0.574264,-2.66E-06,0.000184058,0.1116637,33.85532,9793.294,340233.9,6949.298,12679.51,59.68725,60.17424,59.66036,78.54546,0,0,13798.08,12679.51
0.5742383,-0.5742617,78.54707,-0.009406675,12679.52,12.25,10.00045,6796.452,603.7031,0,0.574261,0.5742617,-7.49E-07,0.000184058,0.1116637,33.86403,9698.784,340199.4,6949.298,12679.52,59.68725,60.17424,59.66036,78.54546,0,0,13798.08,12679.52
0.5742696,-0.5742552,78.54707,-0.009403538,12679.52,12.25,10.00045,6796.452,603.7037,0,0.5742611,0.5742552,5.88E-06,0.000184058,0.1116637,33.85274,9733.365,340293.9,6949.301,12679.52,59.68725,60.17424,59.66036,78.54546,0,0,13798.08,12679.52
0.5742739,-0.5742596,78.54707,-0.009403273,12679.52,12.25,10.00045,6796.452,603.7035,0,0.5742615,0.5742596,1.81E-06,0.000184058,0.1116637,33.85178,9767.939,340259.3,6949.301,12679.52,59.68725,60.17424,59.66036,78.54546,0,0,13798.08,12679.52
0.5742508,-0.5742622,78.54707,-0.009405206,12679.52,12.25,10.00045,6796.452,603.7029,0,0.5742612,0.5742622,-1.04E-06,0.000184058,0.1116637,33.85874,9807.129,340220.1,6949.301,12679.52,59.68725,60.17424,59.66036,78.54546,0,0,13798.08,12679.52
0.5742486,-0.574196,78.54707,-0.009405117,12679.52,12.25,10.00045,6796.455,603.7034,0,0.5742607,0.574196,6.47E-05,0.000184058,0.1116637,33.85843,9712.62,340314.6,6949.303,12679.52,59.68725,60.17424,59.66036,78.54546,0,0,13798.08,12679.52
0.5742755,-0.5742557,78.54707,-0.009403207,12679.52,12.25,10.00045,6796.455,603.7038,0,0.5742614,0.5742557,5.67E-06,0.000184058,0.1116637,33.85155,9754.111,340273.1,6949.304,12679.52,59.68725,60.17424,59.66036,78.54546,0,0,13798.08,12679.52
0.5742609,-0.5742611,78.54707,-0.009404515,12679.52,12.25,10.00045,6796.455,603.7032,0,0.5742613,0.5742611,1.72E-07,0.000184058,0.1116637,33.85625,9795.604,340231.6,6949.304,12679.52,59.68725,60.17424,59.66036,78.54546,0,0,13798.08,12679.52
0.5742527,-0.5741991,78.54707,-0.009404882,12679.53,12.25,10.00045,6796.457,603.7034,0,0.5742608,0.5741991,6.17E-05,0.000184058,0.1116637,33.85757,9712.62,340314.6,6949.306,12679.53,59.68725,60.17424,59.66036,78.54546,0,0,13798.08,12679.53
0.5742763,-0.5742562,78.54707,-0.009403124,12679.53,12.25,10.00045,6796.457,603.7036,0,0.5742614,0.5742562,5.17E-06,0.000184058,0.1116637,33.85125,9747.196,340280,6949.307,12679.53,59.68725,60.17424,59.66036,78.54546,0,0,13798.08,12679.53
0.5742658,-0.5742618,78.54707,-0.009403964,12679.53,12.25,10.00045,6796.457,603.703,0,0.5742614,0.5742618,-4.48E-07,0.000184058,0.1116637,33.85427,9786.382,340240.8,6949.307,12679.53,59.68725,60.17424,59.66036,78.54546,0,0,13798.08,12679.53
0.574243,-0.5742611,78.54707,-0.009406178,12679.53,12.25,10.00045,6796.457,603.7029,0,0.574261,0.5742611,-2.63E-08,0.000184058,0.1116637,33.86224,9820.964,340206.2,6949.307,12679.53,59.68725,60.17424,59.66036,78.54546,0,0,13798.08,12679.53
0.5742694,-0.5742539,78.54707,-0.009403639,12679.53,12.25,10.00045,6796.459,603.7036,0,0.5742611,0.5742539,7.17E-06,0.000184058,0.1116637,33.8531,9733.368,340293.8,6949.309,12679.53,59.68725,60.17424,59.66036,78.54546,0,0,13798.08,12679.53
0.5742714,-0.5742597,78.54707,-0.009403598,12679.53,12.25,10.00045,6796.459,603.7032,0,0.5742614,0.5742597,1.75E-06,0.000184058,0.1116637,33.85295,9774.858,340252.3,6949.31,12679.53,59.68725,60.17424,59.66036,78.54546,0,0,13798.08,12679.53
0.5742466,-0.574261,78.54707,-0.009405925,12679.53,12.25,10.00045,6796.459,603.7028,0,0.5742611,0.574261,1.01E-07,0.000184058,0.1116637,33.86133,9816.355,340210.8,6949.31,12679.53,59.68725,60.17424,59.66036,78.54546,0,0,13798.08,12679.53
0.5742732,-0.5742552,78.54707,-0.00940346,12679.54,12.25,10.00045,6796.461,603.7034,0,0.5742611,0.5742552,5.94E-06,0.000184058,0.1116637,33.85246,9731.063,340296.1,6949.312,12679.54,59.68725,60.17424,59.66036,78.54546,0,0,13798.08,12679.54
0.5742739,-0.5742612,78.54707,-0.009403357,12679.54,12.25,10.00045,6796.461,603.7029,0,0.5742615,0.5742612,2.33E-07,0.000184058,0.1116637,33.85209,9772.552,340254.6,6949.313,12679.54,59.68725,60.17424,59.66036,78.54546,0,0,13798.08,12679.54
0.5742487,-0.5742628,78.54707,-0.009405617,12679.54,12.25,10.00045,6796.461,603.7024,0,0.5742611,0.5742628,-1.65E-06,0.000184058,0.1116637,33.86022,9814.048,340213.1,6949.313,12679.54,59.68725,60.17424,59.66036,78.54546,0,0,13798.08,12679.54
0.5742641,-0.5742552,78.54707,-0.009403983,12679.54,12.25,10.00045,6796.464,603.703,0,0.574261,0.5742552,5.73E-06,0.000184058,0.1116637,33.85434,9726.455,340300.7,6949.315,12679.54,59.68725,60.17424,59.66036,78.54546,0,0,13798.08,12679.54
0.5742736,-0.5742592,78.54707,-0.009403383,12679.54,12.25,10.00045,6796.464,603.7029,0,0.5742614,0.5742592,2.31E-06,0.000184058,0.1116637,33.85218,9767.944,340259.2,6949.315,12679.54,59.68725,60.17424,59.66036,78.54546,0,0,13798.08,12679.54
0.5742514,-0.5742617,78.54707,-0.009405393,12679.54,12.25,10.00045,6796.464,603.7024,0,0.5742612,0.5742617,-5.48E-07,0.000184058,0.1116637,33.85941,9809.439,340217.7,6949.315,12679.54,59.68725,60.17424,59.66036,78.54546,0,0,13798.08,12679.54
0.5742472,-0.5741958,78.54707,-0.009405321,12679.55,12.25,10.00045,6796.466,603.7028,0,0.5742607,0.5741958,6.49E-05,0.000184058,0.1116637,33.85916,9712.625,340314.5,6949.317,12679.55,59.68725,60.17424,59.66036,78.54546,0,0,13798.08,12679.55
0.5742748,-0.5742552,78.54707,-0.009403394,12679.55,12.25,10.00045,6796.466,603.7032,0,0.5742614,0.5742552,6.18E-06,0.000184058,0.1116637,33.85221,9754.117,340273,6949.318,12679.55,59.68725,60.17424,59.66036,78.54546,0,0,13798.08,12679.55
0.5742605,-0.5742607,78.54707,-0.00940469,12679.55,12.25,10.00045,6796.466,603.7027,0,0.5742613,0.5742607,6.86E-07,0.000184058,0.1116637,33.85688,9795.61,340231.5,6949.318,12679.55,59.68725,60.17424,59.66036,78.54546,0,0,13798.08,12679.55
0.5742524,-0.5741987,78.54707,-0.009405048,12679.55,12.25,10.00045,6796.468,603.7029,0,0.5742608,0.5741987,6.21E-05,0.000184058,0.1116637,33.85817,9712.625,340314.5,6949.32,12679.55,59.68725,60.17424,59.66036,78.54546,0,0,13798.08,12679.55
0.5742766,-0.574257,78.54707,-0.009403254,12679.55,12.25,10.00045,6796.468,603.7031,0,0.5742614,0.574257,4.48E-06,0.000184058,0.1116637,33.85172,9754.116,340273,6949.321,12679.55,59.68725,60.17424,59.66036,78.54546,0,0,13798.08,12679.55
0.5742602,-0.574262,78.54707,-0.009404521,12679.55,12.25,10.00045,6796.468,603.7024,0,0.5742613,0.574262,-7.27E-07,0.000184058,0.1116637,33.85628,9793.304,340233.8,6949.321,12679.55,59.68725,60.17424,59.66036,78.54546,0,0,13798.08,12679.55
0.5742413,-0.5742581,78.54707,-0.009406036,12679.56,12.25,10.00045,6796.471,603.7026,0,0.5742608,0.5742581,2.62E-06,0.000184058,0.1116637,33.86173,9705.71,340321.4,6949.32,12679.56,59.68725,60.17424,59.66036,78.54546,0,0,13798.08,12679.56
0.5742725,-0.5742537,78.54707,-0.009403536,12679.56,12.25,10.00045,6796.471,603.7032,0,0.5742612,0.5742537,7.56E-06,0.000184058,0.1116637,33.85273,9740.289,340286.8,6949.323,12679.56,59.68725,60.17424,59.66036,78.54546,0,0,13798.08,12679.56
0.5742682,-0.5742601,78.54707,-0.009403976,12679.56,12.25,10.00045,6796.471,603.7027,0,0.5742614,0.5742601,1.39E-06,0.000184058,0.1116637,33.85431,9781.779,340245.3,6949.324,12679.56,59.68725,60.17424,59.66036,78.54546,0,0,13798.08,12679.56
0.5742465,-0.5742605,78.54707,-0.009406036,12679.56,12.25,10.00045,6796.471,603.7025,0,0.5742611,0.5742605,5.40E-07,0.000184058,0.1116637,33.86173,9816.361,340210.8,6949.324,12679.56,59.68725,60.17424,59.66036,78.54546,0,0,13798.08,12679.56
0.574271,-0.5742546,78.54707,-0.009403585,12679.56,12.25,10.00045,6796.473,603.703,0,0.5742611,0.5742546,6.50E-06,0.000184058,0.1116637,33.85291,9733.373,340293.7,6949.326,12679.56,59.68725,60.17424,59.66036,78.54546,0,0,13798.08,12679.56
0.5742734,-0.5742604,78.54707,-0.009403434,12679.56,12.25,10.00045,6796.473,603.7026,0,0.5742615,0.5742604,1.10E-06,0.000184058,0.1116637,33.85236,9772.558,340254.5,6949.327,12679.56,59.68725,60.17424,59.66036,78.54546,0,0,13798.08,12679.56
0.5742484,-0.5742621,78.54707,-0.009405683,12679.56,12.25,10.00045,6796.473,603.7021,0,0.5742611,0.5742621,-9.53E-07,0.000184058,0.1116637,33.86046,9814.054,340213,6949.327,12679.56,59.68725,60.17424,59.66036,78.54546,0,0,13798.08,12679.56
0.5742639,-0.5742547,78.54707,-0.00940404,12679.57,12.25,10.00045,6796.475,603.7028,0,0.574261,0.5742547,6.26E-06,0.000184058,0.1116637,33.85454,9726.459,340300.6,6949.329,12679.57,59.68725,60.17424,59.66036,78.54546,0,0,13798.08,12679.57
0.5742735,-0.5742587,78.54707,-0.009403432,12679.57,12.25,10.00045,6796.475,603.7026,0,0.5742614,0.5742587,2.71E-06,0.000184058,0.1116637,33.85236,9767.949,340259.1,6949.329,12679.57,59.68725,60.17424,59.66036,78.54546,0,0,13798.08,12679.57
0.5742514,-0.5742614,78.54707,-0.009405433,12679.57,12.25,10.00045,6796.475,603.7021,0,0.5742612,0.5742614,-2.45E-07,0.000184058,0.1116637,33.85956,9809.445,340217.6,6949.33,12679.57,59.68725,60.17424,59.66036,78.54546,0,0,13798.08,12679.57
0.5742688,-0.5742557,78.54707,-0.009403781,12679.57,12.25,10.00045,6796.478,603.7026,0,0.574261,0.5742557,5.36E-06,0.000184058,0.1116637,33.85361,9724.154,340302.9,6949.332,12679.57,59.68725,60.17424,59.66036,78.54546,0,0,13798.08,12679.57
0.5742763,-0.5742606,78.54707,-0.009403127,12679.57,12.25,10.00045,6796.478,603.7023,0,0.5742615,0.5742606,9.42E-07,0.000184058,0.1116637,33.85126,9765.643,340261.4,6949.332,12679.57,59.68725,60.17424,59.66036,78.54546,0,0,13798.08,12679.57
0.5742583,-0.5742636,78.54707,-0.00940461,12679.57,12.25,10.00045,6796.478,603.7017,0,0.5742613,0.5742636,-2.34E-06,0.000184058,0.1116637,33.8566,9800.22,340226.8,6949.333,12679.57,59.68725,60.17424,59.66036,78.54546,0,0,13798.08,12679.57
0.5742493,-0.5741975,78.54707,-0.009405014,12679.58,12.25,10.00045,6796.48,603.702,0,0.5742607,0.5741975,6.32E-05,0.000184058,0.1116637,33.85805,9712.629,340314.4,6949.334,12679.58,59.68725,60.17424,59.66036,78.54546,0,0,13798.08,12679.58
0.5742751,-0.5742568,78.54707,-0.009403107,12679.58,12.25,10.00045,6796.48,603.7023,0,0.5742614,0.5742568,4.61E-06,0.000184058,0.1116637,33.85118,9754.12,340272.9,6949.335,12679.58,59.68725,60.17424,59.66036,78.54546,0,0,13798.08,12679.58
0.5742558,-0.5742618,78.54707,-0.009404812,12679.58,12.25,10.00045,6796.48,603.7017,0,0.5742612,0.5742618,-5.21E-07,0.000184058,0.1116637,33.85732,9800.223,340224.5,6949.335,12679.58,59.68725,60.17424,59.66036,78.54546,0,0,13798.08,12679.58
0.5742477,-0.5741954,78.54707,-0.009405151,12679.58,12.25,10.00045,6796.482,603.7021,0,0.5742607,0.5741954,6.53E-05,0.000184058,0.1116637,33.85854,9712.631,340314.4,6949.337,12679.58,59.68725,60.17424,59.66036,78.54546,0,0,13798.08,12679.58
0.5742739,-0.5742539,78.54707,-0.009403273,12679.58,12.25,10.00045,6796.482,603.7026,0,0.5742613,0.5742539,7.43E-06,0.000184058,0.1116637,33.85178,9747.207,340279.8,6949.337,12679.58,59.68725,60.17424,59.66036,78.54546,0,0,13798.08,12679.58
0.5742643,-0.5742601,78.54707,-0.009404168,12679.58,12.25,10.00045,6796.482,603.7021,0,0.5742614,0.5742601,1.30E-06,0.000184058,0.1116637,33.855,9788.698,340238.3,6949.338,12679.58,59.68725,60.17424,59.66036,78.54546,0,0,13798.08,12679.58
0.574245,-0.5742583,78.54707,-0.009405623,12679.59,12.25,10.00045,6796.484,603.7021,0,0.5742609,0.5742583,2.62E-06,0.000184058,0.1116637,33.86024,9705.715,340321.3,6949.337,12679.59,59.68725,60.17424,59.66036,78.54546,0,0,13798.08,12679.59
0.5742757,-0.5742555,78.54707,-0.009403131,12679.59,12.25,10.00045,6796.484,603.7025,0,0.5742614,0.5742555,5.80E-06,0.000184058,0.1116637,33.85127,9747.207,340279.8,6949.34,12679.59,59.68725,60.17424,59.66036,78.54546,0,0,13798.08,12679.59
0.5742648,-0.5742612,78.54707,-0.009403982,12679.59,12.25,10.00045,6796.484,603.7019,0,0.5742614,0.5742612,1.36E-07,0.000184058,0.1116637,33.85434,9786.393,340240.6,6949.341,12679.59,59.68725,60.17424,59.66036,78.54546,0,0,13798.08,12679.59
0.574237,-0.5742593,78.54707,-0.009406743,12679.6,12.25,10.00045,6796.487,603.7019,0,0.5742609,0.5742593,1.57E-06,0.000184058,0.1116637,33.86427,9698.798,340199.1,6949.341,12679.6,59.68725,60.17424,59.66036,78.54546,0,0,13798.08,12679.6
0.5742723,-0.5742536,78.54707,-0.00940338,12679.6,12.25,10.00045,6796.487,603.7026,0,0.5742612,0.5742536,7.63E-06,0.000184058,0.1116637,33.85217,9740.294,340286.7,6949.343,12679.6,59.68725,60.17424,59.66036,78.54546,0,0,13798.08,12679.6
0.574268,-0.5742599,78.54707,-0.009403827,12679.6,12.25,10.00045,6796.487,603.7021,0,0.5742614,0.5742599,1.50E-06,0.000184058,0.1116637,33.85378,9781.784,340245.2,6949.344,12679.6,59.68725,60.17424,59.66036,78.54546,0,0,13798.08,12679.6
0.5742409,-0.5742596,78.54707,-0.009406435,12679.6,12.25,10.00045,6796.489,603.702,0,0.574261,0.5742596,1.35E-06,0.000184058,0.1116637,33.86317,9698.798,340203.7,6949.343,12679.6,59.68725,60.17424,59.66036,78.54546,0,0,13798.08,12679.6
0.5742754,-0.574255,78.54707,-0.009403191,12679.6,12.25,10.00045,6796.489,603.7025,0,0.5742613,0.574255,6.29E-06,0.000184058,0.1116637,33.85149,9737.988,340289,6949.346,12679.6,59.68725,60.17424,59.66036,78.54546,0,0,13798.08,12679.6
0.5742702,-0.5742614,78.54707,-0.00940357,12679.6,12.25,10.00045,6796.489,603.7019,0,0.5742614,0.5742614,9.32E-08,0.000184058,0.1116637,33.85285,9779.478,340247.5,6949.346,12679.6,59.68725,60.17424,59.66036,78.54546,0,0,13798.08,12679.6
0.5742375,-0.5742603,78.54707,-0.00940668,12679.61,12.25,10.00045,6796.491,603.7017,0,0.574261,0.5742603,6.31E-07,0.000184058,0.1116637,33.86405,9698.8,340199.1,6949.346,12679.61,59.68725,60.17424,59.66036,78.54546,0,0,13798.08,12679.61
0.5742724,-0.5742543,78.54707,-0.009403333,12679.61,12.25,10.00045,6796.491,603.7023,0,0.5742612,0.5742543,6.91E-06,0.000184058,0.1116637,33.852,9740.296,340286.7,6949.349,12679.61,59.68725,60.17424,59.66036,78.54546,0,0,13798.08,12679.61
0.5742679,-0.5742604,78.54707,-0.009403784,12679.61,12.25,10.00045,6796.491,603.7019,0,0.5742614,0.5742604,1.01E-06,0.000184058,0.1116637,33.85362,9781.786,340245.2,6949.349,12679.61,59.68725,60.17424,59.66036,78.54546,0,0,13798.08,12679.61
0.5742408,-0.5742599,78.54707,-0.009406391,12679.61,12.25,10.00045,6796.494,603.7017,0,0.574261,0.5742599,1.05E-06,0.000184058,0.1116637,33.86301,9696.494,340203.7,6949.349,12679.61,59.68725,60.17424,59.66036,78.54546,0,0,13798.08,12679.61
0.5742757,-0.5742558,78.54707,-0.009403021,12679.61,12.25,10.00045,6796.494,603.7021,0,0.5742613,0.5742558,5.50E-06,0.000184058,0.1116637,33.85088,9737.989,340288.9,6949.352,12679.61,59.68725,60.17424,59.66036,78.54546,0,0,13798.08,12679.61
0.5742702,-0.5742623,78.54707,-0.009403394,12679.61,12.25,10.00045,6796.494,603.7015,0,0.5742615,0.5742623,-8.55E-07,0.000184058,0.1116637,33.85221,9779.478,340247.5,6949.352,12679.61,59.68725,60.17424,59.66036,78.54546,0,0,13798.08,12679.61
0.5742428,-0.5742619,78.54707,-0.009405893,12679.61,12.25,10.00045,6796.494,603.7012,0,0.574261,0.5742619,-8.93E-07,0.000184058,0.1116637,33.86122,9820.975,340206,6949.352,12679.61,59.68725,60.17424,59.66036,78.54546,0,0,13798.08,12679.61
0.5742686,-0.5742543,78.54707,-0.009403321,12679.62,12.25,10.00045,6796.496,603.7019,0,0.5742611,0.5742543,6.74E-06,0.000184058,0.1116637,33.85196,9733.381,340293.5,6949.354,12679.62,59.68725,60.17424,59.66036,78.54546,0,0,13798.08,12679.62
0.5742707,-0.5742598,78.54707,-0.009403245,12679.62,12.25,10.00045,6796.496,603.7016,0,0.5742614,0.5742598,1.69E-06,0.000184058,0.1116637,33.85168,9774.87,340252.1,6949.355,12679.62,59.68725,60.17424,59.66036,78.54546,0,0,13798.08,12679.62
0.5742458,-0.5742605,78.54707,-0.009405443,12679.62,12.25,10.00045,6796.496,603.7013,0,0.5742611,0.5742605,4.99E-07,0.000184058,0.1116637,33.85959,9814.06,340212.9,6949.355,12679.62,59.68725,60.17424,59.66036,78.54546,0,0,13798.08,12679.62
0.5742629,-0.574253,78.54707,-0.00940376,12679.62,12.25,10.00045,6796.499,603.702,0,0.5742609,0.574253,7.89E-06,0.000184058,0.1116637,33.85353,9726.468,340300.4,6949.357,12679.62,59.68725,60.17424,59.66036,78.54546,0,0,13798.08,12679.62
0.5742729,-0.5742574,78.54707,-0.009403153,12679.62,12.25,10.00045,6796.499,603.702,0,0.5742614,0.5742574,4.09E-06,0.000184058,0.1116637,33.85135,9767.957,340258.9,6949.357,12679.62,59.68725,60.17424,59.66036,78.54546,0,0,13798.08,12679.62
0.5742509,-0.5742603,78.54707,-0.00940517,12679.62,12.25,10.00045,6796.499,603.7015,0,0.5742611,0.5742603,8.43E-07,0.000184058,0.1116637,33.85861,9809.45,340217.5,6949.358,12679.62,59.68725,60.17424,59.66036,78.54546,0,0,13798.08,12679.62
0.5742656,-0.5742544,78.54707,-0.009403585,12679.63,12.25,10.00045,6796.5,603.702,0,0.574261,0.5742544,6.58E-06,0.000184058,0.1116637,33.85291,9726.468,340300.4,6949.36,12679.63,59.68725,60.17424,59.66036,78.54546,0,0,13798.08,12679.63
0.5742739,-0.5742585,78.54707,-0.009403006,12679.63,12.25,10.00045,6796.5,603.7018,0,0.5742614,0.5742585,2.87E-06,0.000184058,0.1116637,33.85082,9765.651,340261.3,6949.36,12679.63,59.68725,60.17424,59.66036,78.54546,0,0,13798.08,12679.63
0.5742526,-0.5742615,78.54707,-0.009404919,12679.63,12.25,10.00045,6796.5,603.7014,0,0.5742612,0.5742615,-3.47E-07,0.000184058,0.1116637,33.85771,9807.144,340219.8,6949.36,12679.63,59.68725,60.17424,59.66036,78.54546,0,0,13798.08,12679.63
0.5742567,-0.5742561,78.54707,-0.009404262,12679.63,12.25,10.00045,6796.503,603.7019,0,0.5742608,0.5742561,4.63E-06,0.000184058,0.1116637,33.85534,9719.554,340307.3,6949.363,12679.63,59.68725,60.17424,59.66036,78.54546,0,0,13798.08,12679.63
0.574273,-0.574258,78.54707,-0.009403174,12679.63,12.25,10.00045,6796.503,603.7019,0,0.5742614,0.574258,3.44E-06,0.000184058,0.1116637,33.85143,9767.958,340258.9,6949.363,12679.63,59.68725,60.17424,59.66036,78.54546,0,0,13798.08,12679.63
0.5742509,-0.5742608,78.54707,-0.009405187,12679.63,12.25,10.00045,6796.503,603.7015,0,0.5742611,0.5742608,3.77E-07,0.000184058,0.1116637,33.85868,9809.452,340217.4,6949.363,12679.63,59.68725,60.17424,59.66036,78.54546,0,0,13798.08,12679.63
0.5742682,-0.574255,78.54707,-0.009403571,12679.64,12.25,10.00045,6796.505,603.702,0,0.5742609,0.574255,5.88E-06,0.000184058,0.1116637,33.85286,9724.164,340302.7,6949.366,12679.64,59.68725,60.17424,59.66036,78.54546,0,0,13798.08,12679.64
0.5742759,-0.5742598,78.54707,-0.009402923,12679.64,12.25,10.00045,6796.505,603.7017,0,0.5742615,0.5742598,1.72E-06,0.000184058,0.1116637,33.85052,9765.652,340261.2,6949.366,12679.64,59.68725,60.17424,59.66036,78.54546,0,0,13798.08,12679.64
0.5742531,-0.5742628,78.54707,-0.009404868,12679.64,12.25,10.00045,6796.505,603.701,0,0.5742612,0.5742628,-1.59E-06,0.000184058,0.1116637,33.85752,9807.145,340219.7,6949.366,12679.64,59.68725,60.17424,59.66036,78.54546,0,0,13798.08,12679.64
0.5742574,-0.5742571,78.54707,-0.009404137,12679.64,12.25,10.00045,6796.507,603.7016,0,0.5742608,0.5742571,3.69E-06,0.000184058,0.1116637,33.85489,9719.556,340307.3,6949.369,12679.64,59.68725,60.17424,59.66036,78.54546,0,0,13798.08,12679.64
0.5742747,-0.5742577,78.54707,-0.009402942,12679.64,12.25,10.00045,6796.507,603.7017,0,0.5742614,0.5742577,3.76E-06,0.000184058,0.1116637,33.85059,9761.045,340265.8,6949.369,12679.64,59.68725,60.17424,59.66036,78.54546,0,0,13798.08,12679.64
0.5742601,-0.5742615,78.54707,-0.009404201,12679.64,12.25,10.00045,6796.507,603.7012,0,0.5742613,0.5742615,-2.08E-07,0.000184058,0.1116637,33.85513,9795.62,340231.2,6949.369,12679.64,59.68725,60.17424,59.66036,78.54546,0,0,13798.08,12679.64
0.5742392,-0.5742576,78.54707,-0.009405748,12679.65,12.25,10.00045,6796.51,603.7014,0,0.5742608,0.5742576,3.15E-06,0.000184058,0.1116637,33.86069,9705.726,340321.1,6949.368,12679.65,59.68725,60.17424,59.66036,78.54546,0,0,13798.08,12679.65
0.5742735,-0.5742536,78.54707,-0.009403097,12679.65,12.25,10.00045,6796.51,603.702,0,0.5742613,0.5742536,7.69E-06,0.000184058,0.1116637,33.85115,9747.218,340279.6,6949.372,12679.65,59.68725,60.17424,59.66036,78.54546,0,0,13798.08,12679.65
0.5742639,-0.5742598,78.54707,-0.009403989,12679.65,12.25,10.00045,6796.51,603.7015,0,0.5742614,0.5742598,1.61E-06,0.000184058,0.1116637,33.85436,9788.708,340238.1,6949.372,12679.65,59.68725,60.17424,59.66036,78.54546,0,0,13798.08,12679.65
0.5742447,-0.574258,78.54707,-0.009405443,12679.65,12.25,10.00045,6796.512,603.7015,0,0.5742609,0.574258,2.93E-06,0.000184058,0.1116637,33.85959,9705.726,340321.1,6949.371,12679.65,59.68725,60.17424,59.66036,78.54546,0,0,13798.08,12679.65
0.5742755,-0.5742552,78.54707,-0.009402949,12679.65,12.25,10.00045,6796.512,603.702,0,0.5742614,0.5742552,6.10E-06,0.000184058,0.1116637,33.85062,9747.217,340279.6,6949.375,12679.65,59.68725,60.17424,59.66036,78.54546,0,0,13798.08,12679.65
0.5742639,-0.574261,78.54707,-0.009403825,12679.65,12.25,10.00045,6796.512,603.7014,0,0.5742613,0.574261,2.91E-07,0.000184058,0.1116637,33.85377,9786.401,340240.4,6949.375,12679.65,59.68725,60.17424,59.66036,78.54546,0,0,13798.08,12679.65
0.5742365,-0.574259,78.54707,-0.009406573,12679.66,12.25,10.00045,6796.515,603.7014,0,0.5742609,0.574259,1.94E-06,0.000184058,0.1116637,33.86366,9698.809,340198.9,6949.375,12679.66,59.68725,60.17424,59.66036,78.54546,0,0,13798.08,12679.66
0.574272,-0.5742532,78.54707,-0.009403203,12679.66,12.25,10.00045,6796.515,603.7021,0,0.5742612,0.5742532,8.01E-06,0.000184058,0.1116637,33.85153,9740.304,340286.5,6949.377,12679.66,59.68725,60.17424,59.66036,78.54546,0,0,13798.08,12679.66
0.5742677,-0.5742596,78.54707,-0.009403649,12679.66,12.25,10.00045,6796.515,603.7017,0,0.5742614,0.5742596,1.85E-06,0.000184058,0.1116637,33.85313,9781.794,340245,6949.377,12679.66,59.68725,60.17424,59.66036,78.54546,0,0,13798.08,12679.66
0.5742407,-0.5742593,78.54707,-0.009406256,12679.66,12.25,10.00045,6796.517,603.7015,0,0.574261,0.5742593,1.67E-06,0.000184058,0.1116637,33.86252,9698.81,340203.5,6949.377,12679.66,59.68725,60.17424,59.66036,78.54546,0,0,13798.08,12679.66
0.5742737,-0.5742546,78.54707,-0.009403037,12679.66,12.25,10.00045,6796.517,603.702,0,0.5742612,0.5742546,6.68E-06,0.000184058,0.1116637,33.85093,9737.999,340286.5,6949.38,12679.66,59.68725,60.17424,59.66036,78.54546,0,0,13798.08,12679.66
0.5742697,-0.5742608,78.54707,-0.009403403,12679.66,12.25,10.00045,6796.517,603.7015,0,0.5742614,0.5742608,6.01E-07,0.000184058,0.1116637,33.85225,9779.487,340247.3,6949.38,12679.66,59.68725,60.17424,59.66036,78.54546,0,0,13798.08,12679.66
0.5742427,-0.5742608,78.54707,-0.009405937,12679.66,12.25,10.00045,6796.517,603.7012,0,0.574261,0.5742608,1.91E-07,0.000184058,0.1116637,33.86137,9820.984,340205.8,6949.38,12679.66,59.68725,60.17424,59.66036,78.54546,0,0,13798.08,12679.66
0.5742686,-0.5742536,78.54707,-0.009403404,12679.67,12.25,10.00045,6796.519,603.702,0,0.5742611,0.5742536,7.49E-06,0.000184058,0.1116637,33.85226,9733.391,340293.4,6949.383,12679.67,59.68725,60.17424,59.66036,78.54546,0,0,13798.08,12679.67
0.5742677,-0.5742601,78.54707,-0.009403614,12679.67,12.25,10.00045,6796.519,603.7015,0,0.5742614,0.5742601,1.33E-06,0.000184058,0.1116637,33.85301,9781.795,340245,6949.383,12679.67,59.68725,60.17424,59.66036,78.54546,0,0,13798.08,12679.67
0.5742447,-0.5742586,78.54707,-0.009405379,12679.67,12.25,10.00045,6796.521,603.7015,0,0.5742609,0.5742586,2.27E-06,0.000184058,0.1116637,33.85936,9703.424,340321,6949.382,12679.67,59.68725,60.17424,59.66036,78.54546,0,0,13798.08,12679.67
0.5742778,-0.5742557,78.54707,-0.00940274,12679.67,12.25,10.00045,6796.521,603.7018,0,0.5742614,0.5742557,5.66E-06,0.000184058,0.1116637,33.84986,9744.914,340281.8,6949.386,12679.67,59.68725,60.17424,59.66036,78.54546,0,0,13798.08,12679.67
0.5742666,-0.5742624,78.54707,-0.00940355,12679.67,12.25,10.00045,6796.521,603.701,0,0.5742614,0.5742624,-9.90E-07,0.000184058,0.1116637,33.85278,9786.402,340240.3,6949.386,12679.67,59.68725,60.17424,59.66036,78.54546,0,0,13798.08,12679.67
0.5742415,-0.5742592,78.54707,-0.009405435,12679.68,12.25,10.00045,6796.523,603.701,0,0.5742608,0.5742592,1.65E-06,0.000184058,0.1116637,33.85957,9705.73,340321,6949.385,12679.68,59.68725,60.17424,59.66036,78.54546,0,0,13798.08,12679.68
0.5742741,-0.5742552,78.54707,-0.009402786,12679.68,12.25,10.00045,6796.523,603.7016,0,0.5742613,0.5742552,6.17E-06,0.000184058,0.1116637,33.85003,9747.221,340279.5,6949.389,12679.68,59.68725,60.17424,59.66036,78.54546,0,0,13798.08,12679.68
0.5742599,-0.5742612,78.54707,-0.00940402,12679.68,12.25,10.00045,6796.523,603.701,0,0.5742613,0.5742612,1.01E-07,0.000184058,0.1116637,33.85447,9793.32,340231.1,6949.389,12679.68,59.68725,60.17424,59.66036,78.54546,0,0,13798.08,12679.68
0.5742476,-0.5741949,78.54707,-0.009404748,12679.68,12.25,10.00045,6796.526,603.7014,0,0.5742607,0.5741949,6.57E-05,0.000184058,0.1116637,33.85709,9712.647,340314.1,6949.391,12679.68,59.68725,60.17424,59.66036,78.54546,0,0,13798.08,12679.68
0.5742745,-0.5742546,78.54707,-0.009402835,12679.68,12.25,10.00045,6796.526,603.7018,0,0.5742614,0.5742546,6.73E-06,0.000184058,0.1116637,33.8502,9754.137,340272.6,6949.391,12679.68,59.68725,60.17424,59.66036,78.54546,0,0,13798.08,12679.68
0.5742599,-0.5742601,78.54707,-0.00940414,12679.68,12.25,10.00045,6796.526,603.7013,0,0.5742613,0.5742601,1.20E-06,0.000184058,0.1116637,33.8549,9795.627,340231.1,6949.392,12679.68,59.68725,60.17424,59.66036,78.54546,0,0,13798.08,12679.68
0.5742517,-0.5741981,78.54707,-0.009404505,12679.69,12.25,10.00045,6796.528,603.7015,0,0.5742608,0.5741981,6.27E-05,0.000184058,0.1116637,33.85622,9712.647,340314.1,6949.394,12679.69,59.68725,60.17424,59.66036,78.54546,0,0,13798.08,12679.69
0.5742759,-0.5742564,78.54707,-0.009402718,12679.69,12.25,10.00045,6796.528,603.7018,0,0.5742614,0.5742564,5.05E-06,0.000184058,0.1116637,33.84978,9754.137,340272.6,6949.394,12679.69,59.68725,60.17424,59.66036,78.54546,0,0,13798.08,12679.69
0.5742611,-0.5742612,78.54707,-0.009403932,12679.69,12.25,10.00045,6796.528,603.7012,0,0.5742613,0.5742612,7.06E-08,0.000184058,0.1116637,33.85415,9793.321,340233.4,6949.395,12679.69,59.68725,60.17424,59.66036,78.54546,0,0,13798.08,12679.69
0.5742368,-0.5742591,78.54707,-0.009406364,12679.69,12.25,10.00045,6796.531,603.7012,0,0.5742609,0.5742591,1.79E-06,0.000184058,0.1116637,33.86291,9698.814,340198.8,6949.395,12679.69,59.68725,60.17424,59.66036,78.54546,0,0,13798.08,12679.69
0.574272,-0.5742533,78.54707,-0.009403014,12679.69,12.25,10.00045,6796.531,603.702,0,0.5742612,0.5742533,7.86E-06,0.000184058,0.1116637,33.85085,9740.31,340286.4,6949.397,12679.69,59.68725,60.17424,59.66036,78.54546,0,0,13798.08,12679.69
0.574264,-0.5742603,78.54707,-0.009403784,12679.69,12.25,10.00045,6796.531,603.7014,0,0.5742614,0.5742603,1.08E-06,0.000184058,0.1116637,33.85362,9788.713,340238,6949.397,12679.69,59.68725,60.17424,59.66036,78.54546,0,0,13798.08,12679.69
0.5742447,-0.5742583,78.54707,-0.009405239,12679.7,12.25,10.00045,6796.533,603.7014,0,0.5742609,0.5742583,2.55E-06,0.000184058,0.1116637,33.85886,9705.733,340320.9,6949.396,12679.7,59.68725,60.17424,59.66036,78.54546,0,0,13798.08,12679.7
0.5742779,-0.5742567,78.54707,-0.00940263,12679.7,12.25,10.00045,6796.533,603.7018,0,0.5742614,0.5742567,4.73E-06,0.000184058,0.1116637,33.84947,9751.833,340274.8,6949.4,12679.7,59.68725,60.17424,59.66036,78.54546,0,0,13798.08,12679.7
0.5742623,-0.5742624,78.54707,-0.009403874,12679.7,12.25,10.00045,6796.533,603.701,0,0.5742614,0.5742624,-1.08E-06,0.000184058,0.1116637,33.85395,9793.322,340233.3,6949.4,12679.7,59.68725,60.17424,59.66036,78.54546,0,0,13798.08,12679.7
0.5742415,-0.5742589,78.54707,-0.009405459,12679.7,12.25,10.00045,6796.535,603.7012,0,0.5742608,0.5742589,1.90E-06,0.000184058,0.1116637,33.85965,9705.734,340320.9,6949.399,12679.7,59.68725,60.17424,59.66036,78.54546,0,0,13798.08,12679.7
0.5742741,-0.574255,78.54707,-0.009402853,12679.7,12.25,10.00045,6796.535,603.7017,0,0.5742613,0.574255,6.33E-06,0.000184058,0.1116637,33.85027,9747.226,340279.4,6949.403,12679.7,59.68725,60.17424,59.66036,78.54546,0,0,13798.08,12679.7
0.5742607,-0.5742611,78.54707,-0.009404049,12679.7,12.25,10.00045,6796.535,603.7011,0,0.5742613,0.5742611,1.55E-07,0.000184058,0.1116637,33.85458,9795.63,340231,6949.403,12679.7,59.68725,60.17424,59.66036,78.54546,0,0,13798.08,12679.7
0.5742389,-0.5742577,78.54707,-0.009405647,12679.71,12.25,10.00045,6796.538,603.7013,0,0.5742608,0.5742577,3.08E-06,0.000184058,0.1116637,33.86033,9705.736,340320.9,6949.402,12679.71,59.68725,60.17424,59.66036,78.54546,0,0,13798.08,12679.71
0.5742733,-0.5742536,78.54707,-0.009403,12679.71,12.25,10.00045,6796.538,603.702,0,0.5742613,0.5742536,7.75E-06,0.000184058,0.1116637,33.8508,9747.228,340279.4,6949.405,12679.71,59.68725,60.17424,59.66036,78.54546,0,0,13798.08,12679.71
0.5742639,-0.5742596,78.54707,-0.009403887,12679.71,12.25,10.00045,6796.538,603.7015,0,0.5742614,0.5742596,1.69E-06,0.000184058,0.1116637,33.85399,9788.718,340237.9,6949.406,12679.71,59.68725,60.17424,59.66036,78.54546,0,0,13798.08,12679.71
0.5742517,-0.5741981,78.54707,-0.009404607,12679.71,12.25,10.00045,6796.54,603.7016,0,0.5742608,0.5741981,6.27E-05,0.000184058,0.1116637,33.85659,9712.652,340314,6949.408,12679.71,59.68725,60.17424,59.66036,78.54546,0,0,13798.08,12679.71
0.5742759,-0.5742564,78.54707,-0.00940281,12679.71,12.25,10.00045,6796.54,603.7018,0,0.5742614,0.5742564,5.07E-06,0.000184058,0.1116637,33.85012,9754.142,340272.5,6949.408,12679.71,59.68725,60.17424,59.66036,78.54546,0,0,13798.08,12679.71
0.5742596,-0.5742614,78.54707,-0.009404075,12679.71,12.25,10.00045,6796.54,603.7012,0,0.5742612,0.5742614,-1.18E-07,0.000184058,0.1116637,33.85467,9793.327,340233.3,6949.409,12679.71,59.68725,60.17424,59.66036,78.54546,0,0,13798.08,12679.71
0.5742483,-0.5741953,78.54707,-0.009404827,12679.72,12.25,10.00045,6796.542,603.7016,0,0.5742607,0.5741953,6.54E-05,0.000184058,0.1116637,33.85738,9712.653,340313.9,6949.411,12679.72,59.68725,60.17424,59.66036,78.54546,0,0,13798.08,12679.72
0.5742748,-0.5742565,78.54707,-0.0094029,12679.72,12.25,10.00045,6796.542,603.7019,0,0.5742614,0.5742565,4.96E-06,0.000184058,0.1116637,33.85044,9761.058,340265.5,6949.411,12679.72,59.68725,60.17424,59.66036,78.54546,0,0,13798.08,12679.72
0.5742558,-0.5742608,78.54707,-0.009404575,12679.72,12.25,10.00045,6796.542,603.7014,0,0.5742612,0.5742608,4.48E-07,0.000184058,0.1116637,33.85647,9802.55,340224,6949.412,12679.72,59.68725,60.17424,59.66036,78.54546,0,0,13798.08,12679.72
0.5742592,-0.5742567,78.54707,-0.00940391,12679.72,12.25,10.00045,6796.544,603.7018,0,0.5742608,0.5742567,4.10E-06,0.000184058,0.1116637,33.85408,9719.569,340307,6949.414,12679.72,59.68725,60.17424,59.66036,78.54546,0,0,13798.08,12679.72
0.5742758,-0.5742574,78.54707,-0.009402717,12679.72,12.25,10.00045,6796.544,603.7018,0,0.5742614,0.5742574,3.91E-06,0.000184058,0.1116637,33.84978,9758.752,340267.8,6949.414,12679.72,59.68725,60.17424,59.66036,78.54546,0,0,13798.08,12679.72
0.5742574,-0.5742619,78.54707,-0.009404292,12679.72,12.25,10.00045,6796.544,603.7012,0,0.5742612,0.5742619,-6.40E-07,0.000184058,0.1116637,33.85545,9800.243,340226.3,6949.415,12679.72,59.68725,60.17424,59.66036,78.54546,0,0,13798.08,12679.72
0.5742489,-0.5741962,78.54707,-0.009404704,12679.73,12.25,10.00045,6796.547,603.7015,0,0.5742607,0.5741962,6.46E-05,0.000184058,0.1116637,33.85693,9712.655,340313.9,6949.417,12679.73,59.68725,60.17424,59.66036,78.54546,0,0,13798.08,12679.73
0.5742744,-0.5742569,78.54707,-0.009402861,12679.73,12.25,10.00045,6796.547,603.7018,0,0.5742614,0.5742569,4.50E-06,0.000184058,0.1116637,33.8503,9761.06,340265.5,6949.417,12679.73,59.68725,60.17424,59.66036,78.54546,0,0,13798.08,12679.73
0.5742556,-0.574261,78.54707,-0.009404532,12679.73,12.25,10.00045,6796.547,603.7013,0,0.5742612,0.574261,2.35E-07,0.000184058,0.1116637,33.85632,9802.551,340224,6949.417,12679.73,59.68725,60.17424,59.66036,78.54546,0,0,13798.08,12679.73
0.5742684,-0.5742551,78.54707,-0.009403348,12679.74,12.25,10.00045,6796.549,603.7018,0,0.574261,0.5742551,5.92E-06,0.000184058,0.1116637,33.85205,9724.181,340302.4,6949.419,12679.74,59.68725,60.17424,59.66036,78.54546,0,0,13798.08,12679.74
0.5742739,-0.5742613,78.54707,-0.009402828,12679.74,12.25,10.00045,6796.549,603.7013,0,0.5742615,0.5742613,2.13E-07,0.000184058,0.1116637,33.85018,9772.582,340254,6949.42,12679.74,59.68725,60.17424,59.66036,78.54546,0,0,13798.08,12679.74
0.5742481,-0.5742627,78.54707,-0.009405085,12679.74,12.25,10.00045,6796.549,603.7008,0,0.5742611,0.5742627,-1.57E-06,0.000184058,0.1116637,33.85831,9814.075,340212.5,6949.42,12679.74,59.68725,60.17424,59.66036,78.54546,0,0,13798.08,12679.74
0.5742685,-0.5742543,78.54707,-0.009403068,12679.74,12.25,10.00045,6796.551,603.7015,0,0.5742611,0.5742543,6.75E-06,0.000184058,0.1116637,33.85104,9733.402,340293.1,6949.422,12679.74,59.68725,60.17424,59.66036,78.54546,0,0,13798.08,12679.74
0.5742705,-0.5742597,78.54707,-0.009403005,12679.74,12.25,10.00045,6796.551,603.7012,0,0.5742614,0.5742597,1.75E-06,0.000184058,0.1116637,33.85082,9774.89,340251.6,6949.423,12679.74,59.68725,60.17424,59.66036,78.54546,0,0,13798.08,12679.74
0.5742398,-0.5742599,78.54707,-0.009405777,12679.74,12.25,10.00045,6796.551,603.7009,0,0.574261,0.5742599,1.09E-06,0.000184058,0.1116637,33.8608,9820.995,340205.5,6949.423,12679.74,59.68725,60.17424,59.66036,78.54546,0,0,13798.08,12679.74
0.5742676,-0.5742522,78.54707,-0.009403192,12679.75,12.25,10.00045,6796.554,603.7018,0,0.5742611,0.5742522,8.80E-06,0.000184058,0.1116637,33.85149,9733.403,340293.1,6949.425,12679.75,59.68725,60.17424,59.66036,78.54546,0,0,13798.08,12679.75
0.5742674,-0.574259,78.54707,-0.009403391,12679.75,12.25,10.00045,6796.554,603.7014,0,0.5742614,0.574259,2.39E-06,0.000184058,0.1116637,33.85221,9781.807,340244.7,6949.426,12679.75,59.68725,60.17424,59.66036,78.54546,0,0,13798.08,12679.75
0.5742405,-0.5742589,78.54707,-0.009406005,12679.75,12.25,10.00045,6796.556,603.7013,0,0.574261,0.5742589,2.11E-06,0.000184058,0.1116637,33.86162,9698.824,340203.2,6949.425,12679.75,59.68725,60.17424,59.66036,78.54546,0,0,13798.08,12679.75
0.5742754,-0.5742552,78.54707,-0.009402672,12679.75,12.25,10.00045,6796.556,603.7018,0,0.5742614,0.5742552,6.19E-06,0.000184058,0.1116637,33.84962,9747.232,340279.3,6949.428,12679.75,59.68725,60.17424,59.66036,78.54546,0,0,13798.08,12679.75
0.5742526,-0.5742611,78.54707,-0.009404638,12679.75,12.25,10.00045,6796.556,603.7011,0,0.5742612,0.5742611,3.80E-08,0.000184058,0.1116637,33.85669,9807.163,340219.3,6949.428,12679.75,59.68725,60.17424,59.66036,78.54546,0,0,13798.08,12679.75
0.5742634,-0.5742536,78.54707,-0.00940349,12679.76,12.25,10.00045,6796.558,603.7018,0,0.574261,0.5742536,7.34E-06,0.000184058,0.1116637,33.85257,9726.49,340300,6949.431,12679.76,59.68725,60.17424,59.66036,78.54546,0,0,13798.08,12679.76
0.5742729,-0.5742579,78.54707,-0.009402891,12679.76,12.25,10.00045,6796.558,603.7017,0,0.5742614,0.5742579,3.61E-06,0.000184058,0.1116637,33.85041,9767.978,340258.5,6949.431,12679.76,59.68725,60.17424,59.66036,78.54546,0,0,13798.08,12679.76
0.5742458,-0.5742602,78.54707,-0.009405402,12679.76,12.25,10.00045,6796.558,603.7012,0,0.5742611,0.5742602,9.15E-07,0.000184058,0.1116637,33.85945,9816.387,340210.1,6949.431,12679.76,59.68725,60.17424,59.66036,78.54546,0,0,13798.08,12679.76
0.5742751,-0.5742548,78.54707,-0.009402701,12679.76,12.25,10.00045,6796.561,603.7018,0,0.5742613,0.5742548,6.55E-06,0.000184058,0.1116637,33.84972,9738.015,340288.5,6949.434,12679.76,59.68725,60.17424,59.66036,78.54546,0,0,13798.08,12679.76
0.5742698,-0.5742611,78.54707,-0.00940308,12679.76,12.25,10.00045,6796.561,603.7013,0,0.5742614,0.5742611,3.82E-07,0.000184058,0.1116637,33.85109,9779.501,340247,6949.434,12679.76,59.68725,60.17424,59.66036,78.54546,0,0,13798.08,12679.76
0.5742426,-0.574261,78.54707,-0.009405619,12679.76,12.25,10.00045,6796.561,603.701,0,0.574261,0.574261,2.76E-08,0.000184058,0.1116637,33.86023,9820.996,340205.5,6949.434,12679.76,59.68725,60.17424,59.66036,78.54546,0,0,13798.08,12679.76
0.5742685,-0.5742537,78.54707,-0.009403089,12679.77,12.25,10.00045,6796.563,603.7017,0,0.5742611,0.5742537,7.41E-06,0.000184058,0.1116637,33.85112,9733.406,340293.1,6949.437,12679.77,59.68725,60.17424,59.66036,78.54546,0,0,13798.08,12679.77
0.5742705,-0.5742593,78.54707,-0.009403044,12679.77,12.25,10.00045,6796.563,603.7014,0,0.5742614,0.5742593,2.18E-06,0.000184058,0.1116637,33.85096,9774.894,340251.6,6949.437,12679.77,59.68725,60.17424,59.66036,78.54546,0,0,13798.08,12679.77
0.5742405,-0.5742596,78.54707,-0.00940591,12679.77,12.25,10.00045,6796.565,603.7011,0,0.574261,0.5742596,1.36E-06,0.000184058,0.1116637,33.86127,9696.522,340203.2,6949.437,12679.77,59.68725,60.17424,59.66036,78.54546,0,0,13798.08,12679.77
0.5742754,-0.5742555,78.54707,-0.009402545,12679.77,12.25,10.00045,6796.565,603.7016,0,0.5742613,0.5742555,5.81E-06,0.000184058,0.1116637,33.84916,9738.015,340288.4,6949.439,12679.77,59.68725,60.17424,59.66036,78.54546,0,0,13798.08,12679.77
0.5742663,-0.5742626,78.54707,-0.009403218,12679.77,12.25,10.00045,6796.565,603.7009,0,0.5742614,0.5742626,-1.22E-06,0.000184058,0.1116637,33.85159,9786.416,340240,6949.44,12679.77,59.68725,60.17424,59.66036,78.54546,0,0,13798.08,12679.77
0.5742413,-0.5742592,78.54707,-0.009405111,12679.78,12.25,10.00045,6796.567,603.7009,0,0.5742608,0.5742592,1.58E-06,0.000184058,0.1116637,33.8584,9705.747,340320.7,6949.439,12679.78,59.68725,60.17424,59.66036,78.54546,0,0,13798.08,12679.78
0.5742739,-0.5742551,78.54707,-0.00940247,12679.78,12.25,10.00045,6796.567,603.7014,0,0.5742613,0.5742551,6.17E-06,0.000184058,0.1116637,33.84889,9747.236,340279.2,6949.442,12679.78,59.68725,60.17424,59.66036,78.54546,0,0,13798.08,12679.78
0.5742638,-0.5742608,78.54707,-0.009403345,12679.78,12.25,10.00045,6796.567,603.7009,0,0.5742614,0.5742608,5.25E-07,0.000184058,0.1116637,33.85204,9786.419,340237.7,6949.442,12679.78,59.68725,60.17424,59.66036,78.54546,0,0,13798.08,12679.78
0.5742356,-0.5742584,78.54707,-0.009406067,12679.78,12.25,10.00045,6796.57,603.7009,0,0.5742609,0.5742584,2.45E-06,0.000184058,0.1116637,33.86184,9698.83,340198.5,6949.442,12679.78,59.68725,60.17424,59.66036,78.54546,0,0,13798.08,12679.78
0.5742716,-0.5742526,78.54707,-0.009402696,12679.78,12.25,10.00045,6796.57,603.7017,0,0.5742612,0.5742526,8.59E-06,0.000184058,0.1116637,33.84971,9740.323,340286.1,6949.445,12679.78,59.68725,60.17424,59.66036,78.54546,0,0,13798.08,12679.78
0.5742639,-0.5742597,78.54707,-0.009403468,12679.78,12.25,10.00045,6796.57,603.7012,0,0.5742614,0.5742597,1.67E-06,0.000184058,0.1116637,33.85249,9788.726,340237.7,6949.445,12679.78,59.68725,60.17424,59.66036,78.54546,0,0,13798.08,12679.78
0.5742446,-0.5742579,78.54707,-0.009404934,12679.79,12.25,10.00045,6796.572,603.7012,0,0.5742609,0.5742579,3.00E-06,0.000184058,0.1116637,33.85776,9705.748,340320.7,6949.445,12679.79,59.68725,60.17424,59.66036,78.54546,0,0,13798.08,12679.79
0.5742758,-0.5742563,78.54707,-0.009402424,12679.79,12.25,10.00045,6796.572,603.7016,0,0.5742614,0.5742563,5.11E-06,0.000184058,0.1116637,33.84873,9751.847,340272.3,6949.448,12679.79,59.68725,60.17424,59.66036,78.54546,0,0,13798.08,12679.79
0.5742614,-0.5742613,78.54707,-0.009403627,12679.79,12.25,10.00045,6796.572,603.701,0,0.5742613,0.5742613,4.05E-08,0.000184058,0.1116637,33.85306,9793.335,340233,6949.448,12679.79,59.68725,60.17424,59.66036,78.54546,0,0,13798.08,12679.79
0.5742412,-0.5742579,78.54707,-0.0094052,12679.79,12.25,10.00045,6796.574,603.7012,0,0.5742608,0.5742579,2.87E-06,0.000184058,0.1116637,33.85872,9705.75,340320.6,6949.447,12679.79,59.68725,60.17424,59.66036,78.54546,0,0,13798.08,12679.79
0.5742741,-0.5742543,78.54707,-0.009402597,12679.79,12.25,10.00045,6796.574,603.7018,0,0.5742613,0.5742543,7.04E-06,0.000184058,0.1116637,33.84935,9747.239,340279.1,6949.451,12679.79,59.68725,60.17424,59.66036,78.54546,0,0,13798.08,12679.79
0.5742599,-0.5742607,78.54707,-0.009403872,12679.79,12.25,10.00045,6796.574,603.7012,0,0.5742613,0.5742607,6.50E-07,0.000184058,0.1116637,33.85394,9795.643,340230.7,6949.451,12679.79,59.68725,60.17424,59.66036,78.54546,0,0,13798.08,12679.79
0.574259,-0.5742567,78.54707,-0.009403635,12679.8,12.25,10.00045,6796.577,603.7015,0,0.5742608,0.5742567,4.20E-06,0.000184058,0.1116637,33.85308,9717.275,340306.8,6949.453,12679.8,59.68725,60.17424,59.66036,78.54546,0,0,13798.08,12679.8
0.5742773,-0.5742583,78.54707,-0.009402377,12679.8,12.25,10.00045,6796.577,603.7014,0,0.5742615,0.5742583,3.17E-06,0.000184058,0.1116637,33.84856,9758.763,340267.6,6949.454,12679.8,59.68725,60.17424,59.66036,78.54546,0,0,13798.08,12679.8
0.5742577,-0.5742627,78.54707,-0.009403989,12679.8,12.25,10.00045,6796.577,603.7007,0,0.5742613,0.5742627,-1.48E-06,0.000184058,0.1116637,33.85436,9800.252,340226.1,6949.454,12679.8,59.68725,60.17424,59.66036,78.54546,0,0,13798.08,12679.8
0.5742565,-0.5742569,78.54707,-0.009403787,12679.8,12.25,10.00045,6796.579,603.7012,0,0.5742608,0.5742569,3.89E-06,0.000184058,0.1116637,33.85363,9719.582,340306.8,6949.456,12679.8,59.68725,60.17424,59.66036,78.54546,0,0,13798.08,12679.8
0.5742742,-0.5742573,78.54707,-0.009402568,12679.8,12.25,10.00045,6796.579,603.7014,0,0.5742614,0.5742573,4.16E-06,0.000184058,0.1116637,33.84924,9761.069,340265.3,6949.457,12679.8,59.68725,60.17424,59.66036,78.54546,0,0,13798.08,12679.8
0.5742506,-0.574261,78.54707,-0.009404698,12679.8,12.25,10.00045,6796.579,603.7009,0,0.5742611,0.574261,2.15E-07,0.000184058,0.1116637,33.85691,9807.171,340216.8,6949.457,12679.8,59.68725,60.17424,59.66036,78.54546,0,0,13798.08,12679.8
0.574262,-0.5742526,78.54707,-0.009403474,12679.81,12.25,10.00045,6796.582,603.7017,0,0.5742609,0.5742526,8.26E-06,0.000184058,0.1116637,33.8525,9726.499,340299.8,6949.459,12679.81,59.68725,60.17424,59.66036,78.54546,0,0,13798.08,12679.81
0.5742725,-0.5742569,78.54707,-0.009402855,12679.81,12.25,10.00045,6796.582,603.7016,0,0.5742614,0.5742569,4.55E-06,0.000184058,0.1116637,33.85028,9767.986,340258.3,6949.459,12679.81,59.68725,60.17424,59.66036,78.54546,0,0,13798.08,12679.81
0.5742457,-0.5742595,78.54707,-0.009405371,12679.81,12.25,10.00045,6796.582,603.7012,0,0.5742611,0.5742595,1.62E-06,0.000184058,0.1116637,33.85934,9816.396,340209.9,6949.459,12679.81,59.68725,60.17424,59.66036,78.54546,0,0,13798.08,12679.81
0.5742735,-0.5742541,78.54707,-0.009402704,12679.81,12.25,10.00045,6796.583,603.7018,0,0.5742612,0.5742541,7.13E-06,0.000184058,0.1116637,33.84974,9740.328,340286,6949.462,12679.81,59.68725,60.17424,59.66036,78.54546,0,0,13798.08,12679.81
0.5742671,-0.5742606,78.54707,-0.009403169,12679.81,12.25,10.00045,6796.583,603.7013,0,0.5742615,0.5742606,9.34E-07,0.000184058,0.1116637,33.85141,9779.511,340246.8,6949.462,12679.81,59.68725,60.17424,59.66036,78.54546,0,0,13798.08,12679.81
0.5742364,-0.5742588,78.54707,-0.009406206,12679.82,12.25,10.00045,6796.586,603.7012,0,0.5742609,0.5742588,2.09E-06,0.000184058,0.1116637,33.86234,9698.836,340198.4,6949.462,12679.82,59.68725,60.17424,59.66036,78.54546,0,0,13798.08,12679.82
0.574274,-0.5742539,78.54707,-0.0094027,12679.82,12.25,10.00045,6796.586,603.7019,0,0.5742613,0.5742539,7.38E-06,0.000184058,0.1116637,33.84972,9747.245,340279.1,6949.465,12679.82,59.68725,60.17424,59.66036,78.54546,0,0,13798.08,12679.82
0.5742556,-0.5742605,78.54707,-0.009404376,12679.82,12.25,10.00045,6796.586,603.7013,0,0.5742612,0.5742605,6.83E-07,0.000184058,0.1116637,33.85575,9802.564,340223.7,6949.465,12679.82,59.68725,60.17424,59.66036,78.54546,0,0,13798.08,12679.82
0.5742655,-0.5742544,78.54707,-0.009403241,12679.82,12.25,10.00045,6796.588,603.7018,0,0.574261,0.5742544,6.58E-06,0.000184058,0.1116637,33.85167,9726.501,340299.8,6949.467,12679.82,59.68725,60.17424,59.66036,78.54546,0,0,13798.08,12679.82
0.5742749,-0.5742587,78.54707,-0.00940261,12679.82,12.25,10.00045,6796.588,603.7016,0,0.5742615,0.5742587,2.79E-06,0.000184058,0.1116637,33.8494,9765.683,340260.6,6949.468,12679.82,59.68725,60.17424,59.66036,78.54546,0,0,13798.08,12679.82
0.5742478,-0.5742614,78.54707,-0.009405031,12679.82,12.25,10.00045,6796.588,603.701,0,0.5742611,0.5742614,-3.12E-07,0.000184058,0.1116637,33.85811,9814.09,340212.2,6949.468,12679.82,59.68725,60.17424,59.66036,78.54546,0,0,13798.08,12679.82
0.5742633,-0.574254,78.54707,-0.009403392,12679.83,12.25,10.00045,6796.59,603.7017,0,0.574261,0.574254,6.90E-06,0.000184058,0.1116637,33.85221,9726.502,340299.8,6949.47,12679.83,59.68725,60.17424,59.66036,78.54546,0,0,13798.08,12679.83
0.5742706,-0.5742591,78.54707,-0.009402984,12679.83,12.25,10.00045,6796.59,603.7015,0,0.5742614,0.5742591,2.30E-06,0.000184058,0.1116637,33.85074,9774.904,340251.3,6949.471,12679.83,59.68725,60.17424,59.66036,78.54546,0,0,13798.08,12679.83
0.5742458,-0.5742603,78.54707,-0.009405302,12679.83,12.25,10.00045,6796.59,603.7012,0,0.5742611,0.5742603,7.54E-07,0.000184058,0.1116637,33.85909,9816.398,340209.8,6949.471,12679.83,59.68725,60.17424,59.66036,78.54546,0,0,13798.08,12679.83
0.5742777,-0.5742556,78.54707,-0.009402362,12679.83,12.25,10.00045,6796.593,603.7016,0,0.5742614,0.5742556,5.76E-06,0.000184058,0.1116637,33.8485,9744.939,340281.3,6949.473,12679.83,59.68725,60.17424,59.66036,78.54546,0,0,13798.08,12679.83
0.5742664,-0.5742623,78.54707,-0.009403171,12679.83,12.25,10.00045,6796.593,603.7009,0,0.5742614,0.5742623,-8.91E-07,0.000184058,0.1116637,33.85142,9786.427,340239.8,6949.474,12679.83,59.68725,60.17424,59.66036,78.54546,0,0,13798.08,12679.83
0.5742413,-0.574259,78.54707,-0.009405055,12679.84,12.25,10.00045,6796.595,603.7009,0,0.5742608,0.574259,1.74E-06,0.000184058,0.1116637,33.8582,9705.758,340320.5,6949.473,12679.84,59.68725,60.17424,59.66036,78.54546,0,0,13798.08,12679.84
0.5742747,-0.5742561,78.54707,-0.009402363,12679.84,12.25,10.00045,6796.595,603.7014,0,0.5742614,0.5742561,5.26E-06,0.000184058,0.1116637,33.84851,9754.161,340272.1,6949.476,12679.84,59.68725,60.17424,59.66036,78.54546,0,0,13798.08,12679.84
0.5742598,-0.5742611,78.54707,-0.009403638,12679.84,12.25,10.00045,6796.595,603.7009,0,0.5742613,0.5742611,1.92E-07,0.000184058,0.1116637,33.8531,9793.344,340230.6,6949.477,12679.84,59.68725,60.17424,59.66036,78.54546,0,0,13798.08,12679.84
0.5742398,-0.5742571,78.54707,-0.009405128,12679.84,12.25,10.00045,6796.598,603.7011,0,0.5742608,0.5742571,3.67E-06,0.000184058,0.1116637,33.85846,9705.759,340320.5,6949.476,12679.84,59.68725,60.17424,59.66036,78.54546,0,0,13798.08,12679.84
0.5742744,-0.5742546,78.54707,-0.00940245,12679.84,12.25,10.00045,6796.598,603.7017,0,0.5742614,0.5742546,6.81E-06,0.000184058,0.1116637,33.84882,9754.162,340272.1,6949.479,12679.84,59.68725,60.17424,59.66036,78.54546,0,0,13798.08,12679.84
0.5742555,-0.5742601,78.54707,-0.009404173,12679.84,12.25,10.00045,6796.598,603.7012,0,0.5742612,0.5742601,1.09E-06,0.000184058,0.1116637,33.85502,9802.566,340223.6,6949.479,12679.84,59.68725,60.17424,59.66036,78.54546,0,0,13798.08,12679.84
0.5742596,-0.5742564,78.54707,-0.009403458,12679.85,12.25,10.00045,6796.6,603.7015,0,0.5742608,0.5742564,4.50E-06,0.000184058,0.1116637,33.85245,9719.59,340306.6,6949.481,12679.85,59.68725,60.17424,59.66036,78.54546,0,0,13798.08,12679.85
0.5742753,-0.5742577,78.54707,-0.009402344,12679.85,12.25,10.00045,6796.6,603.7015,0,0.5742614,0.5742577,3.72E-06,0.000184058,0.1116637,33.84844,9758.771,340265.1,6949.482,12679.85,59.68725,60.17424,59.66036,78.54546,0,0,13798.08,12679.85
0.5742521,-0.5742613,78.54707,-0.009404347,12679.85,12.25,10.00045,6796.6,603.701,0,0.5742612,0.5742613,-1.50E-07,0.000184058,0.1116637,33.85565,9807.176,340219,6949.482,12679.85,59.68725,60.17424,59.66036,78.54546,0,0,13798.08,12679.85
0.5742564,-0.5742559,78.54707,-0.009403677,12679.85,12.25,10.00045,6796.602,603.7015,0,0.5742608,0.5742559,4.88E-06,0.000184058,0.1116637,33.85324,9719.591,340306.6,6949.484,12679.85,59.68725,60.17424,59.66036,78.54546,0,0,13798.08,12679.85
0.5742743,-0.5742566,78.54707,-0.009402458,12679.85,12.25,10.00045,6796.602,603.7017,0,0.5742614,0.5742566,4.84E-06,0.000184058,0.1116637,33.84885,9761.078,340265.1,6949.485,12679.85,59.68725,60.17424,59.66036,78.54546,0,0,13798.08,12679.85
0.5742555,-0.5742607,78.54707,-0.00940413,12679.85,12.25,10.00045,6796.602,603.7012,0,0.5742612,0.5742607,5.05E-07,0.000184058,0.1116637,33.85487,9802.567,340223.6,6949.485,12679.85,59.68725,60.17424,59.66036,78.54546,0,0,13798.08,12679.85
0.574259,-0.5742566,78.54707,-0.009403472,12679.86,12.25,10.00045,6796.604,603.7015,0,0.5742608,0.5742566,4.21E-06,0.000184058,0.1116637,33.8525,9719.591,340306.6,6949.487,12679.86,59.68725,60.17424,59.66036,78.54546,0,0,13798.08,12679.86
0.5742755,-0.5742593,78.54707,-0.009402346,12679.86,12.25,10.00045,6796.604,603.7014,0,0.5742615,0.5742593,2.24E-06,0.000184058,0.1116637,33.84845,9765.687,340260.5,6949.488,12679.86,59.68725,60.17424,59.66036,78.54546,0,0,13798.08,12679.86
0.5742478,-0.5742619,78.54707,-0.009404787,12679.86,12.25,10.00045,6796.604,603.7008,0,0.5742611,0.5742619,-7.78E-07,0.000184058,0.1116637,33.85723,9814.093,340212.1,6949.488,12679.86,59.68725,60.17424,59.66036,78.54546,0,0,13798.08,12679.86
0.5742685,-0.5742537,78.54707,-0.009402792,12679.87,12.25,10.00045,6796.606,603.7016,0,0.5742611,0.5742537,7.31E-06,0.000184058,0.1116637,33.85005,9733.422,340292.7,6949.49,12679.87,59.68725,60.17424,59.66036,78.54546,0,0,13798.08,12679.87
0.5742674,-0.5742601,78.54707,-0.009403004,12679.87,12.25,10.00045,6796.606,603.7012,0,0.5742614,0.5742601,1.29E-06,0.000184058,0.1116637,33.85081,9781.823,340244.3,6949.491,12679.87,59.68725,60.17424,59.66036,78.54546,0,0,13798.08,12679.87
0.5742386,-0.5742596,78.54707,-0.009405588,12679.87,12.25,10.00045,6796.606,603.701,0,0.5742609,0.5742596,1.30E-06,0.000184058,0.1116637,33.86012,9821.013,340205.1,6949.491,12679.87,59.68725,60.17424,59.66036,78.54546,0,0,13798.08,12679.87
0.574271,-0.5742524,78.54707,-0.009402745,12679.87,12.25,10.00045,6796.609,603.7019,0,0.5742612,0.5742524,8.78E-06,0.000184058,0.1116637,33.84988,9740.339,340285.8,6949.493,12679.87,59.68725,60.17424,59.66036,78.54546,0,0,13798.08,12679.87
0.5742638,-0.5742595,78.54707,-0.009403498,12679.87,12.25,10.00045,6796.609,603.7014,0,0.5742614,0.5742595,1.91E-06,0.000184058,0.1116637,33.85259,9788.741,340237.4,6949.494,12679.87,59.68725,60.17424,59.66036,78.54546,0,0,13798.08,12679.87
0.5742446,-0.5742577,78.54707,-0.009404952,12679.88,12.25,10.00045,6796.611,603.7014,0,0.5742609,0.5742577,3.18E-06,0.000184058,0.1116637,33.85783,9705.764,340320.4,6949.493,12679.88,59.68725,60.17424,59.66036,78.54546,0,0,13798.08,12679.88
0.5742754,-0.574255,78.54707,-0.009402459,12679.88,12.25,10.00045,6796.611,603.7018,0,0.5742614,0.574255,6.30E-06,0.000184058,0.1116637,33.84885,9747.253,340278.9,6949.496,12679.88,59.68725,60.17424,59.66036,78.54546,0,0,13798.08,12679.88
0.5742595,-0.5742613,78.54707,-0.009403699,12679.88,12.25,10.00045,6796.611,603.7012,0,0.5742612,0.5742613,-1.86E-08,0.000184058,0.1116637,33.85332,9793.351,340232.8,6949.497,12679.88,59.68725,60.17424,59.66036,78.54546,0,0,13798.08,12679.88
0.5742406,-0.5742575,78.54707,-0.009405214,12679.88,12.25,10.00045,6796.614,603.7014,0,0.5742608,0.5742575,3.31E-06,0.000184058,0.1116637,33.85877,9705.766,340320.3,6949.496,12679.88,59.68725,60.17424,59.66036,78.54546,0,0,13798.08,12679.88
0.5742739,-0.5742539,78.54707,-0.00940258,12679.88,12.25,10.00045,6796.614,603.702,0,0.5742613,0.5742539,7.45E-06,0.000184058,0.1116637,33.84929,9747.255,340278.8,6949.499,12679.88,59.68725,60.17424,59.66036,78.54546,0,0,13798.08,12679.88
0.57426,-0.5742604,78.54707,-0.009403835,12679.88,12.25,10.00045,6796.614,603.7014,0,0.5742613,0.5742604,9.09E-07,0.000184058,0.1116637,33.85381,9795.658,340230.4,6949.499,12679.88,59.68725,60.17424,59.66036,78.54546,0,0,13798.08,12679.88
0.5742518,-0.5741983,78.54707,-0.009404187,12679.89,12.25,10.00045,6796.616,603.7017,0,0.5742608,0.5741983,6.25E-05,0.000184058,0.1116637,33.85507,9712.681,340313.4,6949.501,12679.89,59.68725,60.17424,59.66036,78.54546,0,0,13798.08,12679.89
0.5742758,-0.5742573,78.54707,-0.009402393,12679.89,12.25,10.00045,6796.616,603.7018,0,0.5742614,0.5742573,4.08E-06,0.000184058,0.1116637,33.84861,9758.778,340267.3,6949.502,12679.89,59.68725,60.17424,59.66036,78.54546,0,0,13798.08,12679.89
0.5742574,-0.5742618,78.54707,-0.009403968,12679.89,12.25,10.00045,6796.616,603.7012,0,0.5742612,0.5742618,-5.16E-07,0.000184058,0.1116637,33.85428,9800.267,340225.8,6949.502,12679.89,59.68725,60.17424,59.66036,78.54546,0,0,13798.08,12679.89
0.5742489,-0.574196,78.54707,-0.009404379,12679.89,12.25,10.00045,6796.618,603.7015,0,0.5742607,0.574196,6.46E-05,0.000184058,0.1116637,33.85577,9712.683,340313.4,6949.504,12679.89,59.68725,60.17424,59.66036,78.54546,0,0,13798.08,12679.89
0.5742749,-0.5742556,78.54707,-0.009402486,12679.89,12.25,10.00045,6796.618,603.7019,0,0.5742614,0.5742556,5.71E-06,0.000184058,0.1116637,33.84895,9754.171,340271.9,6949.504,12679.89,59.68725,60.17424,59.66036,78.54546,0,0,13798.08,12679.89
0.5742556,-0.574261,78.54707,-0.009404203,12679.89,12.25,10.00045,6796.618,603.7013,0,0.5742612,0.574261,2.77E-07,0.000184058,0.1116637,33.85513,9802.575,340223.5,6949.505,12679.89,59.68725,60.17424,59.66036,78.54546,0,0,13798.08,12679.89
0.5742621,-0.5742576,78.54707,-0.009403513,12679.9,12.25,10.00045,6796.621,603.7017,0,0.5742607,0.5742576,3.17E-06,0.000184058,0.1116637,33.85265,9717.293,340308.8,6949.507,12679.9,59.68725,60.17424,59.66036,78.54546,0,0,13798.08,12679.9
0.5742759,-0.57426,78.54707,-0.009402365,12679.9,12.25,10.00045,6796.621,603.7015,0,0.5742615,0.57426,1.49E-06,0.000184058,0.1116637,33.84851,9765.692,340260.3,6949.508,12679.9,59.68725,60.17424,59.66036,78.54546,0,0,13798.08,12679.9
0.574253,-0.5742629,78.54707,-0.009404297,12679.9,12.25,10.00045,6796.621,603.7009,0,0.5742612,0.5742629,-1.71E-06,0.000184058,0.1116637,33.85547,9807.183,340218.8,6949.508,12679.9,59.68725,60.17424,59.66036,78.54546,0,0,13798.08,12679.9
0.5742685,-0.5742542,78.54707,-0.009402767,12679.9,12.25,10.00045,6796.623,603.7016,0,0.5742611,0.5742542,6.94E-06,0.000184058,0.1116637,33.84996,9733.429,340292.6,6949.51,12679.9,59.68725,60.17424,59.66036,78.54546,0,0,13798.08,12679.9
0.5742674,-0.5742604,78.54707,-0.009402959,12679.9,12.25,10.00045,6796.623,603.7012,0,0.5742614,0.5742604,1.05E-06,0.000184058,0.1116637,33.85065,9781.829,340244.2,6949.511,12679.9,59.68725,60.17424,59.66036,78.54546,0,0,13798.08,12679.9
0.5742404,-0.5742599,78.54707,-0.009405416,12679.9,12.25,10.00045,6796.623,603.701,0,0.574261,0.5742599,1.06E-06,0.000184058,0.1116637,33.85949,9821.019,340205,6949.51,12679.9,59.68725,60.17424,59.66036,78.54546,0,0,13798.08,12679.9
0.5742679,-0.5742524,78.54707,-0.00940285,12679.91,12.25,10.00045,6796.625,603.7018,0,0.5742611,0.5742524,8.63E-06,0.000184058,0.1116637,33.85026,9733.43,340292.6,6949.513,12679.91,59.68725,60.17424,59.66036,78.54546,0,0,13798.08,12679.91
0.5742674,-0.5742592,78.54707,-0.009403051,12679.91,12.25,10.00045,6796.625,603.7015,0,0.5742614,0.5742592,2.24E-06,0.000184058,0.1116637,33.85098,9781.831,340244.2,6949.513,12679.91,59.68725,60.17424,59.66036,78.54546,0,0,13798.08,12679.91
0.5742446,-0.574258,78.54707,-0.009404817,12679.91,12.25,10.00045,6796.627,603.7014,0,0.5742609,0.574258,2.91E-06,0.000184058,0.1116637,33.85734,9705.77,340320.3,6949.513,12679.91,59.68725,60.17424,59.66036,78.54546,0,0,13798.08,12679.91
0.5742759,-0.5742564,78.54707,-0.009402293,12679.91,12.25,10.00045,6796.627,603.7018,0,0.5742614,0.5742564,5.03E-06,0.000184058,0.1116637,33.84825,9754.173,340271.8,6949.516,12679.91,59.68725,60.17424,59.66036,78.54546,0,0,13798.08,12679.91
0.5742607,-0.5742612,78.54707,-0.009403513,12679.91,12.25,10.00045,6796.627,603.7012,0,0.5742613,0.5742612,8.87E-08,0.000184058,0.1116637,33.85265,9793.355,340232.6,6949.516,12679.91,59.68725,60.17424,59.66036,78.54546,0,0,13798.08,12679.91
0.574241,-0.5742577,78.54707,-0.00940505,12679.92,12.25,10.00045,6796.63,603.7014,0,0.5742608,0.5742577,3.07E-06,0.000184058,0.1116637,33.85818,9705.771,340320.2,6949.515,12679.92,59.68725,60.17424,59.66036,78.54546,0,0,13798.08,12679.92
0.5742748,-0.5742552,78.54707,-0.009402389,12679.92,12.25,10.00045,6796.63,603.7019,0,0.5742614,0.5742552,6.15E-06,0.000184058,0.1116637,33.8486,9754.175,340271.8,6949.519,12679.92,59.68725,60.17424,59.66036,78.54546,0,0,13798.08,12679.92
0.5742556,-0.5742607,78.54707,-0.009404106,12679.92,12.25,10.00045,6796.63,603.7013,0,0.5742612,0.5742607,5.74E-07,0.000184058,0.1116637,33.85478,9802.578,340223.4,6949.519,12679.92,59.68725,60.17424,59.66036,78.54546,0,0,13798.08,12679.92
0.5742591,-0.5742566,78.54707,-0.009403443,12679.92,12.25,10.00045,6796.632,603.7017,0,0.5742608,0.5742566,4.24E-06,0.000184058,0.1116637,33.85239,9719.603,340306.4,6949.521,12679.92,59.68725,60.17424,59.66036,78.54546,0,0,13798.08,12679.92
0.5742753,-0.574259,78.54707,-0.009402328,12679.92,12.25,10.00045,6796.632,603.7016,0,0.5742615,0.574259,2.52E-06,0.000184058,0.1116637,33.84838,9765.697,340260.3,6949.521,12679.92,59.68725,60.17424,59.66036,78.54546,0,0,13798.08,12679.92
0.5742484,-0.5742618,78.54707,-0.009404698,12679.92,12.25,10.00045,6796.632,603.701,0,0.5742611,0.5742618,-6.92E-07,0.000184058,0.1116637,33.85691,9814.104,340211.8,6949.522,12679.92,59.68725,60.17424,59.66036,78.54546,0,0,13798.08,12679.92
0.5742636,-0.5742545,78.54707,-0.009403082,12679.93,12.25,10.00045,6796.634,603.7017,0,0.574261,0.5742545,6.49E-06,0.000184058,0.1116637,33.85109,9726.519,340299.4,6949.524,12679.93,59.68725,60.17424,59.66036,78.54546,0,0,13798.08,12679.93
0.5742706,-0.5742594,78.54707,-0.009402676,12679.93,12.25,10.00045,6796.634,603.7014,0,0.5742614,0.5742594,2.00E-06,0.000184058,0.1116637,33.84963,9774.919,340251,6949.524,12679.93,59.68725,60.17424,59.66036,78.54546,0,0,13798.08,12679.93
0.5742457,-0.5742605,78.54707,-0.009404991,12679.93,12.25,10.00045,6796.634,603.7011,0,0.5742611,0.5742605,5.56E-07,0.000184058,0.1116637,33.85797,9816.411,340209.5,6949.524,12679.93,59.68725,60.17424,59.66036,78.54546,0,0,13798.08,12679.93
0.5742754,-0.5742555,78.54707,-0.009402164,12679.93,12.25,10.00045,6796.637,603.7016,0,0.5742613,0.5742555,5.73E-06,0.000184058,0.1116637,33.84779,9738.041,340287.9,6949.527,12679.93,59.68725,60.17424,59.66036,78.54546,0,0,13798.08,12679.93
0.5742699,-0.5742621,78.54707,-0.009402534,12679.93,12.25,10.00045,6796.637,603.701,0,0.5742614,0.5742621,-6.03E-07,0.000184058,0.1116637,33.84912,9779.525,340246.4,6949.527,12679.93,59.68725,60.17424,59.66036,78.54546,0,0,13798.08,12679.93
0.5742425,-0.5742617,78.54707,-0.009405035,12679.93,12.25,10.00045,6796.637,603.7007,0,0.574261,0.5742617,-6.26E-07,0.000184058,0.1116637,33.85812,9821.019,340204.9,6949.527,12679.93,59.68725,60.17424,59.66036,78.54546,0,0,13798.08,12679.93
0.5742719,-0.5742543,78.54707,-0.009402215,12679.94,12.25,10.00045,6796.639,603.7015,0,0.5742612,0.5742543,6.86E-06,0.000184058,0.1116637,33.84797,9740.348,340285.6,6949.53,12679.94,59.68725,60.17424,59.66036,78.54546,0,0,13798.08,12679.94
0.5742674,-0.5742602,78.54707,-0.00940264,12679.94,12.25,10.00045,6796.639,603.701,0,0.5742614,0.5742602,1.14E-06,0.000184058,0.1116637,33.8495,9781.833,340244.1,6949.53,12679.94,59.68725,60.17424,59.66036,78.54546,0,0,13798.08,12679.94
0.5742356,-0.5742584,78.54707,-0.009405671,12679.94,12.25,10.00045,6796.641,603.701,0,0.5742609,0.5742584,2.45E-06,0.000184058,0.1116637,33.86041,9698.857,340198,6949.53,12679.94,59.68725,60.17424,59.66036,78.54546,0,0,13798.08,12679.94
0.5742737,-0.5742535,78.54707,-0.009402165,12679.94,12.25,10.00045,6796.641,603.7018,0,0.5742613,0.5742535,7.81E-06,0.000184058,0.1116637,33.84779,9747.264,340278.6,6949.533,12679.94,59.68725,60.17424,59.66036,78.54546,0,0,13798.08,12679.94
0.5742639,-0.5742597,78.54707,-0.009403071,12679.94,12.25,10.00045,6796.641,603.7012,0,0.5742614,0.5742597,1.67E-06,0.000184058,0.1116637,33.85106,9788.749,340237.2,6949.533,12679.94,59.68725,60.17424,59.66036,78.54546,0,0,13798.08,12679.94
0.5742517,-0.5741981,78.54707,-0.009403809,12679.95,12.25,10.00045,6796.644,603.7014,0,0.5742608,0.5741981,6.27E-05,0.000184058,0.1116637,33.85371,9712.691,340313.2,6949.535,12679.95,59.68725,60.17424,59.66036,78.54546,0,0,13798.08,12679.95
0.5742758,-0.5742563,78.54707,-0.009402026,12679.95,12.25,10.00045,6796.644,603.7016,0,0.5742614,0.5742563,5.12E-06,0.000184058,0.1116637,33.84729,9751.872,340271.7,6949.536,12679.95,59.68725,60.17424,59.66036,78.54546,0,0,13798.08,12679.95
0.574257,-0.5742614,78.54707,-0.009403632,12679.95,12.25,10.00045,6796.644,603.701,0,0.5742612,0.5742614,-1.60E-07,0.000184058,0.1116637,33.85307,9800.273,340225.6,6949.536,12679.95,59.68725,60.17424,59.66036,78.54546,0,0,13798.08,12679.95
0.5742565,-0.5742559,78.54707,-0.009403424,12679.95,12.25,10.00045,6796.646,603.7015,0,0.5742608,0.5742559,4.87E-06,0.000184058,0.1116637,33.85233,9719.607,340306.3,6949.538,12679.95,59.68725,60.17424,59.66036,78.54546,0,0,13798.08,12679.95
0.5742728,-0.5742578,78.54707,-0.00940234,12679.95,12.25,10.00045,6796.646,603.7015,0,0.5742614,0.5742578,3.67E-06,0.000184058,0.1116637,33.84843,9768.008,340257.8,6949.539,12679.95,59.68725,60.17424,59.66036,78.54546,0,0,13798.08,12679.95
0.5742457,-0.5742601,78.54707,-0.009404861,12679.95,12.25,10.00045,6796.646,603.7011,0,0.5742611,0.5742601,9.90E-07,0.000184058,0.1116637,33.8575,9816.414,340209.4,6949.539,12679.95,59.68725,60.17424,59.66036,78.54546,0,0,13798.08,12679.95
0.5742759,-0.5742547,78.54707,-0.009402125,12679.96,12.25,10.00045,6796.648,603.7017,0,0.5742613,0.5742547,6.60E-06,0.000184058,0.1116637,33.84765,9738.046,340287.8,6949.541,12679.96,59.68725,60.17424,59.66036,78.54546,0,0,13798.08,12679.96
0.5742664,-0.5742623,78.54707,-0.009402829,12679.96,12.25,10.00045,6796.648,603.701,0,0.5742614,0.5742623,-8.26E-07,0.000184058,0.1116637,33.85019,9786.444,340239.4,6949.542,12679.96,59.68725,60.17424,59.66036,78.54546,0,0,13798.08,12679.96
0.5742413,-0.574259,78.54707,-0.009404768,12679.96,12.25,10.00045,6796.65,603.701,0,0.5742608,0.574259,1.79E-06,0.000184058,0.1116637,33.85717,9705.779,340320.1,6949.541,12679.96,59.68725,60.17424,59.66036,78.54546,0,0,13798.08,12679.96
0.5742747,-0.5742561,78.54707,-0.009402121,12679.96,12.25,10.00045,6796.65,603.7015,0,0.5742614,0.5742561,5.28E-06,0.000184058,0.1116637,33.84764,9754.181,340271.7,6949.544,12679.96,59.68725,60.17424,59.66036,78.54546,0,0,13798.08,12679.96
0.5742598,-0.5742611,78.54707,-0.009403423,12679.96,12.25,10.00045,6796.65,603.7009,0,0.5742613,0.5742611,2.07E-07,0.000184058,0.1116637,33.85233,9795.668,340230.2,6949.544,12679.96,59.68725,60.17424,59.66036,78.54546,0,0,13798.08,12679.96
0.5742468,-0.5741949,78.54707,-0.009404207,12679.97,12.25,10.00045,6796.653,603.7014,0,0.5742607,0.5741949,6.57E-05,0.000184058,0.1116637,33.85514,9712.695,340313.1,6949.547,12679.97,59.68725,60.17424,59.66036,78.54546,0,0,13798.08,12679.97
0.5742738,-0.5742556,78.54707,-0.009402335,12679.97,12.25,10.00045,6796.653,603.7017,0,0.5742614,0.5742556,5.74E-06,0.000184058,0.1116637,33.8484,9761.098,340264.7,6949.547,12679.97,59.68725,60.17424,59.66036,78.54546,0,0,13798.08,12679.97
0.5742507,-0.5742599,78.54707,-0.009404468,12679.97,12.25,10.00045,6796.653,603.7012,0,0.5742611,0.5742599,1.27E-06,0.000184058,0.1116637,33.85609,9809.502,340216.3,6949.547,12679.97,59.68725,60.17424,59.66036,78.54546,0,0,13798.08,12679.97
0.5742654,-0.574254,78.54707,-0.00940288,12679.97,12.25,10.00045,6796.655,603.7017,0,0.574261,0.574254,6.95E-06,0.000184058,0.1116637,33.85036,9726.525,340299.3,6949.549,12679.97,59.68725,60.17424,59.66036,78.54546,0,0,13798.08,12679.97
0.5742671,-0.5742606,78.54707,-0.009402772,12679.97,12.25,10.00045,6796.655,603.7013,0,0.5742615,0.5742606,9.40E-07,0.000184058,0.1116637,33.84998,9779.535,340246.3,6949.55,12679.97,59.68725,60.17424,59.66036,78.54546,0,0,13798.08,12679.97
0.5742364,-0.5742588,78.54707,-0.009405809,12679.98,12.25,10.00045,6796.657,603.7012,0,0.5742609,0.5742588,2.10E-06,0.000184058,0.1116637,33.86091,9698.864,340197.8,6949.55,12679.98,59.68725,60.17424,59.66036,78.54546,0,0,13798.08,12679.98
0.574274,-0.5742539,78.54707,-0.009402304,12679.98,12.25,10.00045,6796.657,603.702,0,0.5742613,0.5742539,7.38E-06,0.000184058,0.1116637,33.84829,9747.271,340278.5,6949.553,12679.98,59.68725,60.17424,59.66036,78.54546,0,0,13798.08,12679.98
0.57426,-0.5742604,78.54707,-0.009403564,12679.98,12.25,10.00045,6796.657,603.7014,0,0.5742613,0.5742604,8.69E-07,0.000184058,0.1116637,33.85283,9795.672,340230.1,6949.553,12679.98,59.68725,60.17424,59.66036,78.54546,0,0,13798.08,12679.98
0.5742591,-0.5742565,78.54707,-0.009403315,12679.98,12.25,10.00045,6796.66,603.7017,0,0.5742608,0.5742565,4.32E-06,0.000184058,0.1116637,33.85194,9719.612,340306.2,6949.555,12679.98,59.68725,60.17424,59.66036,78.54546,0,0,13798.08,12679.98
0.5742749,-0.5742587,78.54707,-0.009402215,12679.98,12.25,10.00045,6796.66,603.7016,0,0.5742615,0.5742587,2.80E-06,0.000184058,0.1116637,33.84797,9765.707,340260.1,6949.556,12679.98,59.68725,60.17424,59.66036,78.54546,0,0,13798.08,12679.98
0.5742425,-0.5742607,78.54707,-0.009405168,12679.98,12.25,10.00045,6796.66,603.7011,0,0.574261,0.5742607,3.11E-07,0.000184058,0.1116637,33.8586,9821.029,340204.8,6949.556,12679.98,59.68725,60.17424,59.66036,78.54546,0,0,13798.08,12679.98
0.5742721,-0.5742538,78.54707,-0.009402392,12679.99,12.25,10.00045,6796.662,603.7019,0,0.5742612,0.5742538,7.40E-06,0.000184058,0.1116637,33.84861,9740.357,340285.4,6949.558,12679.99,59.68725,60.17424,59.66036,78.54546,0,0,13798.08,12679.99
0.57426,-0.5742609,78.54707,-0.009403523,12679.99,12.25,10.00045,6796.662,603.7012,0,0.5742613,0.5742609,3.86E-07,0.000184058,0.1116637,33.85268,9795.674,340230.1,6949.559,12679.99,59.68725,60.17424,59.66036,78.54546,0,0,13798.08,12679.99
0.5742681,-0.5742534,78.54707,-0.009402729,12679.99,12.25,10.00045,6796.664,603.7017,0,0.574261,0.5742534,7.62E-06,0.000184058,0.1116637,33.84982,9724.224,340301.5,6949.561,12679.99,59.68725,60.17424,59.66036,78.54546,0,0,13798.08,12679.99
0.5742733,-0.5742607,78.54707,-0.009402241,12679.99,12.25,10.00045,6796.664,603.7012,0,0.5742615,0.5742607,7.64E-07,0.000184058,0.1116637,33.84806,9772.622,340253.1,6949.562,12679.99,59.68725,60.17424,59.66036,78.54546,0,0,13798.08,12679.99
0.5742478,-0.5742621,78.54707,-0.00940445,12679.99,12.25,10.00045,6796.664,603.7007,0,0.5742611,0.5742621,-1.06E-06,0.000184058,0.1116637,33.85602,9814.112,340211.6,6949.562,12679.99,59.68725,60.17424,59.66036,78.54546,0,0,13798.08,12679.99
0.5742684,-0.5742539,78.54707,-0.009402399,12680,12.25,10.00045,6796.667,603.7015,0,0.5742611,0.5742539,7.14E-06,0.000184058,0.1116637,33.84863,9733.444,340292.3,6949.564,12680,59.68725,60.17424,59.66036,78.54546,0,0,13798.08,12680
0.5742638,-0.5742608,78.54707,-0.00940288,12680,12.25,10.00045,6796.667,603.701,0,0.5742614,0.5742608,5.80E-07,0.000184058,0.1116637,33.85036,9788.758,340237,6949.564,12680,59.68725,60.17424,59.66036,78.54546,0,0,13798.08,12680
0.5742398,-0.5742571,78.54707,-0.009462316,12680,12.25,10.00045,7603.079,603.7012,0,0.5742608,0.5742571,3.67E-06,0.000184058,0.1116637,34.06433,9705.828,340319.9,6949.563,12680,59.68725,60.17424,59.66036,78.54546,0,0,13798.08,12680
0.5742739,-0.5742534,78.54707,0,12680,12.25,10.00045,7603.079,603.7018,0,0.5742613,0.5742534,7.90E-06,0.000184058,0.1116637,35.26099,9734.073,340284.7,6949.567,12680,59.68725,60.17424,59.66036,78.54546,0,0,13798.08,12680
0.5742813,-0.5742623,78.54707,0,12680,12.25,10.00045,7603.079,603.701,0,0.5742615,0.5742623,-7.18E-07,0.000184058,0.1116637,36.57972,9734.073,340284.7,6949.567,12680,59.68725,60.17424,59.66036,78.54546,0,0,13798.08,12680
0.5743171,-0.5742698,78.54707,0,12680.01,12.25,10.00045,7603.08,603.7,0,0.5742618,0.5742698,-8.01E-06,0.000184058,0.1116637,37.61519,9611.024,340407.8,6949.57,12680.01,59.68725,60.17424,59.66036,78.54546,0,0,13798.08,12680.01
0.5743716,-0.5742943,78.54707,0,12680.01,12.25,10.00045,7603.08,603.696,0,0.5742632,0.5742943,-3.11E-05,0.000184058,0.1116637,38.73221,9611.022,340407.7,6949.572,12680.01,59.68725,60.17424,59.66036,78.54546,0,0,13798.08,12680.01
0.5743939,-0.5743243,78.54707,0,12680.01,12.25,10.00045,7603.08,603.6896,0,0.5742636,0.5743243,-6.07E-05,0.000184058,0.1116637,39.77134,9488.394,340530.3,6949.574,12680.01,59.68725,60.17424,59.66036,78.54546,0,0,13798.08,12680.01
0.5744638,-0.5743586,78.54707,0,12680.01,12.25,10.00045,7603.08,603.6807,0,0.5742649,0.5743586,-9.38E-05,0.000184058,0.1116637,40.69816,9488.392,340530.2,6949.58,12680.01,59.68725,60.17424,59.66036,78.54546,0,0,13798.08,12680.01
0.5744811,-0.5744005,78.54707,0,12680.02,12.25,10.00045,7603.081,603.6684,0,0.5742654,0.5744005,-0.000135069,0.000184058,0.1116637,41.56784,9364.115,340530.2,6949.583,12680.02,59.68725,60.17424,59.66036,78.54546,0,0,13798.08,12680.02
0.5745541,-0.5744385,78.54707,0,12680.02,12.25,10.00045,7603.081,603.6541,0,0.5742666,0.5744385,-0.000171918,0.000184058,0.1116637,42.32218,9364.112,340654.4,6949.588,12680.02,59.68725,60.17424,59.66036,78.54546,0,0,13798.08,12680.02
0.5745744,-0.5744829,78.54707,0,12680.02,12.25,10.00045,7603.081,603.637,0,0.5742672,0.5744829,-0.00021565,0.000184058,0.1116637,43.03038,9364.11,340654.3,6949.591,12680.02,59.68725,60.17424,59.66036,78.54546,0,0,13798.08,12680.02
0.5746396,-0.5745214,78.54707,0,12680.03,12.25,10.00045,7603.081,603.6178,0,0.5742682,0.5745214,-0.00025317,0.000184058,0.1116637,43.63792,9237.365,340781,6949.597,12680.03,59.68725,60.17424,59.66036,78.54546,0,0,13798.08,12680.03
0.5746633,-0.5745691,78.54707,0,12680.03,12.25,10.00045,7603.081,603.5948,0,0.574269,0.5745691,-0.000300124,0.000184058,0.1116637,44.20089,9237.362,340780.9,6949.6,12680.03,59.68725,60.17424,59.66036,78.54546,0,0,13798.08,12680.03
0.5747186,-0.5746019,78.54707,0,12680.03,12.25,10.00045,7603.082,603.5738,0,0.5742697,0.5746019,-0.000332171,0.000184058,0.1116637,44.60834,9112.462,340905.8,6949.605,12680.03,59.68725,60.17424,59.66036,78.54546,0,0,13798.08,12680.03
0.5747468,-0.5746496,78.54707,0,12680.03,12.25,10.00045,7603.082,603.546,0,0.5742707,0.5746496,-0.000378983,0.000184058,0.1116637,45.04854,9112.46,340905.7,6949.608,12680.03,59.68725,60.17424,59.66036,78.54546,0,0,13798.08,12680.03
0.5748035,-0.5746866,78.54707,0,12680.04,12.25,10.00045,7603.082,603.5178,0,0.5742714,0.5746866,-0.000415209,0.000184058,0.1116637,45.41212,8984.622,341033.5,6949.614,12680.04,59.68725,60.17424,59.66036,78.54546,0,0,13798.08,12680.04
0.5748292,-0.574734,78.54707,0,12680.04,12.25,10.00045,7603.082,603.485,0,0.5742723,0.574734,-0.000461775,0.000184058,0.1116637,45.73817,8984.62,341033.4,6949.617,12680.04,59.68725,60.17424,59.66036,78.54546,0,0,13798.08,12680.04
0.5748808,-0.5747706,78.54707,0,12680.04,12.25,10.00045,7603.083,603.4506,0,0.5742729,0.5747706,-0.000497715,0.000184058,0.1116637,45.9949,8857.627,341160.3,6949.623,12680.04,59.68725,60.17424,59.66036,78.54546,0,0,13798.08,12680.04
0.5749046,-0.5748153,78.54707,0,12680.04,12.25,10.00045,7603.083,603.4131,0,0.5742738,0.5748153,-0.0005416,0.000184058,0.1116637,46.22055,8857.625,341160.3,6949.625,12680.04,59.68725,60.17424,59.66036,78.54546,0,0,13798.08,12680.04
0.5749643,-0.5748504,78.54707,0,12680.05,12.25,10.00045,7603.083,603.3741,0,0.5742803,0.5748504,-0.000570044,0.000184058,0.1116637,46.38163,8725.95,341291.9,6949.631,12680.05,59.68725,60.17424,59.66036,78.54546,0,0,13798.08,12680.05
0.5749808,-0.5748924,78.54707,0,12680.05,12.25,10.00045,7603.083,603.3339,0,0.5742753,0.5748924,-0.000617128,0.000184058,0.1116637,46.51794,8725.948,341291.8,6949.634,12680.05,59.68725,60.17424,59.66036,78.54546,0,0,13798.08,12680.05
0.5750291,-0.574926,78.54707,0,12680.05,12.25,10.00045,7603.084,603.2903,0,0.5742759,0.574926,-0.000650091,0.000184058,0.1116637,46.5964,8596.378,341421.3,6949.639,12680.05,59.68725,60.17424,59.66036,78.54546,0,0,13798.08,12680.05
0.575049,-0.5749676,78.54707,0,12680.05,12.25,10.00045,7603.084,603.244,0,0.5742766,0.5749676,-0.000690943,0.000184058,0.1116637,46.65499,8596.375,341421.3,6949.642,12680.05,59.68725,60.17424,59.66036,78.54546,0,0,13798.08,12680.05
0.5751017,-0.5750009,78.54707,0,12680.06,12.25,10.00045,7603.084,603.196,0,0.5742773,0.5750009,-0.000723542,0.000184058,0.1116637,46.65522,8472.612,341545,6949.647,12680.06,59.68725,60.17424,59.66036,78.54546,0,0,13798.08,12680.06
0.57511,-0.5750433,78.54707,0,12680.06,12.25,10.00045,7603.085,603.1404,0,0.5742779,0.5750433,-0.000765382,0.000184058,0.1116637,46.64767,8342.362,341544.9,6949.65,12680.06,59.68725,60.17424,59.66036,78.54546,0,0,13798.08,12680.06
0.5751686,-0.5750741,78.54707,0,12680.06,12.25,10.00045,7603.085,603.0885,0,0.5742788,0.5750741,-0.000795333,0.000184058,0.1116637,46.57522,8342.36,341675.1,6949.655,12680.06,59.68725,60.17424,59.66036,78.54546,0,0,13798.08,12680.06
0.5751802,-0.57511,78.54707,0,12680.07,12.25,10.00045,7603.085,603.0339,0,0.5742791,0.57511,-0.000830957,0.000184058,0.1116637,46.49985,8218.647,341798.8,6949.657,12680.07,59.68725,60.17424,59.66036,78.54546,0,0,13798.08,12680.07
0.5752297,-0.5751417,78.54707,0,12680.07,12.25,10.00045,7603.085,602.9778,0,0.57428,0.5751417,-0.000861708,0.000184058,0.1116637,46.37708,8218.646,341798.7,6949.663,12680.07,59.68725,60.17424,59.66036,78.54546,0,0,13798.08,12680.07
0.575256,-0.5751144,78.54707,0,12680.07,12.25,10.00045,7603.086,602.9197,0,0.5742886,0.5751144,-0.000825773,0.000184058,0.1116637,46.24403,8095.395,341921.9,6949.667,12680.07,59.68725,60.17424,59.66036,78.54546,0,0,13798.08,12680.07
0.575287,-0.5752036,78.54707,0,12680.07,12.25,10.00045,7603.086,602.8634,0,0.5742823,0.5752036,-0.000921321,0.000184058,0.1116637,46.07752,8095.393,341921.9,6949.669,12680.07,59.68725,60.17424,59.66036,78.54546,0,0,13798.08,12680.07
0.5753067,-0.575236,78.54707,0,12680.08,12.25,10.00045,7603.086,602.796,0,0.5742813,0.575236,-0.000954755,0.000184058,0.1116637,45.87165,7970.68,342046.5,6949.674,12680.08,59.68725,60.17424,59.66036,78.54546,0,0,13798.08,12680.08
0.5753337,-0.575265,78.54707,0,12680.08,12.25,10.00045,7603.086,602.7327,0,0.5742822,0.575265,-0.000982872,0.000184058,0.1116637,45.66719,7970.678,342046.5,6949.677,12680.08,59.68725,60.17424,59.66036,78.54546,0,0,13798.08,12680.08
0.5753531,-0.5752895,78.54707,0,12680.08,12.25,10.00045,7603.087,602.6683,0,0.5742822,0.5752895,-0.001007285,0.000184058,0.1116637,45.44504,7839.784,342177.3,6949.681,12680.08,59.68725,60.17424,59.66036,78.54546,0,0,13798.08,12680.08
0.5753822,-0.5753149,78.54707,0,12680.08,12.25,10.00045,7603.087,602.6049,0,0.574283,0.5753149,-0.001031882,0.000184058,0.1116637,45.20292,7839.782,342177.3,6949.683,12680.08,59.68725,60.17424,59.66036,78.54546,0,0,13798.08,12680.08
0.5754004,-0.575339,78.54707,0,12680.09,12.25,10.00045,7603.087,602.538,0,0.5742831,0.575339,-0.0010558,0.000184058,0.1116637,44.94738,7713.249,342303.8,6949.688,12680.09,59.68725,60.17424,59.66036,78.54546,0,0,13798.08,12680.09
0.5754259,-0.5753602,78.54707,0,12680.09,12.25,10.00045,7603.087,602.4791,0,0.574284,0.5753602,-0.001076251,0.000184058,0.1116637,44.71262,7713.248,342303.8,6949.689,12680.09,59.68725,60.17424,59.66036,78.54546,0,0,13798.08,12680.09
0.5754324,-0.5753224,78.54707,0,12680.09,12.25,10.00045,7603.088,602.4092,0,0.5742838,0.5753224,-0.001038551,0.000184058,0.1116637,44.43515,7585.093,342431.8,6949.693,12680.09,59.68725,60.17424,59.66036,78.54546,0,0,13798.08,12680.09
0.5754666,-0.5754051,78.54707,0,12680.09,12.25,10.00045,7603.088,602.3381,0,0.5742848,0.5754051,-0.00112035,0.000184058,0.1116637,44.13137,7585.092,342431.8,6949.695,12680.09,59.68725,60.17424,59.66036,78.54546,0,0,13798.08,12680.09
0.5754806,-0.5754278,78.54707,0,12680.1,12.25,10.00045,7603.088,602.2589,0,0.5742847,0.5754278,-0.001143045,0.000184058,0.1116637,43.78046,7461.573,342555.3,6949.699,12680.1,59.68725,60.17424,59.66036,78.54546,0,0,13798.08,12680.1
0.5755026,-0.5754496,78.54707,0,12680.1,12.25,10.00045,7603.088,602.1852,0,0.5742855,0.5754496,-0.001164101,0.000184058,0.1116637,43.45829,7461.572,342555.3,6949.701,12680.1,59.68725,60.17424,59.66036,78.54546,0,0,13798.08,12680.1
0.5755152,-0.5754675,78.54707,0,12680.1,12.25,10.00045,7603.089,602.1107,0,0.5742854,0.5754675,-0.001182125,0.000184058,0.1116637,43.12798,7336.826,342680,6949.705,12680.1,59.68725,60.17424,59.66036,78.54546,0,0,13798.08,12680.1
0.5755339,-0.5754904,78.54707,0,12680.1,12.25,10.00045,7603.089,602.024,0,0.5742862,0.5754904,-0.001204162,0.000184058,0.1116637,42.73877,7336.825,342679.9,6949.707,12680.1,59.68725,60.17424,59.66036,78.54546,0,0,13798.08,12680.1
0.5755551,-0.5755036,78.54707,0,12680.11,12.25,10.00045,7603.089,601.9506,0,0.5742861,0.5755036,-0.001217503,0.000184058,0.1116637,42.38443,7213.974,342802.8,6949.71,12680.11,59.68725,60.17424,59.66036,78.54546,0,0,13798.08,12680.11
0.5755652,-0.5755246,78.54707,0,12680.11,12.25,10.00045,7603.089,601.873,0,0.5742868,0.5755246,-0.001237768,0.000184058,0.1116637,42.02969,7213.973,342802.7,6949.712,12680.11,59.68725,60.17424,59.66036,78.54546,0,0,13798.08,12680.11
0.5755732,-0.5755371,78.54707,0,12680.11,12.25,10.00045,7603.09,601.7948,0,0.5742866,0.5755371,-0.001250572,0.000184058,0.1116637,41.66794,7087.464,342929.2,6949.715,12680.11,59.68725,60.17424,59.66036,78.54546,0,0,13798.08,12680.11
0.575592,-0.5755523,78.54707,0,12680.11,12.25,10.00045,7603.09,601.7155,0,0.5742873,0.5755523,-0.001265041,0.000184058,0.1116637,41.29578,7087.464,342929.2,6949.716,12680.11,59.68725,60.17424,59.66036,78.54546,0,0,13798.08,12680.11
0.5755892,-0.5755041,78.54707,0,12680.12,12.25,10.00045,7603.09,601.6357,0,0.5742869,0.5755041,-0.001217136,0.000184058,0.1116637,40.928,6960.437,343056.2,6949.72,12680.12,59.68725,60.17424,59.66036,78.54546,0,0,13798.08,12680.12
0.5756192,-0.5755768,78.54707,0,12680.12,12.25,10.00045,7603.09,601.5589,0,0.5742878,0.5755768,-0.001289032,0.000184058,0.1116637,40.54026,6960.437,343056.2,6949.721,12680.12,59.68725,60.17424,59.66036,78.54546,0,0,13798.08,12680.12
0.5756018,-0.5755904,78.54707,0,12680.12,12.25,10.00045,7603.091,601.4659,0,0.5742875,0.5755904,-0.001302978,0.000184058,0.1116637,40.1183,6830.441,343186.1,6949.721,12680.12,59.68725,60.17424,59.66036,78.54546,0,0,13798.08,12680.12
0.5756379,-0.575601,78.54707,0,12680.12,12.25,10.00045,7603.091,601.3727,0,0.5742881,0.575601,-0.001312889,0.000184058,0.1116637,39.66277,6830.441,343186.1,6949.726,12680.12,59.68725,60.17424,59.66036,78.54546,0,0,13798.08,12680.12
0.5756153,-0.5756121,78.54707,0,12680.13,12.25,10.00045,7603.092,601.2901,0,0.5742879,0.5756121,-0.001324192,0.000184058,0.1116637,39.29294,6700.52,343186.1,6949.727,12680.13,59.68725,60.17424,59.66036,78.54546,0,0,13798.08,12680.13
0.5756573,-0.5756172,78.54707,0,12680.13,12.25,10.00045,7603.092,601.2114,0,0.5742884,0.5756172,-0.001328797,0.000184058,0.1116637,38.88074,6700.521,343316,6949.729,12680.13,59.68725,60.17424,59.66036,78.54546,0,0,13798.08,12680.13
0.5756394,-0.575632,78.54707,0,12680.13,12.25,10.00045,7603.092,601.1158,0,0.5742884,0.575632,-0.001343615,0.000184058,0.1116637,38.44533,6700.52,343315.9,6949.73,12680.13,59.68725,60.17424,59.66036,78.54546,0,0,13798.08,12680.13
0.5756707,-0.5756366,78.54707,0,12680.13,12.25,10.00045,7603.092,601.0205,0,0.5742887,0.5756366,-0.001347845,0.000184058,0.1116637,37.97798,6576.184,343440.3,6949.734,12680.13,59.68725,60.17424,59.66036,78.54546,0,0,13798.08,12680.13
0.5756555,-0.575648,78.54707,0,12680.13,12.25,10.00045,7603.092,600.9359,0,0.5742887,0.575648,-0.001359277,0.000184058,0.1116637,37.59223,6576.184,343440.3,6949.734,12680.13,59.68725,60.17424,59.66036,78.54546,0,0,13798.08,12680.13
0.5756814,-0.5756496,78.54707,0,12680.14,12.25,10.00045,7603.093,600.8433,0,0.5742887,0.5756496,-0.001360893,0.000184058,0.1116637,37.12647,6452.132,343564.3,6949.737,12680.14,59.68725,60.17424,59.66036,78.54546,0,0,13798.08,12680.14
0.5756721,-0.5756611,78.54707,0,12680.14,12.25,10.00045,7603.093,600.7584,0,0.574289,0.5756611,-0.001372063,0.000184058,0.1116637,36.73492,6452.132,343564.3,6949.738,12680.14,59.68725,60.17424,59.66036,78.54546,0,0,13798.08,12680.14
0.5756786,-0.5756598,78.54707,0,12680.14,12.25,10.00045,7603.093,600.6617,0,0.5742887,0.5756598,-0.001371132,0.000184058,0.1116637,36.27959,6326.125,343690.3,6949.741,12680.14,59.68725,60.17424,59.66036,78.54546,0,0,13798.08,12680.14
0.5756842,-0.5756681,78.54707,0,12680.14,12.25,10.00045,7603.093,600.5763,0,0.5742891,0.5756681,-0.001378947,0.000184058,0.1116637,35.88035,6326.125,343690.3,6949.742,12680.14,59.68725,60.17424,59.66036,78.54546,0,0,13798.08,12680.14
0.5756626,-0.5756105,78.54707,0,12680.15,12.25,10.00045,7603.094,600.4809,0,0.5742808,0.5756105,-0.001329749,0.000184058,0.1116637,35.43644,6200.922,343815.4,6949.744,12680.15,59.68725,60.17424,59.66036,78.54546,0,0,13798.08,12680.15
0.5756945,-0.5756727,78.54707,0,12680.15,12.25,10.00045,7603.094,600.3976,0,0.5742893,0.5756727,-0.00138338,0.000184058,0.1116637,35.02975,6200.922,343815.4,6949.745,12680.15,59.68725,60.17424,59.66036,78.54546,0,0,13798.08,12680.15
0.5756466,-0.575676,78.54707,-0.009614562,12680.15,12.25,10.00045,7603.094,600.2995,0,0.5742887,0.575676,-0.001387274,0.000184058,0.1116637,34.61242,6257.774,343765.7,6949.745,12680.15,59.68725,60.17424,59.66036,78.54546,0,0,13798.08,12680.15
0.5756335,-0.5756583,78.54707,-0.009497379,12680.15,12.25,10.00045,7603.094,600.2042,0,0.5742882,0.5756583,-0.001370039,0.000184058,0.1116637,34.19056,6187.43,343835.9,6949.747,12680.15,59.68725,60.17424,59.66036,78.54546,0,0,13798.08,12680.15
0.5755869,-0.5756455,78.54707,-0.009419106,12680.15,12.25,10.00045,7603.094,600.1337,0,0.5742875,0.5756455,-0.001357959,0.000184058,0.1116637,33.90878,6229.13,343794.2,6949.746,12680.15,59.68725,60.17424,59.66036,78.54546,0,0,13798.08,12680.15
0.5755349,-0.5756088,78.54707,-0.009320069,12680.16,12.25,10.00045,7603.095,600.0474,0,0.5742861,0.5756088,-0.001322693,0.000184058,0.1116637,33.55225,6158.735,343864.5,6949.745,12680.16,59.68725,60.17424,59.66036,78.54546,0,0,13798.08,12680.16
0.5755032,-0.5755739,78.54707,-0.009225112,12680.16,12.25,10.00045,7603.095,599.96,0,0.5742858,0.5755739,-0.001288045,0.000184058,0.1116637,33.21041,6213.245,343810,6949.743,12680.16,59.68725,60.17424,59.66036,78.54546,0,0,13798.08,12680.16
0.5754352,-0.5755388,78.54707,-0.009154372,12680.16,12.25,10.00045,7603.095,599.8858,0,0.5742846,0.5755388,-0.001254223,0.000184058,0.1116637,32.95574,6260.521,343762.7,6949.741,12680.16,59.68725,60.17424,59.66036,78.54546,0,0,13798.08,12680.16
0.5754255,-0.5754912,78.54707,-0.009068786,12680.17,12.25,10.00045,7603.095,599.8051,0,0.5742841,0.5754912,-0.001207094,0.000184058,0.1116637,32.64763,6184.84,343838.4,6949.74,12680.17,59.68725,60.17424,59.66036,78.54546,0,0,13798.08,12680.17
0.5753686,-0.5754572,78.54707,-0.008995858,12680.17,12.25,10.00045,7603.095,599.7289,0,0.5742832,0.5754572,-0.001173911,0.000184058,0.1116637,32.38509,6235.728,343787.5,6949.738,12680.17,59.68725,60.17424,59.66036,78.54546,0,0,13798.08,12680.17
0.5753356,-0.5754165,78.54707,-0.008935181,12680.17,12.25,10.00045,7603.096,599.6629,0,0.5742822,0.5754165,-0.001134382,0.000184058,0.1116637,32.16665,6157.601,343865.6,6949.737,12680.17,59.68725,60.17424,59.66036,78.54546,0,0,13798.08,12680.17
0.575312,-0.5753801,78.54707,-0.008868169,12680.17,12.25,10.00045,7603.096,599.5891,0,0.5742821,0.5753801,-0.001098072,0.000184058,0.1116637,31.92541,6209.939,343813.3,6949.735,12680.17,59.68725,60.17424,59.66036,78.54546,0,0,13798.08,12680.17
0.575242,-0.5753415,78.54707,-0.008814139,12680.17,12.25,10.00045,7603.096,599.5177,0,0.5742808,0.5753415,-0.001060643,0.000184058,0.1116637,31.7309,6137.761,343761.3,6949.732,12680.17,59.68725,60.17424,59.66036,78.54546,0,0,13798.08,12680.17
0.5752457,-0.5753018,78.54707,-0.008752515,12680.17,12.25,10.00045,7603.096,599.4523,0,0.5742806,0.5753018,-0.001021259,0.000184058,0.1116637,31.50905,6187.253,343836,6949.732,12680.17,59.68725,60.17424,59.66036,78.54546,0,0,13798.08,12680.17
0.5751994,-0.5752758,78.54707,-0.009022152,12680.17,12.25,10.00045,7603.096,599.3936,0,0.5742799,0.5752758,-0.000995872,0.000184058,0.1116637,31.35409,6232.866,343790.6,6949.73,12680.17,59.68725,60.17424,59.66036,78.54546,0,0,13798.08,12680.17
0.575161,-0.5752339,78.54707,-0.009516528,12680.18,12.25,10.00045,7603.097,599.33,0,0.5742787,0.5752339,-0.000955197,0.000184058,0.1116637,31.1875,6161.063,343862.8,6949.73,12680.18,59.68725,60.17424,59.66036,78.54546,0,0,13798.08,12680.18
0.575148,-0.5752048,78.54707,-0.009999803,12680.18,12.25,10.00045,7603.097,599.2758,0,0.5742788,0.5752048,-0.000926054,0.000184058,0.1116637,31.04128,6211.465,343812.8,6949.729,12680.18,59.68725,60.17424,59.66036,78.54546,0,0,13798.08,12680.18
0.575084,-0.5751785,78.54707,-0.01048056,12680.18,12.25,10.00045,7603.097,599.2242,0,0.5742731,0.5751785,-0.000905398,0.000184058,0.1116637,30.9297,6261.831,343762.8,6949.727,12680.18,59.68725,60.17424,59.66036,78.54546,0,0,13798.08,12680.18
0.5750716,-0.5751322,78.54707,-0.01109769,12680.19,12.25,10.00045,7603.097,599.1689,0,0.574277,0.5751322,-0.000855212,0.000184058,0.1116637,30.79554,6200.7,343824.5,6949.726,12680.19,59.68725,60.17424,59.66036,78.54546,0,0,13798.08,12680.19
0.5750302,-0.5751026,78.54707,-0.01174678,12680.19,12.25,10.00045,7603.097,599.1136,0,0.5742766,0.5751026,-0.000826031,0.000184058,0.1116637,30.68494,6268.132,343757.5,6949.724,12680.19,59.68725,60.17424,59.66036,78.54546,0,0,13798.08,12680.19
0.5749611,-0.5750605,78.54707,-0.01240548,12680.19,12.25,10.00045,7603.098,599.0618,0,0.5742751,0.5750605,-0.000785415,0.000184058,0.1116637,30.60941,6213.825,343812.4,6949.721,12680.19,59.68725,60.17424,59.66036,78.54546,0,0,13798.08,12680.19
0.5749461,-0.57502,78.54707,-0.01307724,12680.19,12.25,10.00045,7603.098,599.0142,0,0.574271,0.57502,-0.000749027,0.000184058,0.1116637,30.51834,6285.898,343740.8,6949.721,12680.19,59.68725,60.17424,59.66036,78.54546,0,0,13798.08,12680.19
0.5748824,-0.5749816,78.54707,-0.01377013,12680.19,12.25,10.00045,7603.098,598.9686,0,0.5742738,0.5749816,-0.000707792,0.000184058,0.1116637,30.47634,6365.133,343662.2,6949.718,12680.19,59.68725,60.17424,59.66036,78.54546,0,0,13798.08,12680.19
0.5748518,-0.5749353,78.54707,-0.01438443,12680.2,12.25,10.00045,7603.098,598.9318,0,0.5742727,0.5749353,-0.000662625,0.000184058,0.1116637,30.44093,6315.172,343712.7,6949.718,12680.2,59.68725,60.17424,59.66036,78.54546,0,0,13798.08,12680.2
0.5748165,-0.5749005,78.54707,-0.01500101,12680.2,12.25,10.00045,7603.098,598.8965,0,0.5742724,0.5749005,-0.000628127,0.000184058,0.1116637,30.4208,6391.042,343637.3,6949.715,12680.2,59.68725,60.17424,59.66036,78.54546,0,0,13798.08,12680.2
0.5747327,-0.5748532,78.54707,-0.01564972,12680.2,12.25,10.00045,7603.098,598.8593,0,0.5742709,0.5748532,-0.000582273,0.000184058,0.1116637,30.44377,6477.696,343547.3,6949.712,12680.2,59.68725,60.17424,59.66036,78.54546,0,0,13798.08,12680.2
0.5747078,-0.5747949,78.54707,-0.01632451,12680.2,12.25,10.00045,7603.099,598.8289,0,0.57427,0.5747949,-0.000524914,0.000184058,0.1116637,30.45603,6443.506,343585.9,6949.711,12680.2,59.68725,60.17424,59.66036,78.54546,0,0,13798.08,12680.2
0.5746465,-0.5747513,78.54707,-0.01695928,12680.2,12.25,10.00045,7603.099,598.7989,0,0.5742691,0.5747513,-0.000482165,0.000184058,0.1116637,30.50621,6541.695,343488.3,6949.708,12680.2,59.68725,60.17424,59.66036,78.54546,0,0,13798.08,12680.2
0.5745754,-0.5747017,78.54707,-0.01699386,12680.21,12.25,10.00045,7603.099,598.7764,0,0.5742676,0.5747017,-0.000434123,0.000184058,0.1116637,30.5799,6502.666,343527.4,6949.704,12680.21,59.68725,60.17424,59.66036,78.54546,0,0,13798.08,12680.21
0.5745558,-0.5746471,78.54707,-0.01604113,12680.21,12.25,10.00045,7603.099,598.7545,0,0.5742672,0.5746471,-0.000379938,0.000184058,0.1116637,30.65002,6599.66,343429.8,6949.703,12680.21,59.68725,60.17424,59.66036,78.54546,0,0,13798.08,12680.21
0.5744828,-0.5745996,78.54707,-0.01503961,12680.21,12.25,10.00045,7603.099,598.7361,0,0.5742659,0.5745996,-0.000333679,0.000184058,0.1116637,30.76613,6686.591,343342.2,6949.7,12680.21,59.68725,60.17424,59.66036,78.54546,0,0,13798.08,12680.21
0.5744574,-0.5745476,78.54707,-0.0150121,12680.21,12.25,10.00045,7603.1,598.7232,0,0.5742649,0.5745476,-0.000282647,0.000184058,0.1116637,30.86322,6640.699,343388.1,6949.699,12680.21,59.68725,60.17424,59.66036,78.54546,0,0,13798.08,12680.21
0.5744238,-0.5745068,78.54707,-0.01391636,12680.21,12.25,10.00045,7603.1,598.71,0,0.5742646,0.5745068,-0.000242139,0.000184058,0.1116637,30.98737,6725.38,343302.7,6949.696,12680.21,59.68725,60.17424,59.66036,78.54546,0,0,13798.08,12680.21
0.5743555,-0.5744621,78.54707,-0.01282493,12680.22,12.25,10.00045,7603.1,598.6997,0,0.5742634,0.5744621,-0.000198693,0.000184058,0.1116637,31.14685,6677.19,343223.7,6949.693,12680.22,59.68725,60.17424,59.66036,78.54546,0,0,13798.08,12680.22
0.5743688,-0.5744215,78.54707,-0.01268496,12680.22,12.25,10.00045,7603.1,598.6927,0,0.5742633,0.5744215,-0.00015811,0.000184058,0.1116637,31.26595,6750.959,343276.3,6949.693,12680.22,59.68725,60.17424,59.66036,78.54546,0,0,13798.08,12680.22
0.5743239,-0.5743938,78.54707,-0.01161775,12680.22,12.25,10.00045,7603.1,598.686,0,0.5742627,0.5743938,-0.000131141,0.000184058,0.1116637,31.42128,6822.036,343204.4,6949.691,12680.22,59.68725,60.17424,59.66036,78.54546,0,0,13798.08,12680.22
0.5743075,-0.5743621,78.54707,-0.01163167,12680.22,12.25,10.00045,7603.101,598.6826,0,0.5742618,0.5743621,-0.000100248,0.000184058,0.1116637,31.54987,6755.392,343271.1,6949.691,12680.22,59.68725,60.17424,59.66036,78.54546,0,0,13798.08,12680.22
0.5743072,-0.5743402,78.54707,-0.0105964,12680.22,12.25,10.00045,7603.101,598.6792,0,0.5742622,0.5743402,-7.80E-05,0.000184058,0.1116637,31.68672,6820.363,343205.4,6949.69,12680.22,59.68725,60.17424,59.66036,78.54546,0,0,13798.08,12680.22
0.5742636,-0.5743205,78.54707,-0.009642594,12680.22,12.25,10.00045,7603.101,598.6767,0,0.5742614,0.5743205,-5.90E-05,0.000184058,0.1116637,31.84757,6876.557,343148.6,6949.689,12680.22,59.68725,60.17424,59.66036,78.54546,0,0,13798.08,12680.22
0.5742912,-0.5742983,78.54707,-0.009635685,12680.23,12.25,10.00045,7603.102,598.676,0,0.5742617,0.5742983,-3.66E-05,0.000184058,0.1116637,31.96528,6807.743,343217.4,6949.69,12680.23,59.68725,60.17424,59.66036,78.54546,0,0,13798.08,12680.23
0.5742707,-0.5742935,78.54707,-0.008917305,12680.23,12.25,10.00045,7603.102,598.6743,0,0.5742615,0.5742935,-3.19E-05,0.000184058,0.1116637,32.10179,6861.627,343163,6949.69,12680.23,59.68725,60.17424,59.66036,78.54546,0,0,13798.08,12680.23
0.5742809,-0.574277,78.54707,-0.008953403,12680.23,12.25,10.00045,7603.102,598.674,0,0.5742613,0.574277,-1.57E-05,0.000184058,0.1116637,32.23221,6796.769,343227.9,6949.691,12680.23,59.68725,60.17424,59.66036,78.54546,0,0,13798.08,12680.23
0.5742782,-0.5742797,78.54707,-0.008984287,12680.23,12.25,10.00045,7603.102,598.6726,0,0.5742616,0.5742797,-1.81E-05,0.000184058,0.1116637,32.34343,6847.344,343177.3,6949.692,12680.23,59.68725,60.17424,59.66036,78.54546,0,0,13798.08,12680.23
0.5742623,-0.5742153,78.54707,-0.009015549,12680.24,12.25,10.00045,7603.103,598.6719,0,0.574261,0.5742153,4.57E-05,0.000184058,0.1116637,32.45598,6777.185,343247.5,6949.694,12680.24,59.68725,60.17424,59.66036,78.54546,0,0,13798.08,12680.24
0.574285,-0.574273,78.54707,-0.00903902,12680.24,12.25,10.00045,7603.103,598.6713,0,0.5742617,0.574273,-1.13E-05,0.000184058,0.1116637,32.54047,6830.297,343194.4,6949.694,12680.24,59.68725,60.17424,59.66036,78.54546,0,0,13798.08,12680.24
0.5742536,-0.5742735,78.54707,-0.009069055,12680.24,12.25,10.00045,7603.103,598.67,0,0.5742612,0.5742735,-1.22E-05,0.000184058,0.1116637,32.6486,6883.571,343141.2,6949.694,12680.24,59.68725,60.17424,59.66036,78.54546,0,0,13798.08,12680.24
0.5742874,-0.5742669,78.54707,-0.009087044,12680.24,12.25,10.00045,7603.103,598.6699,0,0.5742615,0.5742669,-5.35E-06,0.000184058,0.1116637,32.71336,6808.493,343216.2,6949.696,12680.24,59.68725,60.17424,59.66036,78.54546,0,0,13798.08,12680.24
0.5742736,-0.5742736,78.54707,-0.009107118,12680.24,12.25,10.00045,7603.103,598.6685,0,0.5742615,0.5742736,-1.21E-05,0.000184058,0.1116637,32.78562,6855.326,343169.4,6949.697,12680.24,59.68725,60.17424,59.66036,78.54546,0,0,13798.08,12680.24
0.5742681,-0.5742683,78.54707,-0.009127869,12680.25,12.25,10.00045,7603.104,598.6682,0,0.574261,0.5742683,-7.25E-06,0.000184058,0.1116637,32.86033,6784.147,343240.6,6949.699,12680.25,59.68725,60.17424,59.66036,78.54546,0,0,13798.08,12680.25
0.5742835,-0.5742697,78.54707,-0.009141666,12680.25,12.25,10.00045,7603.104,598.6675,0,0.5742617,0.5742697,-8.09E-06,0.000184058,0.1116637,32.91,6831.172,343193.6,6949.699,12680.25,59.68725,60.17424,59.66036,78.54546,0,0,13798.08,12680.25
0.5742517,-0.5742707,78.54707,-0.009163886,12680.25,12.25,10.00045,7603.104,598.6664,0,0.5742612,0.5742707,-9.53E-06,0.000184058,0.1116637,32.98999,6882.78,343142,6949.699,12680.25,59.68725,60.17424,59.66036,78.54546,0,0,13798.08,12680.25
0.5742838,-0.5742646,78.54707,-0.009174909,12680.25,12.25,10.00045,7603.104,598.6665,0,0.5742615,0.5742646,-3.08E-06,0.000184058,0.1116637,33.02967,6811.254,343213.5,6949.702,12680.25,59.68725,60.17424,59.66036,78.54546,0,0,13798.08,12680.25
0.5742657,-0.5742708,78.54707,-0.009191931,12680.25,12.25,10.00045,7603.104,598.6652,0,0.5742614,0.5742708,-9.44E-06,0.000184058,0.1116637,33.09095,6865.283,343159.5,6949.702,12680.25,59.68725,60.17424,59.66036,78.54546,0,0,13798.08,12680.25
0.574272,-0.5742627,78.54707,-0.009204934,12680.26,12.25,10.00045,7603.104,598.6653,0,0.5742611,0.5742627,-1.64E-06,0.000184058,0.1116637,33.13776,6791.146,343233.6,6949.705,12680.26,59.68725,60.17424,59.66036,78.54546,0,0,13798.08,12680.26
0.5742776,-0.5742684,78.54707,-0.009216313,12680.26,12.25,10.00045,7603.104,598.6644,0,0.5742616,0.5742684,-6.84E-06,0.000184058,0.1116637,33.17873,6843.075,343181.7,6949.705,12680.26,59.68725,60.17424,59.66036,78.54546,0,0,13798.08,12680.26
0.5742509,-0.5742666,78.54707,-0.009232032,12680.26,12.25,10.00045,7603.105,598.6638,0,0.574261,0.5742666,-5.62E-06,0.000184058,0.1116637,33.23532,6770.885,343253.9,6949.704,12680.26,59.68725,60.17424,59.66036,78.54546,0,0,13798.08,12680.26
0.5742836,-0.5742643,78.54707,-0.009236701,12680.26,12.25,10.00045,7603.105,598.6637,0,0.5742615,0.5742643,-2.80E-06,0.000184058,0.1116637,33.25212,6818.418,343206.3,6949.708,12680.26,59.68725,60.17424,59.66036,78.54546,0,0,13798.08,12680.26
0.5742548,-0.574269,78.54707,-0.009252209,12680.26,12.25,10.00045,7603.105,598.6624,0,0.5742612,0.574269,-7.76E-06,0.000184058,0.1116637,33.30795,6879.603,343145.2,6949.708,12680.26,59.68725,60.17424,59.66036,78.54546,0,0,13798.08,12680.26
0.5742823,-0.5742619,78.54707,-0.009257651,12680.27,12.25,10.00045,7603.105,598.6627,0,0.5742614,0.5742619,-4.95E-07,0.000184058,0.1116637,33.32754,6802.689,343222.1,6949.71,12680.27,59.68725,60.17424,59.66036,78.54546,0,0,13798.08,12680.27
0.5742702,-0.5742698,78.54707,-0.009267084,12680.27,12.25,10.00045,7603.105,598.6614,0,0.5742615,0.5742698,-8.31E-06,0.000184058,0.1116637,33.3615,6857.179,343167.6,6949.711,12680.27,59.68725,60.17424,59.66036,78.54546,0,0,13798.08,12680.27
0.5742647,-0.5742645,78.54707,-0.00927576,12680.27,12.25,10.00045,7603.106,598.6613,0,0.574261,0.5742645,-3.56E-06,0.000184058,0.1116637,33.39273,6784.595,343240.2,6949.713,12680.27,59.68725,60.17424,59.66036,78.54546,0,0,13798.08,12680.27
0.5742804,-0.5742661,78.54707,-0.009279665,12680.27,12.25,10.00045,7603.106,598.6608,0,0.5742616,0.5742661,-4.56E-06,0.000184058,0.1116637,33.4068,6832.351,343192.4,6949.713,12680.27,59.68725,60.17424,59.66036,78.54546,0,0,13798.08,12680.27
0.5742477,-0.5742674,78.54707,-0.009291541,12680.27,12.25,10.00045,7603.106,598.6599,0,0.5742611,0.5742674,-6.32E-06,0.000184058,0.1116637,33.44955,6884.703,343140.1,6949.713,12680.27,59.68725,60.17424,59.66036,78.54546,0,0,13798.08,12680.27
0.5742807,-0.5742611,78.54707,-0.009292796,12680.28,12.25,10.00045,7603.106,598.6603,0,0.5742614,0.5742611,3.30E-07,0.000184058,0.1116637,33.45407,6811.978,343212.8,6949.716,12680.28,59.68725,60.17424,59.66036,78.54546,0,0,13798.08,12680.28
0.5742626,-0.5742676,78.54707,-0.009300886,12680.28,12.25,10.00045,7603.106,598.6591,0,0.5742614,0.5742676,-6.24E-06,0.000184058,0.1116637,33.48319,6866.67,343158.1,6949.716,12680.28,59.68725,60.17424,59.66036,78.54546,0,0,13798.08,12680.28
0.574277,-0.5742611,78.54707,-0.009303926,12680.28,12.25,10.00045,7603.107,598.6592,0,0.5742612,0.5742611,1.62E-07,0.000184058,0.1116637,33.49413,6798.365,343226.4,6949.718,12680.28,59.68725,60.17424,59.66036,78.54546,0,0,13798.08,12680.28
0.5742742,-0.5742673,78.54707,-0.009307899,12680.28,12.25,10.00045,7603.107,598.6583,0,0.5742614,0.5742673,-5.90E-06,0.000184058,0.1116637,33.50843,6843.986,343180.8,6949.719,12680.28,59.68725,60.17424,59.66036,78.54546,0,0,13798.08,12680.28
0.574255,-0.574203,78.54707,-0.009315952,12680.29,12.25,10.00045,7603.107,598.658,0,0.5742608,0.574203,5.78E-05,0.000184058,0.1116637,33.53743,6777.866,343246.9,6949.721,12680.29,59.68725,60.17424,59.66036,78.54546,0,0,13798.08,12680.29
0.5742804,-0.5742632,78.54707,-0.009316025,12680.29,12.25,10.00045,7603.107,598.658,0,0.5742615,0.5742632,-1.60E-06,0.000184058,0.1116637,33.53769,6825.818,343198.9,6949.722,12680.29,59.68725,60.17424,59.66036,78.54546,0,0,13798.08,12680.29
0.5742519,-0.5742664,78.54707,-0.009324311,12680.29,12.25,10.00045,7603.107,598.657,0,0.5742612,0.5742664,-5.27E-06,0.000184058,0.1116637,33.56752,6880.648,343144.1,6949.722,12680.29,59.68725,60.17424,59.66036,78.54546,0,0,13798.08,12680.29
0.5742824,-0.5742614,78.54707,-0.009322993,12680.29,12.25,10.00045,7603.108,598.6572,0,0.5742614,0.5742614,9.61E-09,0.000184058,0.1116637,33.56277,6809.88,343214.8,6949.724,12680.29,59.68725,60.17424,59.66036,78.54546,0,0,13798.08,12680.29
0.5742586,-0.5742681,78.54707,-0.009329683,12680.29,12.25,10.00045,7603.108,598.6559,0,0.5742613,0.5742681,-6.79E-06,0.000184058,0.1116637,33.58686,6871.603,343153.1,6949.725,12680.29,59.68725,60.17424,59.66036,78.54546,0,0,13798.08,12680.29
0.5742739,-0.5742595,78.54707,-0.00933063,12680.3,12.25,10.00045,7603.108,598.6563,0,0.5742612,0.5742595,1.67E-06,0.000184058,0.1116637,33.59027,6798.49,343226.3,6949.727,12680.3,59.68725,60.17424,59.66036,78.54546,0,0,13798.08,12680.3
0.5742728,-0.5742657,78.54707,-0.009332861,12680.3,12.25,10.00045,7603.108,598.6555,0,0.5742615,0.5742657,-4.20E-06,0.000184058,0.1116637,33.5983,6846.523,343178.2,6949.727,12680.3,59.68725,60.17424,59.66036,78.54546,0,0,13798.08,12680.3
0.5742586,-0.5742051,78.54707,-0.009337567,12680.3,12.25,10.00045,7603.109,598.6552,0,0.574261,0.5742051,5.59E-05,0.000184058,0.1116637,33.61524,6775.628,343249.1,6949.729,12680.3,59.68725,60.17424,59.66036,78.54546,0,0,13798.08,12680.3
0.5742802,-0.5742654,78.54707,-0.009336337,12680.3,12.25,10.00045,7603.109,598.6547,0,0.5742616,0.5742654,-3.77E-06,0.000184058,0.1116637,33.61081,6830.552,343194.2,6949.73,12680.3,59.68725,60.17424,59.66036,78.54546,0,0,13798.08,12680.3
0.5742473,-0.5742667,78.54707,-0.009343705,12680.3,12.25,10.00045,7603.109,598.6539,0,0.5742611,0.5742667,-5.58E-06,0.000184058,0.1116637,33.63734,6885.499,343139.2,6949.73,12680.3,59.68725,60.17424,59.66036,78.54546,0,0,13798.08,12680.3
0.5742791,-0.5742611,78.54707,-0.009340995,12680.31,12.25,10.00045,7603.11,598.6542,0,0.5742615,0.5742611,3.35E-07,0.000184058,0.1116637,33.62758,6819.147,343205.6,6949.732,12680.31,59.68725,60.17424,59.66036,78.54546,0,0,13798.08,12680.31
0.57425,-0.574265,78.54707,-0.009347374,12680.31,12.25,10.00045,7603.11,598.6533,0,0.5742611,0.574265,-3.85E-06,0.000184058,0.1116637,33.65054,6878.698,343146,6949.733,12680.31,59.68725,60.17424,59.66036,78.54546,0,0,13798.08,12680.31
0.5742757,-0.5742572,78.54707,-0.009345583,12680.31,12.25,10.00045,7603.11,598.6539,0,0.5742612,0.5742572,4.07E-06,0.000184058,0.1116637,33.6441,6805.435,343219.3,6949.735,12680.31,59.68725,60.17424,59.66036,78.54546,0,0,13798.08,12680.31
0.5742639,-0.5742645,78.54707,-0.009348592,12680.31,12.25,10.00045,7603.11,598.653,0,0.5742614,0.5742645,-3.10E-06,0.000184058,0.1116637,33.65493,6860.42,343164.3,6949.736,12680.31,59.68725,60.17424,59.66036,78.54546,0,0,13798.08,12680.31
0.5742693,-0.5742584,78.54707,-0.0093493,12680.32,12.25,10.00045,7603.111,598.6533,0,0.5742611,0.5742584,2.63E-06,0.000184058,0.1116637,33.65748,6791.701,343233,6949.738,12680.32,59.68725,60.17424,59.66036,78.54546,0,0,13798.08,12680.32
0.5742753,-0.5742635,78.54707,-0.009349179,12680.32,12.25,10.00045,7603.111,598.6527,0,0.5742615,0.5742635,-1.95E-06,0.000184058,0.1116637,33.65704,6837.533,343187.2,6949.738,12680.32,59.68725,60.17424,59.66036,78.54546,0,0,13798.08,12680.32
0.5742407,-0.5742632,78.54707,-0.009356508,12680.32,12.25,10.00045,7603.111,598.6522,0,0.574261,0.5742632,-2.19E-06,0.000184058,0.1116637,33.68343,6764.199,343132.1,6949.738,12680.32,59.68725,60.17424,59.66036,78.54546,0,0,13798.08,12680.32
0.5742782,-0.5742593,78.54707,-0.009351555,12680.32,12.25,10.00045,7603.111,598.6526,0,0.5742614,0.5742593,2.18E-06,0.000184058,0.1116637,33.6656,6819.223,343205.4,6949.741,12680.32,59.68725,60.17424,59.66036,78.54546,0,0,13798.08,12680.32
0.5742548,-0.5742643,78.54707,-0.009356025,12680.32,12.25,10.00045,7603.111,598.6517,0,0.5742612,0.5742643,-3.04E-06,0.000184058,0.1116637,33.68169,6874.25,343157.3,6949.741,12680.32,59.68725,60.17424,59.66036,78.54546,0,0,13798.08,12680.32
0.5742794,-0.5742586,78.54707,-0.009353447,12680.33,12.25,10.00045,7603.112,598.6521,0,0.5742614,0.5742586,2.83E-06,0.000184058,0.1116637,33.67241,6803.187,343221.5,6949.744,12680.33,59.68725,60.17424,59.66036,78.54546,0,0,13798.08,12680.33
0.5742655,-0.5742663,78.54707,-0.009355584,12680.33,12.25,10.00045,7603.112,598.651,0,0.5742614,0.5742663,-4.86E-06,0.000184058,0.1116637,33.6801,6858.215,343166.4,6949.744,12680.33,59.68725,60.17424,59.66036,78.54546,0,0,13798.08,12680.33
0.5742519,-0.5742006,78.54707,-0.009358405,12680.33,12.25,10.00045,7603.112,598.6511,0,0.5742608,0.5742006,6.02E-05,0.000184058,0.1116637,33.69026,6777.971,343246.7,6949.746,12680.33,59.68725,60.17424,59.66036,78.54546,0,0,13798.08,12680.33
0.5742757,-0.5742617,78.54707,-0.009355827,12680.33,12.25,10.00045,7603.112,598.651,0,0.5742615,0.5742617,-2.10E-07,0.000184058,0.1116637,33.68098,6833.012,343191.6,6949.747,12680.33,59.68725,60.17424,59.66036,78.54546,0,0,13798.08,12680.33
0.5742422,-0.5742631,78.54707,-0.009361933,12680.33,12.25,10.00045,7603.112,598.6505,0,0.5742611,0.5742631,-2.00E-06,0.000184058,0.1116637,33.70296,6885.775,343138.9,6949.747,12680.33,59.68725,60.17424,59.66036,78.54546,0,0,13798.08,12680.33
0.5742761,-0.5742564,78.54707,-0.009357737,12680.34,12.25,10.00045,7603.113,598.6511,0,0.5742614,0.5742564,4.98E-06,0.000184058,0.1116637,33.68785,6812.387,343212.3,6949.749,12680.34,59.68725,60.17424,59.66036,78.54546,0,0,13798.08,12680.34
0.5742534,-0.5742628,78.54707,-0.009361794,12680.34,12.25,10.00045,7603.113,598.6503,0,0.5742612,0.5742628,-1.58E-06,0.000184058,0.1116637,33.70246,6874.33,343150.3,6949.75,12680.34,59.68725,60.17424,59.66036,78.54546,0,0,13798.08,12680.34
0.5742761,-0.574257,78.54707,-0.009358888,12680.34,12.25,10.00045,7603.113,598.6508,0,0.5742613,0.574257,4.36E-06,0.000184058,0.1116637,33.69199,6805.511,343219.1,6949.752,12680.34,59.68725,60.17424,59.66036,78.54546,0,0,13798.08,12680.34
0.5742626,-0.5742639,78.54707,-0.009360768,12680.34,12.25,10.00045,7603.113,598.6499,0,0.5742614,0.5742639,-2.50E-06,0.000184058,0.1116637,33.69876,6858.278,343166.3,6949.752,12680.34,59.68725,60.17424,59.66036,78.54546,0,0,13798.08,12680.34
0.5742587,-0.5742581,78.54707,-0.009362229,12680.35,12.25,10.00045,7603.114,598.6503,0,0.5742608,0.5742581,2.67E-06,0.000184058,0.1116637,33.70403,6784.87,343239.7,6949.754,12680.35,59.68725,60.17424,59.66036,78.54546,0,0,13798.08,12680.35
0.5742728,-0.5742611,78.54707,-0.009360575,12680.35,12.25,10.00045,7603.114,598.65,0,0.5742615,0.5742611,4.10E-07,0.000184058,0.1116637,33.69807,6839.937,343184.7,6949.755,12680.35,59.68725,60.17424,59.66036,78.54546,0,0,13798.08,12680.35
0.5742429,-0.5742616,78.54707,-0.009366135,12680.35,12.25,10.00045,7603.114,598.6496,0,0.574261,0.5742616,-5.97E-07,0.000184058,0.1116637,33.71809,6764.213,343136.5,6949.755,12680.35,59.68725,60.17424,59.66036,78.54546,0,0,13798.08,12680.35
0.5742789,-0.5742584,78.54707,-0.009360448,12680.35,12.25,10.00045,7603.114,598.65,0,0.5742614,0.5742584,2.91E-06,0.000184058,0.1116637,33.69761,6816.997,343207.6,6949.758,12680.35,59.68725,60.17424,59.66036,78.54546,0,0,13798.08,12680.35
0.5742549,-0.5742641,78.54707,-0.00936406,12680.35,12.25,10.00045,7603.114,598.649,0,0.5742612,0.5742641,-2.87E-06,0.000184058,0.1116637,33.71062,6872.072,343152.5,6949.758,12680.35,59.68725,60.17424,59.66036,78.54546,0,0,13798.08,12680.35
0.5742741,-0.574256,78.54707,-0.00936192,12680.36,12.25,10.00045,7603.115,598.6497,0,0.5742612,0.574256,5.23E-06,0.000184058,0.1116637,33.70291,6805.531,343219,6949.76,12680.36,59.68725,60.17424,59.66036,78.54546,0,0,13798.08,12680.36
0.5742575,-0.5742631,78.54707,-0.009364468,12680.36,12.25,10.00045,7603.115,598.6489,0,0.5742612,0.5742631,-1.82E-06,0.000184058,0.1116637,33.71209,6867.495,343157.1,6949.761,12680.36,59.68725,60.17424,59.66036,78.54546,0,0,13798.08,12680.36
0.5742747,-0.5742557,78.54707,-0.009362432,12680.37,12.25,10.00045,7603.115,598.6492,0,0.5742612,0.5742557,5.54E-06,0.000184058,0.1116637,33.70475,6796.353,343228.2,6949.763,12680.37,59.68725,60.17424,59.66036,78.54546,0,0,13798.08,12680.37
0.5742719,-0.5742636,78.54707,-0.009362253,12680.37,12.25,10.00045,7603.115,598.6485,0,0.5742615,0.5742636,-2.10E-06,0.000184058,0.1116637,33.70411,6844.543,343180,6949.764,12680.37,59.68725,60.17424,59.66036,78.54546,0,0,13798.08,12680.37
0.5742432,-0.574261,78.54707,-0.009366845,12680.37,12.25,10.00045,7603.116,598.6483,0,0.5742608,0.574261,-1.23E-07,0.000184058,0.1116637,33.72064,6771.107,343253.4,6949.763,12680.37,59.68725,60.17424,59.66036,78.54546,0,0,13798.08,12680.37
0.5742744,-0.5742602,78.54707,-0.009362473,12680.37,12.25,10.00045,7603.116,598.6484,0,0.5742615,0.5742602,1.23E-06,0.000184058,0.1116637,33.7049,6833.077,343191.4,6949.766,12680.37,59.68725,60.17424,59.66036,78.54546,0,0,13798.08,12680.37
0.574242,-0.5742612,78.54707,-0.009367954,12680.37,12.25,10.00045,7603.116,598.6479,0,0.574261,0.5742612,-2.89E-07,0.000184058,0.1116637,33.72463,6885.876,343138.7,6949.766,12680.37,59.68725,60.17424,59.66036,78.54546,0,0,13798.08,12680.37
0.5742759,-0.5742563,78.54707,-0.009363148,12680.38,12.25,10.00045,7603.116,598.6487,0,0.5742614,0.5742563,5.12E-06,0.000184058,0.1116637,33.70733,6819.314,343205.2,6949.769,12680.38,59.68725,60.17424,59.66036,78.54546,0,0,13798.08,12680.38
0.5742522,-0.5742616,78.54707,-0.009366857,12680.38,12.25,10.00045,7603.116,598.648,0,0.5742612,0.5742616,-4.44E-07,0.000184058,0.1116637,33.72068,6874.406,343150.1,6949.769,12680.38,59.68725,60.17424,59.66036,78.54546,0,0,13798.08,12680.38
0.5742767,-0.5742567,78.54707,-0.009363263,12680.38,12.25,10.00045,7603.117,598.6484,0,0.5742614,0.5742567,4.67E-06,0.000184058,0.1116637,33.70775,6812.429,343212.1,6949.771,12680.38,59.68725,60.17424,59.66036,78.54546,0,0,13798.08,12680.38
0.5742581,-0.5742628,78.54707,-0.009365712,12680.38,12.25,10.00045,7603.117,598.6477,0,0.5742612,0.5742628,-1.53E-06,0.000184058,0.1116637,33.71656,6865.223,343159.3,6949.772,12680.38,59.68725,60.17424,59.66036,78.54546,0,0,13798.08,12680.38
0.5742645,-0.5742549,78.54707,-0.009365303,12680.39,12.25,10.00045,7603.118,598.6483,0,0.574261,0.5742549,6.02E-06,0.000184058,0.1116637,33.71509,6791.776,343232.7,6949.774,12680.39,59.68725,60.17424,59.66036,78.54546,0,0,13798.08,12680.39
0.5742689,-0.574261,78.54707,-0.009364582,12680.39,12.25,10.00045,7603.118,598.6478,0,0.5742614,0.574261,4.30E-07,0.000184058,0.1116637,33.71249,6846.865,343177.6,6949.775,12680.39,59.68725,60.17424,59.66036,78.54546,0,0,13798.08,12680.39
0.574253,-0.5742,78.54707,-0.009366945,12680.39,12.25,10.00045,7603.118,598.6478,0,0.5742608,0.5742,6.08E-05,0.000184058,0.1116637,33.721,6778.002,343246.5,6949.777,12680.39,59.68725,60.17424,59.66036,78.54546,0,0,13798.08,12680.39
0.5742743,-0.5742617,78.54707,-0.009363777,12680.39,12.25,10.00045,7603.118,598.6476,0,0.5742615,0.5742617,-1.70E-07,0.000184058,0.1116637,33.7096,6837.681,343186.8,6949.778,12680.39,59.68725,60.17424,59.66036,78.54546,0,0,13798.08,12680.39
0.5742384,-0.5742614,78.54707,-0.009370004,12680.4,12.25,10.00045,7603.119,598.6472,0,0.574261,0.5742614,-4.67E-07,0.000184058,0.1116637,33.73201,6764.225,343131.7,6949.777,12680.4,59.68725,60.17424,59.66036,78.54546,0,0,13798.08,12680.4
0.5742759,-0.5742573,78.54707,-0.009363991,12680.4,12.25,10.00045,7603.119,598.6477,0,0.5742614,0.5742573,4.15E-06,0.000184058,0.1116637,33.71037,6819.324,343205.1,6949.78,12680.4,59.68725,60.17424,59.66036,78.54546,0,0,13798.08,12680.4
0.5742468,-0.5742616,78.54707,-0.009368615,12680.4,12.25,10.00045,7603.119,598.647,0,0.5742611,0.5742616,-4.94E-07,0.000184058,0.1116637,33.72701,6879.014,343143.1,6949.78,12680.4,59.68725,60.17424,59.66036,78.54546,0,0,13798.08,12680.4
0.574272,-0.5742536,78.54707,-0.009365166,12680.4,12.25,10.00045,7603.119,598.6479,0,0.5742612,0.5742536,7.61E-06,0.000184058,0.1116637,33.7146,6805.557,343218.9,6949.783,12680.4,59.68725,60.17424,59.66036,78.54546,0,0,13798.08,12680.4
0.5742571,-0.5742612,78.54707,-0.009367292,12680.4,12.25,10.00045,7603.119,598.6472,0,0.5742612,0.5742612,2.98E-08,0.000184058,0.1116637,33.72225,6867.541,343156.9,6949.783,12680.4,59.68725,60.17424,59.66036,78.54546,0,0,13798.08,12680.4
0.5742746,-0.5742554,78.54707,-0.009364767,12680.41,12.25,10.00045,7603.12,598.6476,0,0.5742612,0.5742554,5.86E-06,0.000184058,0.1116637,33.71316,6805.556,343218.9,6949.786,12680.41,59.68725,60.17424,59.66036,78.54546,0,0,13798.08,12680.41
0.5742605,-0.5742624,78.54707,-0.009366225,12680.41,12.25,10.00045,7603.12,598.6469,0,0.5742613,0.5742624,-1.18E-06,0.000184058,0.1116637,33.71841,6858.354,343166.1,6949.786,12680.41,59.68725,60.17424,59.66036,78.54546,0,0,13798.08,12680.41
0.5742638,-0.5742542,78.54707,-0.009366395,12680.41,12.25,10.00045,7603.12,598.6475,0,0.574261,0.5742542,6.72E-06,0.000184058,0.1116637,33.71902,6791.786,343232.6,6949.788,12680.41,59.68725,60.17424,59.66036,78.54546,0,0,13798.08,12680.41
0.5742685,-0.5742604,78.54707,-0.009365571,12680.41,12.25,10.00045,7603.12,598.6472,0,0.5742614,0.5742604,1.06E-06,0.000184058,0.1116637,33.71606,6846.88,343177.5,6949.789,12680.41,59.68725,60.17424,59.66036,78.54546,0,0,13798.08,12680.41
0.57426,-0.5742574,78.54707,-0.009366841,12680.42,12.25,10.00045,7603.121,598.6473,0,0.5742609,0.5742574,3.41E-06,0.000184058,0.1116637,33.72063,6784.897,343239.5,6949.791,12680.42,59.68725,60.17424,59.66036,78.54546,0,0,13798.08,12680.42
0.574273,-0.5742605,78.54707,-0.009364703,12680.42,12.25,10.00045,7603.121,598.647,0,0.5742615,0.5742605,9.56E-07,0.000184058,0.1116637,33.71293,6837.695,343186.7,6949.792,12680.42,59.68725,60.17424,59.66036,78.54546,0,0,13798.08,12680.42
0.5742422,-0.5742591,78.54707,-0.009369443,12680.42,12.25,10.00045,7603.121,598.6468,0,0.5742608,0.5742591,1.70E-06,0.000184058,0.1116637,33.73,6771.123,343253.3,6949.791,12680.42,59.68725,60.17424,59.66036,78.54546,0,0,13798.08,12680.42
0.5742751,-0.5742577,78.54707,-0.009364748,12680.42,12.25,10.00045,7603.121,598.6472,0,0.5742614,0.5742577,3.75E-06,0.000184058,0.1116637,33.7131,6826.222,343198.2,6949.794,12680.42,59.68725,60.17424,59.66036,78.54546,0,0,13798.08,12680.42
0.5742466,-0.5742611,78.54707,-0.009369311,12680.42,12.25,10.00045,7603.121,598.6466,0,0.5742611,0.5742611,2.22E-08,0.000184058,0.1116637,33.72952,6881.326,343143,6949.794,12680.42,59.68725,60.17424,59.66036,78.54546,0,0,13798.08,12680.42
0.5742789,-0.5742583,78.54707,-0.009364195,12680.43,12.25,10.00045,7603.122,598.6469,0,0.5742615,0.5742583,3.22E-06,0.000184058,0.1116637,33.71111,6817.037,343207.3,6949.797,12680.43,59.68725,60.17424,59.66036,78.54546,0,0,13798.08,12680.43
0.5742537,-0.5742636,78.54707,-0.009367522,12680.43,12.25,10.00045,7603.122,598.6461,0,0.5742612,0.5742636,-2.41E-06,0.000184058,0.1116637,33.72308,6872.133,343152.2,6949.797,12680.43,59.68725,60.17424,59.66036,78.54546,0,0,13798.08,12680.43
0.5742691,-0.5742549,78.54707,-0.009365532,12680.43,12.25,10.00045,7603.122,598.6467,0,0.5742611,0.5742549,6.23E-06,0.000184058,0.1116637,33.71591,6798.676,343225.7,6949.8,12680.43,59.68725,60.17424,59.66036,78.54546,0,0,13798.08,12680.43
0.5742645,-0.5742616,78.54707,-0.009365888,12680.43,12.25,10.00045,7603.122,598.6462,0,0.5742614,0.5742616,-2.26E-07,0.000184058,0.1116637,33.7172,6853.77,343170.6,6949.8,12680.43,59.68725,60.17424,59.66036,78.54546,0,0,13798.08,12680.43
0.5742559,-0.5742558,78.54707,-0.009367536,12680.44,12.25,10.00045,7603.123,598.6467,0,0.5742608,0.5742558,4.98E-06,0.000184058,0.1116637,33.72313,6784.904,343239.4,6949.802,12680.44,59.68725,60.17424,59.66036,78.54546,0,0,13798.08,12680.44
0.5742709,-0.5742587,78.54707,-0.009365445,12680.44,12.25,10.00045,7603.123,598.6466,0,0.5742614,0.5742587,2.71E-06,0.000184058,0.1116637,33.7156,6840.001,343184.3,6949.803,12680.44,59.68725,60.17424,59.66036,78.54546,0,0,13798.08,12680.44
0.5742452,-0.5742584,78.54707,-0.009369293,12680.44,12.25,10.00045,7603.123,598.6464,0,0.5742609,0.5742584,2.43E-06,0.000184058,0.1116637,33.72945,6771.126,343253.2,6949.802,12680.44,59.68725,60.17424,59.66036,78.54546,0,0,13798.08,12680.44
0.5742757,-0.5742581,78.54707,-0.009364701,12680.44,12.25,10.00045,7603.123,598.6467,0,0.5742615,0.5742581,3.32E-06,0.000184058,0.1116637,33.71292,6826.225,343198.1,6949.806,12680.44,59.68725,60.17424,59.66036,78.54546,0,0,13798.08,12680.44
0.5742476,-0.5742612,78.54707,-0.009368957,12680.44,12.25,10.00045,7603.123,598.6461,0,0.5742611,0.5742612,-1.25E-07,0.000184058,0.1116637,33.72824,6879.033,343145.3,6949.806,12680.44,59.68725,60.17424,59.66036,78.54546,0,0,13798.08,12680.44
0.5742745,-0.5742546,78.54707,-0.009365183,12680.45,12.25,10.00045,7603.124,598.6469,0,0.5742613,0.5742546,6.66E-06,0.000184058,0.1116637,33.71466,6812.456,343211.8,6949.808,12680.45,59.68725,60.17424,59.66036,78.54546,0,0,13798.08,12680.45
0.5742514,-0.574261,78.54707,-0.009368571,12680.45,12.25,10.00045,7603.124,598.6462,0,0.5742612,0.574261,1.58E-07,0.000184058,0.1116637,33.72686,6874.445,343149.8,6949.809,12680.45,59.68725,60.17424,59.66036,78.54546,0,0,13798.08,12680.45
0.5742755,-0.5742552,78.54707,-0.00936506,12680.45,12.25,10.00045,7603.124,598.6467,0,0.5742613,0.5742552,6.11E-06,0.000184058,0.1116637,33.71421,6803.272,343221,6949.811,12680.45,59.68725,60.17424,59.66036,78.54546,0,0,13798.08,12680.45
0.5742626,-0.5742626,78.54707,-0.009366254,12680.45,12.25,10.00045,7603.124,598.6459,0,0.5742614,0.5742626,-1.26E-06,0.000184058,0.1116637,33.71852,6858.366,343165.9,6949.812,12680.45,59.68725,60.17424,59.66036,78.54546,0,0,13798.08,12680.45
0.5742571,-0.5742571,78.54707,-0.009367295,12680.46,12.25,10.00045,7603.125,598.6464,0,0.5742608,0.5742571,3.71E-06,0.000184058,0.1116637,33.72226,6784.908,343239.3,6949.813,12680.46,59.68725,60.17424,59.66036,78.54546,0,0,13798.08,12680.46
0.574268,-0.5742605,78.54707,-0.009365625,12680.46,12.25,10.00045,7603.125,598.6461,0,0.5742614,0.5742605,8.69E-07,0.000184058,0.1116637,33.71625,6846.891,343177.4,6949.814,12680.46,59.68725,60.17424,59.66036,78.54546,0,0,13798.08,12680.46
0.5742613,-0.5742579,78.54707,-0.00936674,12680.46,12.25,10.00045,7603.125,598.6462,0,0.5742609,0.5742579,3.02E-06,0.000184058,0.1116637,33.72027,6782.61,343241.6,6949.816,12680.46,59.68725,60.17424,59.66036,78.54546,0,0,13798.08,12680.46
0.5742733,-0.5742616,78.54707,-0.009364436,12680.46,12.25,10.00045,7603.125,598.6458,0,0.5742615,0.5742616,-9.61E-08,0.000184058,0.1116637,33.71197,6837.702,343186.5,6949.817,12680.46,59.68725,60.17424,59.66036,78.54546,0,0,13798.08,12680.46
0.5742375,-0.574261,78.54707,-0.009370565,12680.47,12.25,10.00045,7603.126,598.6454,0,0.574261,0.574261,-6.29E-08,0.000184058,0.1116637,33.73404,6764.24,343131.4,6949.817,12680.47,59.68725,60.17424,59.66036,78.54546,0,0,13798.08,12680.47
0.5742745,-0.5742578,78.54707,-0.009364437,12680.47,12.25,10.00045,7603.126,598.646,0,0.5742614,0.5742578,3.64E-06,0.000184058,0.1116637,33.71198,6826.229,343198,6949.82,12680.47,59.68725,60.17424,59.66036,78.54546,0,0,13798.08,12680.47
0.574246,-0.5742607,78.54707,-0.009368783,12680.47,12.25,10.00045,7603.126,598.6454,0,0.5742611,0.5742607,3.80E-07,0.000184058,0.1116637,33.72762,6879.036,343145.2,6949.82,12680.47,59.68725,60.17424,59.66036,78.54546,0,0,13798.08,12680.47
0.574274,-0.5742539,78.54707,-0.00936499,12680.47,12.25,10.00045,7603.126,598.6464,0,0.5742613,0.5742539,7.40E-06,0.000184058,0.1116637,33.71396,6812.46,343211.8,6949.822,12680.47,59.68725,60.17424,59.66036,78.54546,0,0,13798.08,12680.47
0.5742558,-0.5742606,78.54707,-0.009367521,12680.47,12.25,10.00045,7603.126,598.6457,0,0.5742612,0.5742606,6.53E-07,0.000184058,0.1116637,33.72307,6867.559,343156.7,6949.823,12680.47,59.68725,60.17424,59.66036,78.54546,0,0,13798.08,12680.47
0.5742705,-0.5742542,78.54707,-0.0093654,12680.48,12.25,10.00045,7603.127,598.6462,0,0.5742611,0.5742542,6.98E-06,0.000184058,0.1116637,33.71544,6798.686,343225.5,6949.825,12680.48,59.68725,60.17424,59.66036,78.54546,0,0,13798.08,12680.48
0.5742656,-0.5742612,78.54707,-0.009365588,12680.48,12.25,10.00045,7603.127,598.6457,0,0.5742614,0.5742612,1.65E-07,0.000184058,0.1116637,33.71612,6851.483,343172.7,6949.826,12680.48,59.68725,60.17424,59.66036,78.54546,0,0,13798.08,12680.48
0.5742568,-0.5742562,78.54707,-0.009367213,12680.48,12.25,10.00045,7603.127,598.6461,0,0.5742608,0.5742562,4.52E-06,0.000184058,0.1116637,33.72197,6784.913,343239.3,6949.828,12680.48,59.68725,60.17424,59.66036,78.54546,0,0,13798.08,12680.48
0.5742678,-0.57426,78.54707,-0.009365543,12680.48,12.25,10.00045,7603.127,598.6458,0,0.5742614,0.57426,1.42E-06,0.000184058,0.1116637,33.71595,6846.896,343177.3,6949.828,12680.48,59.68725,60.17424,59.66036,78.54546,0,0,13798.08,12680.48
0.574252,-0.574199,78.54707,-0.00936781,12680.49,12.25,10.00045,7603.128,598.6459,0,0.5742608,0.574199,6.18E-05,0.000184058,0.1116637,33.72412,6778.025,343246.2,6949.831,12680.49,59.68725,60.17424,59.66036,78.54546,0,0,13798.08,12680.49
0.5742735,-0.574261,78.54707,-0.009364502,12680.49,12.25,10.00045,7603.128,598.6456,0,0.5742615,0.574261,5.14E-07,0.000184058,0.1116637,33.7122,6837.709,343186.4,6949.831,12680.49,59.68725,60.17424,59.66036,78.54546,0,0,13798.08,12680.49
0.5742375,-0.5742607,78.54707,-0.009370643,12680.49,12.25,10.00045,7603.128,598.6453,0,0.574261,0.5742607,2.96E-07,0.000184058,0.1116637,33.73431,6764.246,343131.3,6949.831,12680.49,59.68725,60.17424,59.66036,78.54546,0,0,13798.08,12680.49
0.5742749,-0.5742564,78.54707,-0.009364547,12680.49,12.25,10.00045,7603.128,598.6459,0,0.5742614,0.5742564,4.98E-06,0.000184058,0.1116637,33.71237,6819.349,343204.8,6949.833,12680.49,59.68725,60.17424,59.66036,78.54546,0,0,13798.08,12680.49
0.5742442,-0.5742607,78.54707,-0.009369039,12680.49,12.25,10.00045,7603.128,598.6453,0,0.574261,0.5742607,3.25E-07,0.000184058,0.1116637,33.72854,6879.042,343145.1,6949.834,12680.49,59.68725,60.17424,59.66036,78.54546,0,0,13798.08,12680.49
0.5742714,-0.5742527,78.54707,-0.009365533,12680.5,12.25,10.00045,7603.129,598.6462,0,0.5742612,0.5742527,8.47E-06,0.000184058,0.1116637,33.71592,6805.58,343218.6,6949.836,12680.5,59.68725,60.17424,59.66036,78.54546,0,0,13798.08,12680.5
0.574264,-0.5742598,78.54707,-0.009366337,12680.5,12.25,10.00045,7603.129,598.6457,0,0.5742614,0.5742598,1.61E-06,0.000184058,0.1116637,33.71881,6853.79,343170.3,6949.837,12680.5,59.68725,60.17424,59.66036,78.54546,0,0,13798.08,12680.5
0.5742593,-0.5742564,78.54707,-0.009367056,12680.5,12.25,10.00045,7603.129,598.646,0,0.5742608,0.5742564,4.45E-06,0.000184058,0.1116637,33.7214,6784.917,343239.2,6949.839,12680.5,59.68725,60.17424,59.66036,78.54546,0,0,13798.08,12680.5
0.5742674,-0.5742608,78.54707,-0.009365412,12680.5,12.25,10.00045,7603.129,598.6456,0,0.5742615,0.5742608,7.09E-07,0.000184058,0.1116637,33.71548,6844.603,343179.5,6949.839,12680.5,59.68725,60.17424,59.66036,78.54546,0,0,13798.08,12680.5
0.5742486,-0.5741958,78.54707,-0.009368495,12680.51,12.25,10.00045,7603.13,598.6458,0,0.5742607,0.5741958,6.49E-05,0.000184058,0.1116637,33.72658,6778.031,343246.1,6949.842,12680.51,59.68725,60.17424,59.66036,78.54546,0,0,13798.08,12680.51
0.574273,-0.5742577,78.54707,-0.009365096,12680.51,12.25,10.00045,7603.13,598.646,0,0.5742614,0.5742577,3.72E-06,0.000184058,0.1116637,33.71434,6833.129,343191,6949.842,12680.51,59.68725,60.17424,59.66036,78.54546,0,0,13798.08,12680.51
0.5742409,-0.5742594,78.54707,-0.009370558,12680.51,12.25,10.00045,7603.13,598.6456,0,0.574261,0.5742594,1.59E-06,0.000184058,0.1116637,33.73401,6764.25,343135.9,6949.842,12680.51,59.68725,60.17424,59.66036,78.54546,0,0,13798.08,12680.51
0.5742769,-0.5742563,78.54707,-0.009364484,12680.51,12.25,10.00045,7603.13,598.6461,0,0.5742614,0.5742563,5.03E-06,0.000184058,0.1116637,33.71214,6817.058,343207,6949.845,12680.51,59.68725,60.17424,59.66036,78.54546,0,0,13798.08,12680.51
0.574253,-0.574262,78.54707,-0.009367742,12680.51,12.25,10.00045,7603.13,598.6453,0,0.5742612,0.574262,-8.35E-07,0.000184058,0.1116637,33.72387,6872.156,343151.9,6949.845,12680.51,59.68725,60.17424,59.66036,78.54546,0,0,13798.08,12680.51
0.5742722,-0.574254,78.54707,-0.009365235,12680.52,12.25,10.00045,7603.131,598.6461,0,0.5742612,0.574254,7.19E-06,0.000184058,0.1116637,33.71484,6805.583,343218.5,6949.848,12680.52,59.68725,60.17424,59.66036,78.54546,0,0,13798.08,12680.52
0.5742601,-0.5742611,78.54707,-0.009366694,12680.52,12.25,10.00045,7603.131,598.6455,0,0.5742613,0.5742611,2.06E-07,0.000184058,0.1116637,33.7201,6860.679,343163.4,6949.848,12680.52,59.68725,60.17424,59.66036,78.54546,0,0,13798.08,12680.52
0.5742682,-0.5742536,78.54707,-0.009365823,12680.53,12.25,10.00045,7603.131,598.6459,0,0.5742611,0.5742536,7.41E-06,0.000184058,0.1116637,33.71696,6789.511,343234.5,6949.85,12680.53,59.68725,60.17424,59.66036,78.54546,0,0,13798.08,12680.53
0.5742666,-0.5742624,78.54707,-0.009365217,12680.53,12.25,10.00045,7603.131,598.6451,0,0.5742614,0.5742624,-1.05E-06,0.000184058,0.1116637,33.71478,6851.489,343172.6,6949.851,12680.53,59.68725,60.17424,59.66036,78.54546,0,0,13798.08,12680.53
0.5742567,-0.5742571,78.54707,-0.009366833,12680.53,12.25,10.00045,7603.132,598.6454,0,0.5742608,0.5742571,3.68E-06,0.000184058,0.1116637,33.7206,6784.922,343239.1,6949.853,12680.53,59.68725,60.17424,59.66036,78.54546,0,0,13798.08,12680.53
0.5742705,-0.5742596,78.54707,-0.009364735,12680.53,12.25,10.00045,7603.132,598.6454,0,0.5742614,0.5742596,1.87E-06,0.000184058,0.1116637,33.71305,6840.015,343184,6949.854,12680.53,59.68725,60.17424,59.66036,78.54546,0,0,13798.08,12680.53
0.57424,-0.5742573,78.54707,-0.009369489,12680.54,12.25,10.00045,7603.132,598.6453,0,0.5742608,0.5742573,3.51E-06,0.000184058,0.1116637,33.73016,6771.147,343252.9,6949.853,12680.54,59.68725,60.17424,59.66036,78.54546,0,0,13798.08,12680.54
0.5742727,-0.5742571,78.54707,-0.00936486,12680.54,12.25,10.00045,7603.132,598.6458,0,0.5742614,0.5742571,4.27E-06,0.000184058,0.1116637,33.7135,6833.132,343190.9,6949.856,12680.54,59.68725,60.17424,59.66036,78.54546,0,0,13798.08,12680.54
0.5742413,-0.5742591,78.54707,-0.00937021,12680.54,12.25,10.00045,7603.133,598.6454,0,0.574261,0.5742591,1.88E-06,0.000184058,0.1116637,33.73275,6764.255,343135.8,6949.856,12680.54,59.68725,60.17424,59.66036,78.54546,0,0,13798.08,12680.54
0.5742753,-0.5742579,78.54707,-0.009364263,12680.54,12.25,10.00045,7603.133,598.6457,0,0.5742614,0.5742579,3.59E-06,0.000184058,0.1116637,33.71135,6823.947,343197.8,6949.859,12680.54,59.68725,60.17424,59.66036,78.54546,0,0,13798.08,12680.54
0.5742474,-0.574261,78.54707,-0.009368488,12680.54,12.25,10.00045,7603.133,598.6451,0,0.5742611,0.574261,1.02E-07,0.000184058,0.1116637,33.72655,6879.047,343144.9,6949.859,12680.54,59.68725,60.17424,59.66036,78.54546,0,0,13798.08,12680.54
0.5742741,-0.5742544,78.54707,-0.009364722,12680.55,12.25,10.00045,7603.134,598.6459,0,0.5742613,0.5742544,6.94E-06,0.000184058,0.1116637,33.713,6812.474,343211.5,6949.862,12680.55,59.68725,60.17424,59.66036,78.54546,0,0,13798.08,12680.55
0.5742509,-0.5742607,78.54707,-0.009368113,12680.55,12.25,10.00045,7603.134,598.6453,0,0.5742611,0.5742607,5.08E-07,0.000184058,0.1116637,33.7252,6874.459,343149.5,6949.862,12680.55,59.68725,60.17424,59.66036,78.54546,0,0,13798.08,12680.55
0.5742756,-0.5742545,78.54707,-0.009364558,12680.55,12.25,10.00045,7603.134,598.6459,0,0.5742612,0.5742545,6.78E-06,0.000184058,0.1116637,33.71241,6803.29,343220.7,6949.864,12680.55,59.68725,60.17424,59.66036,78.54546,0,0,13798.08,12680.55
0.5742579,-0.5742626,78.54707,-0.009366486,12680.55,12.25,10.00045,7603.134,598.645,0,0.5742613,0.5742626,-1.31E-06,0.000184058,0.1116637,33.71935,6865.269,343158.7,6949.865,12680.55,59.68725,60.17424,59.66036,78.54546,0,0,13798.08,12680.55
0.5742634,-0.5742545,78.54707,-0.00936597,12680.56,12.25,10.00045,7603.135,598.6456,0,0.574261,0.5742545,6.46E-06,0.000184058,0.1116637,33.71749,6791.815,343232.2,6949.867,12680.56,59.68725,60.17424,59.66036,78.54546,0,0,13798.08,12680.56
0.5742676,-0.5742602,78.54707,-0.009365147,12680.56,12.25,10.00045,7603.135,598.6453,0,0.5742614,0.5742602,1.19E-06,0.000184058,0.1116637,33.71453,6846.907,343177,6949.868,12680.56,59.68725,60.17424,59.66036,78.54546,0,0,13798.08,12680.56
0.5742388,-0.5742575,78.54707,-0.009369661,12680.56,12.25,10.00045,7603.135,598.6453,0,0.5742608,0.5742575,3.25E-06,0.000184058,0.1116637,33.73078,6771.152,343252.8,6949.867,12680.56,59.68725,60.17424,59.66036,78.54546,0,0,13798.08,12680.56
0.5742725,-0.574257,78.54707,-0.009365012,12680.56,12.25,10.00045,7603.135,598.6458,0,0.5742614,0.574257,4.49E-06,0.000184058,0.1116637,33.71404,6833.139,343190.8,6949.871,12680.56,59.68725,60.17424,59.66036,78.54546,0,0,13798.08,12680.56
0.5742447,-0.5742578,78.54707,-0.0093691,12680.57,12.25,10.00045,7603.136,598.6455,0,0.5742609,0.5742578,3.08E-06,0.000184058,0.1116637,33.72876,6771.153,343252.8,6949.87,12680.57,59.68725,60.17424,59.66036,78.54546,0,0,13798.08,12680.57
0.5742752,-0.5742576,78.54707,-0.009364489,12680.57,12.25,10.00045,7603.136,598.6458,0,0.5742614,0.5742576,3.90E-06,0.000184058,0.1116637,33.71216,6826.25,343197.7,6949.873,12680.57,59.68725,60.17424,59.66036,78.54546,0,0,13798.08,12680.57
0.5742465,-0.5742606,78.54707,-0.009368804,12680.57,12.25,10.00045,7603.136,598.6453,0,0.5742611,0.5742606,4.60E-07,0.000184058,0.1116637,33.7277,6879.056,343144.9,6949.874,12680.57,59.68725,60.17424,59.66036,78.54546,0,0,13798.08,12680.57
0.574274,-0.574254,78.54707,-0.00936499,12680.57,12.25,10.00045,7603.136,598.6461,0,0.5742613,0.574254,7.34E-06,0.000184058,0.1116637,33.71396,6812.481,343211.4,6949.876,12680.57,59.68725,60.17424,59.66036,78.54546,0,0,13798.08,12680.57
0.5742557,-0.5742606,78.54707,-0.00936749,12680.57,12.25,10.00045,7603.136,598.6454,0,0.5742612,0.5742606,6.48E-07,0.000184058,0.1116637,33.72296,6867.579,343156.3,6949.876,12680.57,59.68725,60.17424,59.66036,78.54546,0,0,13798.08,12680.57
0.5742754,-0.5742555,78.54707,-0.00936456,12680.58,12.25,10.00045,7603.137,598.646,0,0.5742614,0.5742555,5.89E-06,0.000184058,0.1116637,33.71242,6810.184,343211.4,6949.879,12680.58,59.68725,60.17424,59.66036,78.54546,0,0,13798.08,12680.58
0.5742575,-0.5742618,78.54707,-0.009366775,12680.58,12.25,10.00045,7603.137,598.6453,0,0.5742612,0.5742618,-5.82E-07,0.000184058,0.1116637,33.72039,6865.278,343158.6,6949.879,12680.58,59.68725,60.17424,59.66036,78.54546,0,0,13798.08,12680.58
0.5742686,-0.5742534,78.54707,-0.009365566,12680.58,12.25,10.00045,7603.137,598.646,0,0.5742611,0.5742534,7.63E-06,0.000184058,0.1116637,33.71604,6798.708,343225.2,6949.881,12680.58,59.68725,60.17424,59.66036,78.54546,0,0,13798.08,12680.58
0.5742601,-0.574261,78.54707,-0.009366537,12680.58,12.25,10.00045,7603.137,598.6454,0,0.5742613,0.574261,3.68E-07,0.000184058,0.1116637,33.71953,6860.69,343163.2,6949.882,12680.58,59.68725,60.17424,59.66036,78.54546,0,0,13798.08,12680.58
0.5742684,-0.5742552,78.54707,-0.009365706,12680.59,12.25,10.00045,7603.138,598.6459,0,0.574261,0.5742552,5.87E-06,0.000184058,0.1116637,33.71654,6789.524,343234.3,6949.884,12680.59,59.68725,60.17424,59.66036,78.54546,0,0,13798.08,12680.59
0.5742666,-0.5742627,78.54707,-0.009365114,12680.59,12.25,10.00045,7603.138,598.6451,0,0.5742614,0.5742627,-1.27E-06,0.000184058,0.1116637,33.71441,6851.5,343172.3,6949.885,12680.59,59.68725,60.17424,59.66036,78.54546,0,0,13798.08,12680.59
0.574249,-0.5741974,78.54707,-0.009367791,12680.59,12.25,10.00045,7603.138,598.6453,0,0.5742607,0.5741974,6.34E-05,0.000184058,0.1116637,33.72404,6778.046,343245.8,6949.887,12680.59,59.68725,60.17424,59.66036,78.54546,0,0,13798.08,12680.59
0.5742705,-0.5742596,78.54707,-0.009364677,12680.59,12.25,10.00045,7603.138,598.6453,0,0.5742614,0.5742596,1.82E-06,0.000184058,0.1116637,33.71284,6840.027,343183.8,6949.887,12680.59,59.68725,60.17424,59.66036,78.54546,0,0,13798.08,12680.59
0.574235,-0.5742587,78.54707,-0.009370882,12680.6,12.25,10.00045,7603.139,598.6451,0,0.5742608,0.5742587,2.16E-06,0.000184058,0.1116637,33.73518,6764.268,343131,6949.887,12680.6,59.68725,60.17424,59.66036,78.54546,0,0,13798.08,12680.6
0.5742744,-0.5742547,78.54707,-0.009364718,12680.6,12.25,10.00045,7603.139,598.6459,0,0.5742614,0.5742547,6.70E-06,0.000184058,0.1116637,33.71299,6819.373,343204.4,6949.89,12680.6,59.68725,60.17424,59.66036,78.54546,0,0,13798.08,12680.6
0.5742459,-0.5742596,78.54707,-0.009369219,12680.6,12.25,10.00045,7603.139,598.6453,0,0.5742611,0.5742596,1.44E-06,0.000184058,0.1116637,33.72919,6881.362,343142.5,6949.89,12680.6,59.68725,60.17424,59.66036,78.54546,0,0,13798.08,12680.6
0.5742759,-0.5742564,78.54707,-0.009364316,12680.6,12.25,10.00045,7603.139,598.6458,0,0.5742614,0.5742564,5.03E-06,0.000184058,0.1116637,33.71154,6819.37,343204.4,6949.893,12680.6,59.68725,60.17424,59.66036,78.54546,0,0,13798.08,12680.6
0.5742471,-0.5742607,78.54707,-0.009368552,12680.6,12.25,10.00045,7603.139,598.6452,0,0.5742611,0.5742607,3.77E-07,0.000184058,0.1116637,33.72679,6879.062,343144.8,6949.893,12680.6,59.68725,60.17424,59.66036,78.54546,0,0,13798.08,12680.6
0.574272,-0.5742533,78.54707,-0.00936508,12680.61,12.25,10.00045,7603.14,598.6461,0,0.5742612,0.5742533,7.92E-06,0.000184058,0.1116637,33.71429,6805.601,343218.2,6949.896,12680.61,59.68725,60.17424,59.66036,78.54546,0,0,13798.08,12680.61
0.5742556,-0.5742607,78.54707,-0.009367272,12680.61,12.25,10.00045,7603.14,598.6454,0,0.5742612,0.5742607,5.24E-07,0.000184058,0.1116637,33.72218,6867.584,343156.2,6949.896,12680.61,59.68725,60.17424,59.66036,78.54546,0,0,13798.08,12680.61
0.5742704,-0.5742542,78.54707,-0.009365127,12680.61,12.25,10.00045,7603.14,598.6459,0,0.5742611,0.5742542,6.96E-06,0.000184058,0.1116637,33.71446,6796.417,343225.1,6949.898,12680.61,59.68725,60.17424,59.66036,78.54546,0,0,13798.08,12680.61
0.5742622,-0.5742621,78.54707,-0.009365792,12680.61,12.25,10.00045,7603.14,598.6452,0,0.5742614,0.5742621,-8.24E-07,0.000184058,0.1116637,33.71685,6858.395,343165.4,6949.899,12680.61,59.68725,60.17424,59.66036,78.54546,0,0,13798.08,12680.61
0.5742634,-0.5742543,78.54707,-0.009365978,12680.62,12.25,10.00045,7603.141,598.6458,0,0.574261,0.5742543,6.63E-06,0.000184058,0.1116637,33.71752,6791.828,343231.9,6949.901,12680.62,59.68725,60.17424,59.66036,78.54546,0,0,13798.08,12680.62
0.5742676,-0.5742601,78.54707,-0.009365141,12680.62,12.25,10.00045,7603.141,598.6454,0,0.5742614,0.5742601,1.27E-06,0.000184058,0.1116637,33.71451,6846.92,343176.8,6949.901,12680.62,59.68725,60.17424,59.66036,78.54546,0,0,13798.08,12680.62
0.5742537,-0.5741995,78.54707,-0.009367303,12680.62,12.25,10.00045,7603.142,598.6454,0,0.5742609,0.5741995,6.14E-05,0.000184058,0.1116637,33.72229,6775.755,343248,6949.904,12680.62,59.68725,60.17424,59.66036,78.54546,0,0,13798.08,12680.62
0.574273,-0.5742612,78.54707,-0.009363934,12680.62,12.25,10.00045,7603.142,598.6452,0,0.5742615,0.5742612,2.77E-07,0.000184058,0.1116637,33.71016,6837.731,343186,6949.904,12680.62,59.68725,60.17424,59.66036,78.54546,0,0,13798.08,12680.62
0.5742372,-0.5742606,78.54707,-0.009370055,12680.63,12.25,10.00045,7603.142,598.6448,0,0.5742609,0.5742606,2.97E-07,0.000184058,0.1116637,33.7322,6764.274,343130.9,6949.904,12680.63,59.68725,60.17424,59.66036,78.54546,0,0,13798.08,12680.63
0.5742742,-0.5742574,78.54707,-0.009363919,12680.63,12.25,10.00045,7603.142,598.6454,0,0.5742614,0.5742574,3.99E-06,0.000184058,0.1116637,33.71011,6826.259,343197.5,6949.907,12680.63,59.68725,60.17424,59.66036,78.54546,0,0,13798.08,12680.63
0.5742457,-0.5742604,78.54707,-0.009368259,12680.63,12.25,10.00045,7603.142,598.6449,0,0.5742611,0.5742604,7.14E-07,0.000184058,0.1116637,33.72573,6879.063,343144.7,6949.907,12680.63,59.68725,60.17424,59.66036,78.54546,0,0,13798.08,12680.63
0.5742745,-0.5742548,78.54707,-0.009364299,12680.63,12.25,10.00045,7603.143,598.6458,0,0.5742614,0.5742548,6.64E-06,0.000184058,0.1116637,33.71148,6819.377,343204.3,6949.91,12680.63,59.68725,60.17424,59.66036,78.54546,0,0,13798.08,12680.63
0.5742458,-0.5742596,78.54707,-0.009368822,12680.63,12.25,10.00045,7603.143,598.6451,0,0.5742611,0.5742596,1.40E-06,0.000184058,0.1116637,33.72776,6881.365,343142.3,6949.91,12680.63,59.68725,60.17424,59.66036,78.54546,0,0,13798.08,12680.63
0.5742753,-0.5742552,78.54707,-0.009364087,12680.64,12.25,10.00045,7603.143,598.6458,0,0.5742614,0.5742552,6.13E-06,0.000184058,0.1116637,33.71071,6812.489,343211.2,6949.913,12680.64,59.68725,60.17424,59.66036,78.54546,0,0,13798.08,12680.64
0.5742524,-0.5742614,78.54707,-0.009367182,12680.64,12.25,10.00045,7603.143,598.645,0,0.5742612,0.5742614,-1.58E-07,0.000184058,0.1116637,33.72186,6872.174,343151.5,6949.913,12680.64,59.68725,60.17424,59.66036,78.54546,0,0,13798.08,12680.64
0.574272,-0.5742535,78.54707,-0.009364676,12680.64,12.25,10.00045,7603.144,598.6458,0,0.5742612,0.5742535,7.73E-06,0.000184058,0.1116637,33.71283,6805.606,343218.1,6949.915,12680.64,59.68725,60.17424,59.66036,78.54546,0,0,13798.08,12680.64
0.57426,-0.5742607,78.54707,-0.009366143,12680.64,12.25,10.00045,7603.144,598.6452,0,0.5742613,0.5742607,6.02E-07,0.000184058,0.1116637,33.71812,6860.699,343163,6949.916,12680.64,59.68725,60.17424,59.66036,78.54546,0,0,13798.08,12680.64
0.5742728,-0.5742542,78.54707,-0.009364683,12680.65,12.25,10.00045,7603.144,598.6458,0,0.5742611,0.5742542,6.92E-06,0.000184058,0.1116637,33.71286,6796.423,343227.3,6949.918,12680.65,59.68725,60.17424,59.66036,78.54546,0,0,13798.08,12680.65
0.5742623,-0.5742627,78.54707,-0.009365389,12680.65,12.25,10.00045,7603.144,598.6449,0,0.5742614,0.5742627,-1.33E-06,0.000184058,0.1116637,33.7154,6858.397,343165.3,6949.918,12680.65,59.68725,60.17424,59.66036,78.54546,0,0,13798.08,12680.65
0.5742633,-0.5742546,78.54707,-0.00936559,12680.65,12.25,10.00045,7603.145,598.6454,0,0.574261,0.5742546,6.36E-06,0.000184058,0.1116637,33.71613,6791.834,343231.8,6949.921,12680.65,59.68725,60.17424,59.66036,78.54546,0,0,13798.08,12680.65
0.5742674,-0.5742602,78.54707,-0.009364765,12680.65,12.25,10.00045,7603.145,598.6451,0,0.5742614,0.5742602,1.17E-06,0.000184058,0.1116637,33.71315,6846.924,343176.7,6949.921,12680.65,59.68725,60.17424,59.66036,78.54546,0,0,13798.08,12680.65
0.5742469,-0.5741952,78.54707,-0.009368004,12680.66,12.25,10.00045,7603.145,598.6454,0,0.5742607,0.5741952,6.54E-05,0.000184058,0.1116637,33.72482,6778.062,343245.6,6949.923,12680.66,59.68725,60.17424,59.66036,78.54546,0,0,13798.08,12680.66
0.5742725,-0.574257,78.54707,-0.009364594,12680.66,12.25,10.00045,7603.145,598.6456,0,0.5742614,0.574257,4.50E-06,0.000184058,0.1116637,33.71254,6833.157,343190.5,6949.924,12680.66,59.68725,60.17424,59.66036,78.54546,0,0,13798.08,12680.66
0.5742447,-0.5742578,78.54707,-0.009368688,12680.67,12.25,10.00045,7603.146,598.6454,0,0.5742609,0.5742578,3.10E-06,0.000184058,0.1116637,33.72728,6771.173,343252.5,6949.923,12680.67,59.68725,60.17424,59.66036,78.54546,0,0,13798.08,12680.67
0.5742735,-0.5742587,78.54707,-0.009364218,12680.67,12.25,10.00045,7603.146,598.6456,0,0.5742615,0.5742587,2.79E-06,0.000184058,0.1116637,33.71118,6833.154,343190.5,6949.927,12680.67,59.68725,60.17424,59.66036,78.54546,0,0,13798.08,12680.67
0.5742365,-0.5742589,78.54707,-0.00937054,12680.67,12.25,10.00045,7603.146,598.6453,0,0.5742609,0.5742589,2.05E-06,0.000184058,0.1116637,33.73394,6764.283,343130.8,6949.927,12680.67,59.68725,60.17424,59.66036,78.54546,0,0,13798.08,12680.67
0.5742742,-0.5742564,78.54707,-0.009364385,12680.67,12.25,10.00045,7603.146,598.6458,0,0.5742614,0.5742564,5.07E-06,0.000184058,0.1116637,33.71179,6826.271,343197.3,6949.93,12680.67,59.68725,60.17424,59.66036,78.54546,0,0,13798.08,12680.67
0.5742407,-0.5742592,78.54707,-0.009369974,12680.67,12.25,10.00045,7603.146,598.6454,0,0.574261,0.5742592,1.76E-06,0.000184058,0.1116637,33.73191,6764.284,343135.3,6949.93,12680.67,59.68725,60.17424,59.66036,78.54546,0,0,13798.08,12680.67
0.5742767,-0.5742561,78.54707,-0.009363899,12680.67,12.25,10.00045,7603.146,598.6458,0,0.5742614,0.5742561,5.20E-06,0.000184058,0.1116637,33.71004,6817.088,343206.5,6949.932,12680.67,59.68725,60.17424,59.66036,78.54546,0,0,13798.08,12680.67
0.5742478,-0.5742614,78.54707,-0.009368094,12680.67,12.25,10.00045,7603.146,598.6451,0,0.5742611,0.5742614,-3.36E-07,0.000184058,0.1116637,33.72514,6879.071,343144.5,6949.933,12680.67,59.68725,60.17424,59.66036,78.54546,0,0,13798.08,12680.67
0.5742741,-0.5742547,78.54707,-0.009364331,12680.68,12.25,10.00045,7603.147,598.6459,0,0.5742613,0.5742547,6.60E-06,0.000184058,0.1116637,33.71159,6812.5,343211.1,6949.935,12680.68,59.68725,60.17424,59.66036,78.54546,0,0,13798.08,12680.68
0.5742556,-0.574261,78.54707,-0.009366859,12680.68,12.25,10.00045,7603.147,598.6452,0,0.5742612,0.574261,2.08E-07,0.000184058,0.1116637,33.72069,6867.594,343156,6949.936,12680.68,59.68725,60.17424,59.66036,78.54546,0,0,13798.08,12680.68
0.574276,-0.5742545,78.54707,-0.009364035,12680.69,12.25,10.00045,7603.147,598.6457,0,0.5742613,0.5742545,6.80E-06,0.000184058,0.1116637,33.71053,6803.315,343220.3,6949.938,12680.69,59.68725,60.17424,59.66036,78.54546,0,0,13798.08,12680.69
0.5742623,-0.5742627,78.54707,-0.009365228,12680.69,12.25,10.00045,7603.147,598.6448,0,0.5742614,0.5742627,-1.36E-06,0.000184058,0.1116637,33.71482,6858.403,343165.1,6949.938,12680.69,59.68725,60.17424,59.66036,78.54546,0,0,13798.08,12680.69
0.5742565,-0.574257,78.54707,-0.009366242,12680.69,12.25,10.00045,7603.148,598.6453,0,0.5742608,0.574257,3.81E-06,0.000184058,0.1116637,33.71847,6784.954,343238.6,6949.94,12680.69,59.68725,60.17424,59.66036,78.54546,0,0,13798.08,12680.69
0.5742639,-0.5742608,78.54707,-0.009365051,12680.69,12.25,10.00045,7603.148,598.645,0,0.5742614,0.5742608,5.51E-07,0.000184058,0.1116637,33.71418,6853.816,343169.7,6949.941,12680.69,59.68725,60.17424,59.66036,78.54546,0,0,13798.08,12680.69
0.5742556,-0.574255,78.54707,-0.009366631,12680.7,12.25,10.00045,7603.148,598.6455,0,0.5742608,0.574255,5.69E-06,0.000184058,0.1116637,33.71987,6784.957,343238.6,6949.943,12680.7,59.68725,60.17424,59.66036,78.54546,0,0,13798.08,12680.7
0.5742703,-0.5742581,78.54707,-0.00936453,12680.7,12.25,10.00045,7603.148,598.6455,0,0.5742614,0.5742581,3.32E-06,0.000184058,0.1116637,33.71231,6840.048,343183.5,6949.944,12680.7,59.68725,60.17424,59.66036,78.54546,0,0,13798.08,12680.7
0.5742446,-0.5742579,78.54707,-0.009368369,12680.7,12.25,10.00045,7603.149,598.6453,0,0.5742609,0.5742579,3.02E-06,0.000184058,0.1116637,33.72613,6771.18,343252.3,6949.943,12680.7,59.68725,60.17424,59.66036,78.54546,0,0,13798.08,12680.7
0.5742732,-0.5742588,78.54707,-0.009363861,12680.7,12.25,10.00045,7603.149,598.6454,0,0.5742616,0.5742588,2.77E-06,0.000184058,0.1116637,33.7099,6830.864,343192.6,6949.946,12680.7,59.68725,60.17424,59.66036,78.54546,0,0,13798.08,12680.7
0.5742412,-0.5742578,78.54707,-0.009368784,12680.71,12.25,10.00045,7603.15,598.6453,0,0.5742608,0.5742578,2.99E-06,0.000184058,0.1116637,33.72762,6771.182,343252.3,6949.946,12680.71,59.68725,60.17424,59.66036,78.54546,0,0,13798.08,12680.71
0.5742742,-0.5742565,78.54707,-0.009364055,12680.71,12.25,10.00045,7603.15,598.6458,0,0.5742614,0.5742565,4.88E-06,0.000184058,0.1116637,33.7106,6826.277,343197.2,6949.949,12680.71,59.68725,60.17424,59.66036,78.54546,0,0,13798.08,12680.71
0.5742447,-0.5742583,78.54707,-0.00936829,12680.71,12.25,10.00045,7603.15,598.6453,0,0.5742609,0.5742583,2.60E-06,0.000184058,0.1116637,33.72585,6771.182,343252.3,6949.949,12680.71,59.68725,60.17424,59.66036,78.54546,0,0,13798.08,12680.71
0.5742755,-0.5742593,78.54707,-0.009363577,12680.71,12.25,10.00045,7603.15,598.6454,0,0.5742615,0.5742593,2.23E-06,0.000184058,0.1116637,33.70887,6830.864,343192.6,6949.952,12680.71,59.68725,60.17424,59.66036,78.54546,0,0,13798.08,12680.71
0.5742373,-0.5742602,78.54707,-0.00936994,12680.72,12.25,10.00045,7603.151,598.645,0,0.5742609,0.5742602,7.60E-07,0.000184058,0.1116637,33.73178,6764.292,343130.6,6949.952,12680.72,59.68725,60.17424,59.66036,78.54546,0,0,13798.08,12680.72
0.5742742,-0.5742572,78.54707,-0.009363833,12680.72,12.25,10.00045,7603.151,598.6455,0,0.5742614,0.5742572,4.21E-06,0.000184058,0.1116637,33.7098,6826.277,343197.2,6949.955,12680.72,59.68725,60.17424,59.66036,78.54546,0,0,13798.08,12680.72
0.5742387,-0.5742596,78.54707,-0.009369405,12680.72,12.25,10.00045,7603.151,598.6451,0,0.5742609,0.5742596,1.27E-06,0.000184058,0.1116637,33.72986,6885.969,343137.5,6949.955,12680.72,59.68725,60.17424,59.66036,78.54546,0,0,13798.08,12680.72
0.5742741,-0.5742545,78.54707,-0.009364366,12680.72,12.25,10.00045,7603.151,598.6459,0,0.5742614,0.5742545,6.90E-06,0.000184058,0.1116637,33.71172,6819.396,343204,6949.958,12680.72,59.68725,60.17424,59.66036,78.54546,0,0,13798.08,12680.72
0.5742465,-0.5742595,78.54707,-0.00936873,12680.72,12.25,10.00045,7603.151,598.6453,0,0.5742611,0.5742595,1.54E-06,0.000184058,0.1116637,33.72742,6881.383,343142.1,6949.958,12680.72,59.68725,60.17424,59.66036,78.54546,0,0,13798.08,12680.72
0.574276,-0.5742565,78.54707,-0.009363849,12680.73,12.25,10.00045,7603.152,598.6458,0,0.5742614,0.5742565,4.93E-06,0.000184058,0.1116637,33.70986,6819.393,343204,6949.96,12680.73,59.68725,60.17424,59.66036,78.54546,0,0,13798.08,12680.73
0.5742464,-0.5742607,78.54707,-0.009368161,12680.73,12.25,10.00045,7603.152,598.6451,0,0.5742611,0.5742607,3.68E-07,0.000184058,0.1116637,33.72538,6879.082,343144.3,6949.961,12680.73,59.68725,60.17424,59.66036,78.54546,0,0,13798.08,12680.73
0.5742739,-0.574254,78.54707,-0.009364343,12680.73,12.25,10.00045,7603.152,598.646,0,0.5742613,0.574254,7.32E-06,0.000184058,0.1116637,33.71164,6812.511,343210.9,6949.963,12680.73,59.68725,60.17424,59.66036,78.54546,0,0,13798.08,12680.73
0.5742509,-0.5742604,78.54707,-0.009367703,12680.73,12.25,10.00045,7603.152,598.6453,0,0.5742611,0.5742604,7.56E-07,0.000184058,0.1116637,33.72373,6874.494,343148.9,6949.963,12680.73,59.68725,60.17424,59.66036,78.54546,0,0,13798.08,12680.73
0.5742754,-0.5742554,78.54707,-0.009363914,12680.74,12.25,10.00045,7603.153,598.6459,0,0.5742614,0.5742554,5.93E-06,0.000184058,0.1116637,33.71009,6810.214,343210.9,6949.966,12680.74,59.68725,60.17424,59.66036,78.54546,0,0,13798.08,12680.74
0.5742527,-0.5742617,78.54707,-0.009366957,12680.74,12.25,10.00045,7603.153,598.6451,0,0.5742612,0.5742617,-4.74E-07,0.000184058,0.1116637,33.72104,6872.193,343151.2,6949.966,12680.74,59.68725,60.17424,59.66036,78.54546,0,0,13798.08,12680.74
0.5742685,-0.5742534,78.54707,-0.009364924,12680.74,12.25,10.00045,7603.153,598.6459,0,0.5742611,0.5742534,7.69E-06,0.000184058,0.1116637,33.71373,6798.739,343224.6,6949.969,12680.74,59.68725,60.17424,59.66036,78.54546,0,0,13798.08,12680.74
0.5742601,-0.5742609,78.54707,-0.009365897,12680.74,12.25,10.00045,7603.153,598.6453,0,0.5742613,0.5742609,4.26E-07,0.000184058,0.1116637,33.71723,6860.717,343162.7,6949.969,12680.74,59.68725,60.17424,59.66036,78.54546,0,0,13798.08,12680.74
0.574273,-0.5742548,78.54707,-0.009364382,12680.75,12.25,10.00045,7603.154,598.6458,0,0.5742612,0.5742548,6.42E-06,0.000184058,0.1116637,33.71178,6796.442,343226.9,6949.972,12680.75,59.68725,60.17424,59.66036,78.54546,0,0,13798.08,12680.75
0.5742624,-0.574263,78.54707,-0.009365086,12680.75,12.25,10.00045,7603.154,598.645,0,0.5742614,0.574263,-1.65E-06,0.000184058,0.1116637,33.71431,6858.415,343164.9,6949.972,12680.75,59.68725,60.17424,59.66036,78.54546,0,0,13798.08,12680.75
0.5742566,-0.5742571,78.54707,-0.009366128,12680.75,12.25,10.00045,7603.154,598.6454,0,0.5742608,0.5742571,3.62E-06,0.000184058,0.1116637,33.71806,6784.967,343238.4,6949.974,12680.75,59.68725,60.17424,59.66036,78.54546,0,0,13798.08,12680.75
0.5742674,-0.5742604,78.54707,-0.009364441,12680.75,12.25,10.00045,7603.154,598.6452,0,0.5742614,0.5742604,1.04E-06,0.000184058,0.1116637,33.71199,6846.942,343176.4,6949.975,12680.75,59.68725,60.17424,59.66036,78.54546,0,0,13798.08,12680.75
0.5742473,-0.5741952,78.54707,-0.009367622,12680.76,12.25,10.00045,7603.155,598.6454,0,0.5742607,0.5741952,6.54E-05,0.000184058,0.1116637,33.72344,6778.082,343245.3,6949.977,12680.76,59.68725,60.17424,59.66036,78.54546,0,0,13798.08,12680.76
0.5742703,-0.5742581,78.54707,-0.009364472,12680.76,12.25,10.00045,7603.155,598.6456,0,0.5742614,0.5742581,3.31E-06,0.000184058,0.1116637,33.7121,6840.061,343183.3,6949.978,12680.76,59.68725,60.17424,59.66036,78.54546,0,0,13798.08,12680.76
0.5742518,-0.5741983,78.54707,-0.009367105,12680.76,12.25,10.00045,7603.155,598.6456,0,0.5742608,0.5741983,6.25E-05,0.000184058,0.1116637,33.72158,6778.081,343245.2,6949.98,12680.76,59.68725,60.17424,59.66036,78.54546,0,0,13798.08,12680.76
0.5742705,-0.5742599,78.54707,-0.009364051,12680.76,12.25,10.00045,7603.155,598.6454,0,0.5742615,0.5742599,1.71E-06,0.000184058,0.1116637,33.71058,6837.762,343185.5,6949.98,12680.76,59.68725,60.17424,59.66036,78.54546,0,0,13798.08,12680.76
0.5742411,-0.5742577,78.54707,-0.009368719,12680.77,12.25,10.00045,7603.156,598.6454,0,0.5742608,0.5742577,3.08E-06,0.000184058,0.1116637,33.72739,6771.195,343252.1,6949.979,12680.77,59.68725,60.17424,59.66036,78.54546,0,0,13798.08,12680.77
0.5742705,-0.5742587,78.54707,-0.009364366,12680.77,12.25,10.00045,7603.156,598.6456,0,0.5742614,0.5742587,2.73E-06,0.000184058,0.1116637,33.71172,6840.062,343183.2,6949.983,12680.77,59.68725,60.17424,59.66036,78.54546,0,0,13798.08,12680.77
0.5742518,-0.5741987,78.54707,-0.009366998,12680.77,12.25,10.00045,7603.156,598.6456,0,0.5742608,0.5741987,6.21E-05,0.000184058,0.1116637,33.7212,6778.083,343245.2,6949.985,12680.77,59.68725,60.17424,59.66036,78.54546,0,0,13798.08,12680.77
0.5742698,-0.574261,78.54707,-0.009364098,12680.77,12.25,10.00045,7603.156,598.6454,0,0.5742614,0.574261,4.19E-07,0.000184058,0.1116637,33.71075,6844.648,343178.6,6949.986,12680.77,59.68725,60.17424,59.66036,78.54546,0,0,13798.08,12680.77
0.5742489,-0.5741967,78.54707,-0.009367243,12680.78,12.25,10.00045,7603.157,598.6454,0,0.5742607,0.5741967,6.40E-05,0.000184058,0.1116637,33.72208,6778.085,343245.2,6949.988,12680.78,59.68725,60.17424,59.66036,78.54546,0,0,13798.08,12680.78
0.5742705,-0.5742593,78.54707,-0.009364138,12680.78,12.25,10.00045,7603.157,598.6455,0,0.5742614,0.5742593,2.16E-06,0.000184058,0.1116637,33.7109,6840.062,343183.2,6949.989,12680.78,59.68725,60.17424,59.66036,78.54546,0,0,13798.08,12680.78
0.5742609,-0.5742574,78.54707,-0.009365639,12680.78,12.25,10.00045,7603.158,598.6455,0,0.5742609,0.5742574,3.44E-06,0.000184058,0.1116637,33.7163,6782.675,343240.6,6949.991,12680.78,59.68725,60.17424,59.66036,78.54546,0,0,13798.08,12680.78
0.5742663,-0.5742626,78.54707,-0.00936417,12680.78,12.25,10.00045,7603.158,598.645,0,0.5742614,0.5742626,-1.24E-06,0.000184058,0.1116637,33.71101,6851.532,343171.7,6949.992,12680.78,59.68725,60.17424,59.66036,78.54546,0,0,13798.08,12680.78
0.5742565,-0.5742571,78.54707,-0.009365795,12680.79,12.25,10.00045,7603.158,598.6453,0,0.5742608,0.5742571,3.68E-06,0.000184058,0.1116637,33.71687,6784.974,343238.3,6949.994,12680.79,59.68725,60.17424,59.66036,78.54546,0,0,13798.08,12680.79
0.5742704,-0.5742595,78.54707,-0.009363707,12680.79,12.25,10.00045,7603.158,598.6452,0,0.5742614,0.5742595,1.93E-06,0.000184058,0.1116637,33.70934,6840.06,343183.2,6949.995,12680.79,59.68725,60.17424,59.66036,78.54546,0,0,13798.08,12680.79
0.5742402,-0.5742572,78.54707,-0.009368427,12680.79,12.25,10.00045,7603.159,598.6452,0,0.5742608,0.5742572,3.60E-06,0.000184058,0.1116637,33.72634,6771.2,343252,6949.994,12680.79,59.68725,60.17424,59.66036,78.54546,0,0,13798.08,12680.79
0.5742726,-0.5742571,78.54707,-0.009363815,12680.79,12.25,10.00045,7603.159,598.6456,0,0.5742614,0.5742571,4.30E-06,0.000184058,0.1116637,33.70974,6833.179,343190,6949.997,12680.79,59.68725,60.17424,59.66036,78.54546,0,0,13798.08,12680.79
0.5742517,-0.5741984,78.54707,-0.009366732,12680.8,12.25,10.00045,7603.159,598.6454,0,0.5742608,0.5741984,6.24E-05,0.000184058,0.1116637,33.72023,6778.088,343245.1,6950,12680.8,59.68725,60.17424,59.66036,78.54546,0,0,13798.08,12680.8
0.5742736,-0.5742583,78.54707,-0.00936338,12680.8,12.25,10.00045,7603.159,598.6455,0,0.5742614,0.5742583,3.08E-06,0.000184058,0.1116637,33.70817,6830.881,343192.3,6950,12680.8,59.68725,60.17424,59.66036,78.54546,0,0,13798.08,12680.8
0.574237,-0.5742592,78.54707,-0.009369707,12680.8,12.25,10.00045,7603.16,598.6451,0,0.5742609,0.5742592,1.69E-06,0.000184058,0.1116637,33.73095,6764.311,343130.3,6950,12680.8,59.68725,60.17424,59.66036,78.54546,0,0,13798.08,12680.8
0.5742742,-0.5742567,78.54707,-0.009363594,12680.8,12.25,10.00045,7603.16,598.6457,0,0.5742614,0.5742567,4.77E-06,0.000184058,0.1116637,33.70893,6826.294,343196.9,6950.003,12680.8,59.68725,60.17424,59.66036,78.54546,0,0,13798.08,12680.8
0.5742406,-0.5742593,78.54707,-0.009369213,12680.81,12.25,10.00045,7603.16,598.6452,0,0.574261,0.5742593,1.62E-06,0.000184058,0.1116637,33.72917,6764.312,343134.9,6950.003,12680.81,59.68725,60.17424,59.66036,78.54546,0,0,13798.08,12680.81
0.5742773,-0.5742584,78.54707,-0.009363001,12680.81,12.25,10.00045,7603.16,598.6455,0,0.5742615,0.5742584,3.13E-06,0.000184058,0.1116637,33.70681,6823.996,343199.2,6950.006,12680.81,59.68725,60.17424,59.66036,78.54546,0,0,13798.08,12680.81
0.5742427,-0.5742614,78.54707,-0.009368326,12680.81,12.25,10.00045,7603.16,598.6448,0,0.574261,0.5742614,-3.73E-07,0.000184058,0.1116637,33.72597,6885.978,343137.2,6950.006,12680.81,59.68725,60.17424,59.66036,78.54546,0,0,13798.08,12680.81
0.5742747,-0.5742561,78.54707,-0.009363379,12680.81,12.25,10.00045,7603.161,598.6455,0,0.5742614,0.5742561,5.23E-06,0.000184058,0.1116637,33.70816,6819.409,343203.7,6950.008,12680.81,59.68725,60.17424,59.66036,78.54546,0,0,13798.08,12680.81
0.574244,-0.5742605,78.54707,-0.009367867,12680.81,12.25,10.00045,7603.161,598.6449,0,0.574261,0.5742605,5.65E-07,0.000184058,0.1116637,33.72432,6879.094,343144.1,6950.009,12680.81,59.68725,60.17424,59.66036,78.54546,0,0,13798.08,12680.81
0.5742733,-0.5742533,78.54707,-0.00936404,12680.82,12.25,10.00045,7603.161,598.6459,0,0.5742613,0.5742533,7.94E-06,0.000184058,0.1116637,33.71054,6812.528,343210.6,6950.011,12680.82,59.68725,60.17424,59.66036,78.54546,0,0,13798.08,12680.82
0.5742508,-0.5742599,78.54707,-0.009367411,12680.82,12.25,10.00045,7603.161,598.6453,0,0.5742611,0.5742599,1.25E-06,0.000184058,0.1116637,33.72268,6874.509,343148.6,6950.011,12680.82,59.68725,60.17424,59.66036,78.54546,0,0,13798.08,12680.82
0.5742758,-0.5742562,78.54707,-0.009363485,12680.83,12.25,10.00045,7603.162,598.6458,0,0.5742614,0.5742562,5.15E-06,0.000184058,0.1116637,33.70855,6819.412,343203.7,6950.014,12680.83,59.68725,60.17424,59.66036,78.54546,0,0,13798.08,12680.83
0.5742468,-0.5742605,78.54707,-0.009367759,12680.83,12.25,10.00045,7603.162,598.6451,0,0.5742611,0.5742605,5.33E-07,0.000184058,0.1116637,33.72393,6879.098,343144,6950.014,12680.83,59.68725,60.17424,59.66036,78.54546,0,0,13798.08,12680.83
0.5742747,-0.5742551,78.54707,-0.009363798,12680.83,12.25,10.00045,7603.162,598.6459,0,0.5742614,0.5742551,6.26E-06,0.000184058,0.1116637,33.70967,6819.416,343203.7,6950.017,12680.83,59.68725,60.17424,59.66036,78.54546,0,0,13798.08,12680.83
0.5742407,-0.5742592,78.54707,-0.009369374,12680.83,12.25,10.00045,7603.163,598.6454,0,0.574261,0.5742592,1.78E-06,0.000184058,0.1116637,33.72975,6764.317,343134.8,6950.017,12680.83,59.68725,60.17424,59.66036,78.54546,0,0,13798.08,12680.83
0.5742763,-0.5742574,78.54707,-0.009363255,12680.83,12.25,10.00045,7603.163,598.6458,0,0.5742615,0.5742574,4.00E-06,0.000184058,0.1116637,33.70772,6824.003,343199.1,6950.02,12680.83,59.68725,60.17424,59.66036,78.54546,0,0,13798.08,12680.83
0.5742426,-0.5742607,78.54707,-0.009368538,12680.83,12.25,10.00045,7603.163,598.6451,0,0.574261,0.5742607,2.94E-07,0.000184058,0.1116637,33.72674,6885.987,343137.1,6950.02,12680.83,59.68725,60.17424,59.66036,78.54546,0,0,13798.08,12680.83
0.5742748,-0.5742558,78.54707,-0.009363576,12680.84,12.25,10.00045,7603.163,598.6458,0,0.5742614,0.5742558,5.58E-06,0.000184058,0.1116637,33.70887,6819.416,343203.7,6950.022,12680.84,59.68725,60.17424,59.66036,78.54546,0,0,13798.08,12680.84
0.5742406,-0.5742596,78.54707,-0.009369175,12680.85,12.25,10.00045,7603.164,598.6453,0,0.574261,0.5742596,1.41E-06,0.000184058,0.1116637,33.72903,6764.319,343134.8,6950.022,12680.85,59.68725,60.17424,59.66036,78.54546,0,0,13798.08,12680.85
0.5742757,-0.5742596,78.54707,-0.009362958,12680.85,12.25,10.00045,7603.164,598.6453,0,0.5742615,0.5742596,1.87E-06,0.000184058,0.1116637,33.70665,6830.887,343192.2,6950.025,12680.85,59.68725,60.17424,59.66036,78.54546,0,0,13798.08,12680.85
0.5742415,-0.5742591,78.54707,-0.009367901,12680.85,12.25,10.00045,7603.164,598.645,0,0.5742608,0.5742591,1.72E-06,0.000184058,0.1116637,33.72444,6771.211,343251.8,6950.025,12680.85,59.68725,60.17424,59.66036,78.54546,0,0,13798.08,12680.85
0.5742727,-0.5742584,78.54707,-0.009363285,12680.85,12.25,10.00045,7603.164,598.6453,0,0.5742614,0.5742584,3.01E-06,0.000184058,0.1116637,33.70782,6833.186,343189.8,6950.028,12680.85,59.68725,60.17424,59.66036,78.54546,0,0,13798.08,12680.85
0.5742353,-0.5742584,78.54707,-0.009369703,12680.86,12.25,10.00045,7603.165,598.645,0,0.5742609,0.5742584,2.42E-06,0.000184058,0.1116637,33.73093,6764.322,343130.2,6950.028,12680.86,59.68725,60.17424,59.66036,78.54546,0,0,13798.08,12680.86
0.5742739,-0.5742558,78.54707,-0.009363541,12680.86,12.25,10.00045,7603.165,598.6457,0,0.5742614,0.5742558,5.58E-06,0.000184058,0.1116637,33.70875,6826.305,343196.7,6950.031,12680.86,59.68725,60.17424,59.66036,78.54546,0,0,13798.08,12680.86
0.5742406,-0.5742589,78.54707,-0.009369142,12680.86,12.25,10.00045,7603.166,598.6453,0,0.574261,0.5742589,2.13E-06,0.000184058,0.1116637,33.72891,6764.323,343134.7,6950.031,12680.86,59.68725,60.17424,59.66036,78.54546,0,0,13798.08,12680.86
0.5742732,-0.5742588,78.54707,-0.009363264,12680.86,12.25,10.00045,7603.166,598.6455,0,0.5742616,0.5742588,2.78E-06,0.000184058,0.1116637,33.70775,6830.893,343192.1,6950.034,12680.86,59.68725,60.17424,59.66036,78.54546,0,0,13798.08,12680.86
0.5742369,-0.574259,78.54707,-0.009369583,12680.87,12.25,10.00045,7603.166,598.6452,0,0.5742609,0.574259,1.85E-06,0.000184058,0.1116637,33.7305,6764.324,343130.1,6950.034,12680.87,59.68725,60.17424,59.66036,78.54546,0,0,13798.08,12680.87
0.5742742,-0.5742565,78.54707,-0.009363458,12680.87,12.25,10.00045,7603.166,598.6458,0,0.5742614,0.5742565,4.89E-06,0.000184058,0.1116637,33.70845,6826.306,343196.7,6950.037,12680.87,59.68725,60.17424,59.66036,78.54546,0,0,13798.08,12680.87
0.5742447,-0.5742583,78.54707,-0.009367692,12680.87,12.25,10.00045,7603.167,598.6454,0,0.5742609,0.5742583,2.61E-06,0.000184058,0.1116637,33.72369,6771.215,343251.8,6950.036,12680.87,59.68725,60.17424,59.66036,78.54546,0,0,13798.08,12680.87
0.574273,-0.5742604,78.54707,-0.009363213,12680.87,12.25,10.00045,7603.167,598.6454,0,0.5742615,0.5742604,1.11E-06,0.000184058,0.1116637,33.70757,6837.779,343185.2,6950.04,12680.87,59.68725,60.17424,59.66036,78.54546,0,0,13798.08,12680.87
0.5742415,-0.5742589,78.54707,-0.009367947,12680.88,12.25,10.00045,7603.167,598.6451,0,0.5742608,0.5742589,1.95E-06,0.000184058,0.1116637,33.72461,6771.217,343251.8,6950.039,12680.88,59.68725,60.17424,59.66036,78.54546,0,0,13798.08,12680.88
0.5742704,-0.5742593,78.54707,-0.009363635,12680.88,12.25,10.00045,7603.167,598.6454,0,0.5742614,0.5742593,2.10E-06,0.000184058,0.1116637,33.70908,6840.078,343182.9,6950.042,12680.88,59.68725,60.17424,59.66036,78.54546,0,0,13798.08,12680.88
0.5742387,-0.5742574,78.54707,-0.009368535,12680.88,12.25,10.00045,7603.167,598.6453,0,0.5742608,0.5742574,3.32E-06,0.000184058,0.1116637,33.72673,6771.219,343251.7,6950.042,12680.88,59.68725,60.17424,59.66036,78.54546,0,0,13798.08,12680.88
0.5742673,-0.5742588,78.54707,-0.009364532,12680.88,12.25,10.00045,7603.167,598.6456,0,0.5742614,0.5742588,2.58E-06,0.000184058,0.1116637,33.71231,6846.97,343176,6950.045,12680.88,59.68725,60.17424,59.66036,78.54546,0,0,13798.08,12680.88
0.5742561,-0.5742544,78.54707,-0.00936653,12680.89,12.25,10.00045,7603.168,598.646,0,0.5742608,0.5742544,6.34E-06,0.000184058,0.1116637,33.71951,6784.997,343237.9,6950.047,12680.89,59.68725,60.17424,59.66036,78.54546,0,0,13798.08,12680.89
0.5742631,-0.5742596,78.54707,-0.009365274,12680.89,12.25,10.00045,7603.168,598.6458,0,0.5742614,0.5742596,1.85E-06,0.000184058,0.1116637,33.71498,6851.565,343171.3,6950.048,12680.89,59.68725,60.17424,59.66036,78.54546,0,0,13798.08,12680.89
0.5742564,-0.5742546,78.54707,-0.009366805,12680.89,12.25,10.00045,7603.168,598.6462,0,0.5742608,0.5742546,6.18E-06,0.000184058,0.1116637,33.7205,6784.999,343237.9,6950.05,12680.89,59.68725,60.17424,59.66036,78.54546,0,0,13798.08,12680.89
0.5742643,-0.5742596,78.54707,-0.009365577,12680.89,12.25,10.00045,7603.168,598.646,0,0.5742614,0.5742596,1.71E-06,0.000184058,0.1116637,33.71608,6853.865,343169,6950.051,12680.89,59.68725,60.17424,59.66036,78.54546,0,0,13798.08,12680.89
0.5742657,-0.5742543,78.54707,-0.009365425,12680.9,12.25,10.00045,7603.169,598.6464,0,0.574261,0.5742543,6.66E-06,0.000184058,0.1116637,33.71553,6791.885,343231,6950.053,12680.9,59.68725,60.17424,59.66036,78.54546,0,0,13798.08,12680.9
0.574262,-0.5742617,78.54707,-0.009365459,12680.9,12.25,10.00045,7603.169,598.6457,0,0.5742614,0.5742617,-3.49E-07,0.000184058,0.1116637,33.71565,6858.452,343164.4,6950.054,12680.9,59.68725,60.17424,59.66036,78.54546,0,0,13798.08,12680.9
0.5742636,-0.574254,78.54707,-0.009365584,12680.9,12.25,10.00045,7603.169,598.6463,0,0.574261,0.574254,6.89E-06,0.000184058,0.1116637,33.7161,6791.887,343231,6950.056,12680.9,59.68725,60.17424,59.66036,78.54546,0,0,13798.08,12680.9
0.5742643,-0.5742607,78.54707,-0.009365215,12680.9,12.25,10.00045,7603.169,598.6459,0,0.5742614,0.5742607,6.91E-07,0.000184058,0.1116637,33.71477,6853.863,343169,6950.057,12680.9,59.68725,60.17424,59.66036,78.54546,0,0,13798.08,12680.9
0.5742685,-0.5742553,78.54707,-0.009364979,12680.91,12.25,10.00045,7603.17,598.6462,0,0.574261,0.5742553,5.76E-06,0.000184058,0.1116637,33.71393,6789.589,343233.3,6950.059,12680.91,59.68725,60.17424,59.66036,78.54546,0,0,13798.08,12680.91
0.5742626,-0.5742632,78.54707,-0.00936495,12680.91,12.25,10.00045,7603.17,598.6454,0,0.5742614,0.5742632,-1.82E-06,0.000184058,0.1116637,33.71382,6858.448,343164.4,6950.06,12680.91,59.68725,60.17424,59.66036,78.54546,0,0,13798.08,12680.91
0.5742686,-0.5742543,78.54707,-0.009364446,12680.91,12.25,10.00045,7603.17,598.646,0,0.5742611,0.5742543,6.74E-06,0.000184058,0.1116637,33.71201,6798.773,343224.1,6950.062,12680.91,59.68725,60.17424,59.66036,78.54546,0,0,13798.08,12680.91
0.5742556,-0.5742615,78.54707,-0.00936613,12680.91,12.25,10.00045,7603.17,598.6453,0,0.5742612,0.5742615,-2.36E-07,0.000184058,0.1116637,33.71807,6865.339,343155.2,6950.063,12680.91,59.68725,60.17424,59.66036,78.54546,0,0,13798.08,12680.91
0.5742678,-0.5742524,78.54707,-0.009364817,12680.92,12.25,10.00045,7603.171,598.6462,0,0.5742611,0.5742524,8.65E-06,0.000184058,0.1116637,33.71334,6798.776,343224.1,6950.064,12680.92,59.68725,60.17424,59.66036,78.54546,0,0,13798.08,12680.92
0.5742509,-0.5742602,78.54707,-0.009367342,12680.92,12.25,10.00045,7603.171,598.6456,0,0.5742611,0.5742602,9.79E-07,0.000184058,0.1116637,33.72243,6874.529,343148.3,6950.065,12680.92,59.68725,60.17424,59.66036,78.54546,0,0,13798.08,12680.92
0.574276,-0.5742565,78.54707,-0.009363384,12680.92,12.25,10.00045,7603.171,598.6461,0,0.5742614,0.5742565,4.93E-06,0.000184058,0.1116637,33.70818,6819.432,343203.4,6950.068,12680.92,59.68725,60.17424,59.66036,78.54546,0,0,13798.08,12680.92
0.5742472,-0.5742608,78.54707,-0.009367597,12680.92,12.25,10.00045,7603.171,598.6454,0,0.5742611,0.5742608,2.79E-07,0.000184058,0.1116637,33.72335,6879.117,343143.7,6950.068,12680.92,59.68725,60.17424,59.66036,78.54546,0,0,13798.08,12680.92
0.5742742,-0.5742543,78.54707,-0.009363788,12680.93,12.25,10.00045,7603.172,598.6463,0,0.5742613,0.5742543,7.05E-06,0.000184058,0.1116637,33.70964,6812.549,343210.3,6950.07,12680.93,59.68725,60.17424,59.66036,78.54546,0,0,13798.08,12680.93
0.574246,-0.5742602,78.54707,-0.00936811,12680.93,12.25,10.00045,7603.172,598.6456,0,0.5742611,0.5742602,9.06E-07,0.000184058,0.1116637,33.7252,6881.417,343141.4,6950.071,12680.93,59.68725,60.17424,59.66036,78.54546,0,0,13798.08,12680.93
0.5742754,-0.5742591,78.54707,-0.009363106,12680.93,12.25,10.00045,7603.173,598.6459,0,0.5742615,0.5742591,2.37E-06,0.000184058,0.1116637,33.70718,6830.908,343191.8,6950.073,12680.93,59.68725,60.17424,59.66036,78.54546,0,0,13798.08,12680.93
0.5742374,-0.5742601,78.54707,-0.009369439,12680.94,12.25,10.00045,7603.173,598.6454,0,0.574261,0.5742601,8.23E-07,0.000184058,0.1116637,33.72998,6764.339,343129.9,6950.073,12680.94,59.68725,60.17424,59.66036,78.54546,0,0,13798.08,12680.94
0.5742744,-0.5742573,78.54707,-0.009363309,12680.94,12.25,10.00045,7603.173,598.646,0,0.5742614,0.5742573,4.18E-06,0.000184058,0.1116637,33.70791,6826.32,343196.4,6950.076,12680.94,59.68725,60.17424,59.66036,78.54546,0,0,13798.08,12680.94
0.5742465,-0.5742586,78.54707,-0.009367486,12680.94,12.25,10.00045,7603.174,598.6456,0,0.5742608,0.5742586,2.10E-06,0.000184058,0.1116637,33.72295,6768.934,343253.8,6950.076,12680.94,59.68725,60.17424,59.66036,78.54546,0,0,13798.08,12680.94
0.5742731,-0.5742613,78.54707,-0.009362865,12680.94,12.25,10.00045,7603.174,598.6454,0,0.5742615,0.5742613,2.04E-07,0.000184058,0.1116637,33.70631,6837.79,343184.9,6950.079,12680.94,59.68725,60.17424,59.66036,78.54546,0,0,13798.08,12680.94
0.5742489,-0.5741974,78.54707,-0.009366354,12680.95,12.25,10.00045,7603.174,598.6453,0,0.5742607,0.5741974,6.34E-05,0.000184058,0.1116637,33.71888,6778.119,343244.6,6950.082,12680.95,59.68725,60.17424,59.66036,78.54546,0,0,13798.08,12680.95
0.5742705,-0.5742596,78.54707,-0.009363222,12680.95,12.25,10.00045,7603.174,598.6454,0,0.5742614,0.5742596,1.84E-06,0.000184058,0.1116637,33.7076,6840.09,343182.6,6950.082,12680.95,59.68725,60.17424,59.66036,78.54546,0,0,13798.08,12680.95
0.574248,-0.5741953,78.54707,-0.009366707,12680.95,12.25,10.00045,7603.175,598.6456,0,0.5742607,0.5741953,6.54E-05,0.000184058,0.1116637,33.72015,6778.121,343244.6,6950.084,12680.95,59.68725,60.17424,59.66036,78.54546,0,0,13798.08,12680.95
0.5742704,-0.5742583,78.54707,-0.009363576,12680.95,12.25,10.00045,7603.175,598.6457,0,0.5742614,0.5742583,3.14E-06,0.000184058,0.1116637,33.70887,6840.094,343182.6,6950.085,12680.95,59.68725,60.17424,59.66036,78.54546,0,0,13798.08,12680.95
0.5742592,-0.5742564,78.54707,-0.009365209,12680.96,12.25,10.00045,7603.175,598.6458,0,0.5742608,0.5742564,4.45E-06,0.000184058,0.1116637,33.71475,6785.008,343237.7,6950.087,12680.96,59.68725,60.17424,59.66036,78.54546,0,0,13798.08,12680.96
0.5742716,-0.5742595,78.54707,-0.009363088,12680.96,12.25,10.00045,7603.175,598.6456,0,0.5742614,0.5742595,1.99E-06,0.000184058,0.1116637,33.70712,6837.796,343184.9,6950.087,12680.96,59.68725,60.17424,59.66036,78.54546,0,0,13798.08,12680.96
0.5742488,-0.5741961,78.54707,-0.009366564,12680.96,12.25,10.00045,7603.176,598.6456,0,0.5742607,0.5741961,6.46E-05,0.000184058,0.1116637,33.71963,6778.123,343244.6,6950.09,12680.96,59.68725,60.17424,59.66036,78.54546,0,0,13798.08,12680.96
0.5742676,-0.5742598,78.54707,-0.009363852,12680.96,12.25,10.00045,7603.176,598.6456,0,0.5742614,0.5742598,1.63E-06,0.000184058,0.1116637,33.70987,6840.215,343175.7,6950.09,12680.96,59.68725,60.17424,59.66036,78.54546,0,0,13798.08,12680.96
0.5742594,-0.574257,78.54707,-0.009364993,12680.97,12.25,10.00045,7603.176,598.6458,0,0.5742608,0.574257,3.88E-06,0.000184058,0.1116637,33.71398,6782.714,343237.7,6950.093,12680.97,59.68725,60.17424,59.66036,78.54546,0,0,13798.08,12680.97
0.5742624,-0.5742629,78.54707,-0.009364156,12680.97,12.25,10.00045,7603.176,598.645,0,0.5742614,0.5742629,-1.53E-06,0.000184058,0.1116637,33.71096,6858.452,343164.2,6950.093,12680.97,59.68725,60.17424,59.66036,78.54546,0,0,13798.08,12680.97
0.5742633,-0.5742547,78.54707,-0.009364368,12680.97,12.25,10.00045,7603.177,598.6456,0,0.574261,0.5742547,6.23E-06,0.000184058,0.1116637,33.71173,6791.897,343230.8,6950.096,12680.97,59.68725,60.17424,59.66036,78.54546,0,0,13798.08,12680.97
0.5742555,-0.5742612,78.54707,-0.009365446,12680.97,12.25,10.00045,7603.177,598.6451,0,0.5742612,0.5742612,-3.91E-08,0.000184058,0.1116637,33.7156,6867.64,343155,6950.096,12680.97,59.68725,60.17424,59.66036,78.54546,0,0,13798.08,12680.97
0.5742711,-0.5742525,78.54707,-0.009363723,12680.98,12.25,10.00045,7603.177,598.646,0,0.5742612,0.5742525,8.64E-06,0.000184058,0.1116637,33.7094,6805.672,343217,6950.099,12680.98,59.68725,60.17424,59.66036,78.54546,0,0,13798.08,12680.98
0.5742555,-0.5742601,78.54707,-0.009365908,12680.98,12.25,10.00045,7603.177,598.6454,0,0.5742612,0.5742601,1.13E-06,0.000184058,0.1116637,33.71727,6867.646,343155,6950.099,12680.98,59.68725,60.17424,59.66036,78.54546,0,0,13798.08,12680.98
0.5742753,-0.5742551,78.54707,-0.009362994,12680.99,12.25,10.00045,7603.178,598.6459,0,0.5742614,0.5742551,6.21E-06,0.000184058,0.1116637,33.70678,6812.556,343210.1,6950.102,12680.99,59.68725,60.17424,59.66036,78.54546,0,0,13798.08,12680.99
0.5742468,-0.5742606,78.54707,-0.00936712,12680.99,12.25,10.00045,7603.178,598.6453,0,0.5742611,0.5742606,4.96E-07,0.000184058,0.1116637,33.72163,6879.123,343143.5,6950.102,12680.99,59.68725,60.17424,59.66036,78.54546,0,0,13798.08,12680.99
0.5742747,-0.5742552,78.54707,-0.009363163,12680.99,12.25,10.00045,7603.178,598.6461,0,0.5742614,0.5742552,6.23E-06,0.000184058,0.1116637,33.70739,6819.445,343203.2,6950.104,12680.99,59.68725,60.17424,59.66036,78.54546,0,0,13798.08,12680.99
0.5742459,-0.57426,78.54707,-0.009367664,12680.99,12.25,10.00045,7603.178,598.6454,0,0.5742611,0.57426,1.10E-06,0.000184058,0.1116637,33.72359,6881.424,343141.2,6950.104,12680.99,59.68725,60.17424,59.66036,78.54546,0,0,13798.08,12680.99
0.5742763,-0.5742575,78.54707,-0.009362626,12681,12.25,10.00045,7603.179,598.6459,0,0.5742615,0.5742575,3.97E-06,0.000184058,0.1116637,33.70545,6824.033,343198.5,6950.107,12681,59.68725,60.17424,59.66036,78.54546,0,0,13798.08,12681
0.5742427,-0.5742608,78.54707,-0.00936791,12681,12.25,10.00045,7603.179,598.6452,0,0.574261,0.5742608,2.66E-07,0.000184058,0.1116637,33.72448,6886.012,343136.6,6950.107,12681,59.68725,60.17424,59.66036,78.54546,0,0,13798.08,12681
0.5742748,-0.5742558,78.54707,-0.009362951,12681,12.25,10.00045,7603.179,598.6459,0,0.5742614,0.5742558,5.55E-06,0.000184058,0.1116637,33.70662,6819.446,343203.1,6950.11,12681,59.68725,60.17424,59.66036,78.54546,0,0,13798.08,12681
0.5742406,-0.5742596,78.54707,-0.009368553,12681.01,12.25,10.00045,7603.18,598.6454,0,0.574261,0.5742596,1.39E-06,0.000184058,0.1116637,33.72679,6764.353,343134.3,6950.11,12681.01,59.68725,60.17424,59.66036,78.54546,0,0,13798.08,12681.01
0.5742732,-0.5742608,78.54707,-0.00936257,12681.01,12.25,10.00045,7603.18,598.6453,0,0.5742615,0.5742608,7.22E-07,0.000184058,0.1116637,33.70525,6837.801,343184.8,6950.113,12681.01,59.68725,60.17424,59.66036,78.54546,0,0,13798.08,12681.01
0.5742489,-0.5741971,78.54707,-0.009366062,12681.01,12.25,10.00045,7603.18,598.6452,0,0.5742607,0.5741971,6.36E-05,0.000184058,0.1116637,33.71782,6778.131,343244.4,6950.115,12681.01,59.68725,60.17424,59.66036,78.54546,0,0,13798.08,12681.01
0.5742704,-0.5742595,78.54707,-0.009362932,12681.01,12.25,10.00045,7603.18,598.6453,0,0.5742614,0.5742595,1.99E-06,0.000184058,0.1116637,33.70655,6840.1,343182.4,6950.116,12681.01,59.68725,60.17424,59.66036,78.54546,0,0,13798.08,12681.01
0.5742476,-0.5741951,78.54707,-0.009366458,12681.02,12.25,10.00045,7603.181,598.6454,0,0.5742607,0.5741951,6.55E-05,0.000184058,0.1116637,33.71925,6778.134,343244.4,6950.118,12681.02,59.68725,60.17424,59.66036,78.54546,0,0,13798.08,12681.02
0.5742639,-0.5742596,78.54707,-0.00936423,12681.02,12.25,10.00045,7603.181,598.6454,0,0.5742614,0.5742596,1.70E-06,0.000184058,0.1116637,33.71123,6853.877,343168.6,6950.119,12681.02,59.68725,60.17424,59.66036,78.54546,0,0,13798.08,12681.02
0.5742654,-0.5742542,78.54707,-0.00936413,12681.02,12.25,10.00045,7603.182,598.6458,0,0.574261,0.5742542,6.81E-06,0.000184058,0.1116637,33.71087,6791.906,343230.6,6950.121,12681.02,59.68725,60.17424,59.66036,78.54546,0,0,13798.08,12681.02
0.5742611,-0.5742612,78.54707,-0.009364306,12681.02,12.25,10.00045,7603.182,598.6452,0,0.5742613,0.5742612,1.22E-07,0.000184058,0.1116637,33.7115,6858.464,343164,6950.122,12681.02,59.68725,60.17424,59.66036,78.54546,0,0,13798.08,12681.02
0.5742684,-0.574253,78.54707,-0.009363819,12681.03,12.25,10.00045,7603.182,598.6459,0,0.5742611,0.574253,8.10E-06,0.000184058,0.1116637,33.70975,6798.795,343223.7,6950.124,12681.03,59.68725,60.17424,59.66036,78.54546,0,0,13798.08,12681.03
0.5742556,-0.5742607,78.54707,-0.009365543,12681.03,12.25,10.00045,7603.182,598.6453,0,0.5742612,0.5742607,5.25E-07,0.000184058,0.1116637,33.71595,6867.652,343154.8,6950.125,12681.03,59.68725,60.17424,59.66036,78.54546,0,0,13798.08,12681.03
0.5742773,-0.5742554,78.54707,-0.009362504,12681.03,12.25,10.00045,7603.183,598.6459,0,0.5742614,0.5742554,5.96E-06,0.000184058,0.1116637,33.70501,6810.268,343212.2,6950.127,12681.03,59.68725,60.17424,59.66036,78.54546,0,0,13798.08,12681.03
0.574248,-0.5742619,78.54707,-0.009366542,12681.03,12.25,10.00045,7603.183,598.645,0,0.5742611,0.5742619,-8.01E-07,0.000184058,0.1116637,33.71955,6879.126,343143.3,6950.127,12681.03,59.68725,60.17424,59.66036,78.54546,0,0,13798.08,12681.03
0.574274,-0.574255,78.54707,-0.009362797,12681.04,12.25,10.00045,7603.183,598.6458,0,0.5742613,0.574255,6.34E-06,0.000184058,0.1116637,33.70607,6812.566,343209.9,6950.129,12681.04,59.68725,60.17424,59.66036,78.54546,0,0,13798.08,12681.04
0.5742458,-0.5742604,78.54707,-0.009367172,12681.04,12.25,10.00045,7603.183,598.6451,0,0.5742611,0.5742604,6.38E-07,0.000184058,0.1116637,33.72182,6879.131,343141,6950.13,12681.04,59.68725,60.17424,59.66036,78.54546,0,0,13798.08,12681.04
0.5742746,-0.5742545,78.54707,-0.009363024,12681.04,12.25,10.00045,7603.184,598.646,0,0.5742614,0.5742545,6.89E-06,0.000184058,0.1116637,33.70689,6819.456,343209.8,6950.132,12681.04,59.68725,60.17424,59.66036,78.54546,0,0,13798.08,12681.04
0.574246,-0.5742597,78.54707,-0.009367538,12681.04,12.25,10.00045,7603.184,598.6454,0,0.5742611,0.5742597,1.39E-06,0.000184058,0.1116637,33.72313,6881.435,343141,6950.133,12681.04,59.68725,60.17424,59.66036,78.54546,0,0,13798.08,12681.04
0.5742752,-0.5742577,78.54707,-0.009362631,12681.05,12.25,10.00045,7603.184,598.6458,0,0.5742614,0.5742577,3.79E-06,0.000184058,0.1116637,33.70547,6826.338,343196.1,6950.135,12681.05,59.68725,60.17424,59.66036,78.54546,0,0,13798.08,12681.05
0.5742415,-0.5742599,78.54707,-0.009367985,12681.05,12.25,10.00045,7603.184,598.6453,0,0.574261,0.5742599,1.08E-06,0.000184058,0.1116637,33.72474,6886.022,343136.4,6950.135,12681.05,59.68725,60.17424,59.66036,78.54546,0,0,13798.08,12681.05
0.5742747,-0.5742565,78.54707,-0.009362848,12681.05,12.25,10.00045,7603.185,598.646,0,0.5742614,0.5742565,4.91E-06,0.000184058,0.1116637,33.70625,6826.341,343196.1,6950.138,12681.05,59.68725,60.17424,59.66036,78.54546,0,0,13798.08,12681.05
0.5742407,-0.5742594,78.54707,-0.009368449,12681.06,12.25,10.00045,7603.185,598.6454,0,0.574261,0.5742594,1.58E-06,0.000184058,0.1116637,33.72641,6764.364,343134.1,6950.138,12681.06,59.68725,60.17424,59.66036,78.54546,0,0,13798.08,12681.06
0.5742757,-0.5742574,78.54707,-0.009362376,12681.06,12.25,10.00045,7603.185,598.6459,0,0.5742614,0.5742574,3.92E-06,0.000184058,0.1116637,33.70456,6824.044,343198.3,6950.141,12681.06,59.68725,60.17424,59.66036,78.54546,0,0,13798.08,12681.06
0.5742415,-0.5742583,78.54707,-0.009367397,12681.06,12.25,10.00045,7603.186,598.6454,0,0.5742608,0.5742583,2.46E-06,0.000184058,0.1116637,33.72263,6771.255,343251.1,6950.141,12681.06,59.68725,60.17424,59.66036,78.54546,0,0,13798.08,12681.06
0.5742706,-0.5742591,78.54707,-0.009363071,12681.06,12.25,10.00045,7603.186,598.6457,0,0.5742614,0.5742591,2.34E-06,0.000184058,0.1116637,33.70706,6840.112,343182.3,6950.144,12681.06,59.68725,60.17424,59.66036,78.54546,0,0,13798.08,12681.06
0.5742624,-0.5742577,78.54707,-0.009364552,12681.07,12.25,10.00045,7603.186,598.6458,0,0.5742607,0.5742577,2.96E-06,0.000184058,0.1116637,33.71239,6782.733,343239.6,6950.146,12681.07,59.68725,60.17424,59.66036,78.54546,0,0,13798.08,12681.07
0.5742624,-0.5742632,78.54707,-0.009363722,12681.07,12.25,10.00045,7603.186,598.645,0,0.5742614,0.5742632,-1.80E-06,0.000184058,0.1116637,33.7094,6858.468,343163.9,6950.147,12681.07,59.68725,60.17424,59.66036,78.54546,0,0,13798.08,12681.07
0.5742684,-0.5742542,78.54707,-0.009363268,12681.07,12.25,10.00045,7603.187,598.6456,0,0.5742611,0.5742542,6.84E-06,0.000184058,0.1116637,33.70776,6798.802,343223.5,6950.149,12681.07,59.68725,60.17424,59.66036,78.54546,0,0,13798.08,12681.07
0.5742554,-0.5742613,78.54707,-0.009364998,12681.07,12.25,10.00045,7603.187,598.645,0,0.5742612,0.5742613,-8.75E-08,0.000184058,0.1116637,33.71399,6865.359,343154.7,6950.15,12681.07,59.68725,60.17424,59.66036,78.54546,0,0,13798.08,12681.07
0.5742713,-0.5742526,78.54707,-0.00936324,12681.08,12.25,10.00045,7603.187,598.6459,0,0.5742612,0.5742526,8.60E-06,0.000184058,0.1116637,33.70766,6805.691,343216.6,6950.152,12681.08,59.68725,60.17424,59.66036,78.54546,0,0,13798.08,12681.08
0.5742508,-0.57426,78.54707,-0.009366299,12681.08,12.25,10.00045,7603.187,598.6453,0,0.5742611,0.57426,1.16E-06,0.000184058,0.1116637,33.71868,6874.549,343147.8,6950.152,12681.08,59.68725,60.17424,59.66036,78.54546,0,0,13798.08,12681.08
0.5742758,-0.5742563,78.54707,-0.009362383,12681.08,12.25,10.00045,7603.188,598.6458,0,0.5742614,0.5742563,5.10E-06,0.000184058,0.1116637,33.70458,6819.459,343202.8,6950.155,12681.08,59.68725,60.17424,59.66036,78.54546,0,0,13798.08,12681.08
0.574242,-0.5742599,78.54707,-0.009367669,12681.08,12.25,10.00045,7603.188,598.6453,0,0.574261,0.5742599,1.07E-06,0.000184058,0.1116637,33.72361,6886.026,343136.3,6950.155,12681.08,59.68725,60.17424,59.66036,78.54546,0,0,13798.08,12681.08
0.5742747,-0.5742552,78.54707,-0.009362691,12681.09,12.25,10.00045,7603.188,598.646,0,0.5742614,0.5742552,6.15E-06,0.000184058,0.1116637,33.70569,6819.462,343202.8,6950.158,12681.09,59.68725,60.17424,59.66036,78.54546,0,0,13798.08,12681.09
0.5742409,-0.5742595,78.54707,-0.009368161,12681.09,12.25,10.00045,7603.189,598.6454,0,0.574261,0.5742595,1.51E-06,0.000184058,0.1116637,33.72538,6764.371,343134,6950.158,12681.09,59.68725,60.17424,59.66036,78.54546,0,0,13798.08,12681.09
0.5742753,-0.5742592,78.54707,-0.009362122,12681.09,12.25,10.00045,7603.189,598.6456,0,0.5742615,0.5742592,2.35E-06,0.000184058,0.1116637,33.70364,6830.934,343191.3,6950.161,12681.09,59.68725,60.17424,59.66036,78.54546,0,0,13798.08,12681.09
0.5742415,-0.5742587,78.54707,-0.00936709,12681.1,12.25,10.00045,7603.189,598.6453,0,0.5742608,0.5742587,2.06E-06,0.000184058,0.1116637,33.72152,6771.263,343251,6950.16,12681.1,59.68725,60.17424,59.66036,78.54546,0,0,13798.08,12681.1
0.5742728,-0.5742583,78.54707,-0.009362516,12681.1,12.25,10.00045,7603.189,598.6456,0,0.5742614,0.5742583,3.16E-06,0.000184058,0.1116637,33.70506,6833.232,343189,6950.164,12681.1,59.68725,60.17424,59.66036,78.54546,0,0,13798.08,12681.1
0.5742536,-0.5741994,78.54707,-0.00936535,12681.1,12.25,10.00045,7603.19,598.6454,0,0.5742609,0.5741994,6.15E-05,0.000184058,0.1116637,33.71526,6775.854,343246.4,6950.166,12681.1,59.68725,60.17424,59.66036,78.54546,0,0,13798.08,12681.1
0.5742698,-0.574262,78.54707,-0.009362358,12681.1,12.25,10.00045,7603.19,598.6451,0,0.5742614,0.574262,-5.44E-07,0.000184058,0.1116637,33.70449,6844.701,343177.5,6950.167,12681.1,59.68725,60.17424,59.66036,78.54546,0,0,13798.08,12681.1
0.5742487,-0.5741972,78.54707,-0.00936551,12681.11,12.25,10.00045,7603.19,598.6451,0,0.5742607,0.5741972,6.35E-05,0.000184058,0.1116637,33.71584,6778.151,343244.1,6950.169,12681.11,59.68725,60.17424,59.66036,78.54546,0,0,13798.08,12681.11
0.5742673,-0.5742602,78.54707,-0.009362792,12681.11,12.25,10.00045,7603.19,598.6451,0,0.5742614,0.5742602,1.15E-06,0.000184058,0.1116637,33.70605,6847.001,343175.2,6950.169,12681.11,59.68725,60.17424,59.66036,78.54546,0,0,13798.08,12681.11
0.5742557,-0.5742551,78.54707,-0.009364869,12681.11,12.25,10.00045,7603.191,598.6456,0,0.5742608,0.5742551,5.66E-06,0.000184058,0.1116637,33.71353,6785.04,343237.2,6950.171,12681.11,59.68725,60.17424,59.66036,78.54546,0,0,13798.08,12681.11
0.5742674,-0.574259,78.54707,-0.009363185,12681.11,12.25,10.00045,7603.191,598.6454,0,0.5742614,0.574259,2.37E-06,0.000184058,0.1116637,33.70747,6847.006,343175.2,6950.172,12681.11,59.68725,60.17424,59.66036,78.54546,0,0,13798.08,12681.11
0.5742654,-0.5742542,78.54707,-0.009363619,12681.12,12.25,10.00045,7603.191,598.6458,0,0.574261,0.5742542,6.81E-06,0.000184058,0.1116637,33.70903,6791.925,343230.3,6950.174,12681.12,59.68725,60.17424,59.66036,78.54546,0,0,13798.08,12681.12
0.5742614,-0.5742612,78.54707,-0.009363767,12681.12,12.25,10.00045,7603.191,598.6451,0,0.5742613,0.5742612,5.41E-08,0.000184058,0.1116637,33.70956,6858.479,343163.7,6950.175,12681.12,59.68725,60.17424,59.66036,78.54546,0,0,13798.08,12681.12
0.5742684,-0.5742531,78.54707,-0.009363293,12681.13,12.25,10.00045,7603.192,598.6459,0,0.5742611,0.5742531,8.00E-06,0.000184058,0.1116637,33.70785,6798.813,343223.4,6950.177,12681.13,59.68725,60.17424,59.66036,78.54546,0,0,13798.08,12681.13
0.5742508,-0.5742605,78.54707,-0.009365902,12681.13,12.25,10.00045,7603.192,598.6452,0,0.5742611,0.5742605,6.06E-07,0.000184058,0.1116637,33.71725,6874.554,343147.6,6950.178,12681.13,59.68725,60.17424,59.66036,78.54546,0,0,13798.08,12681.13
0.574278,-0.574257,78.54707,-0.00936179,12681.13,12.25,10.00045,7603.192,598.6457,0,0.5742614,0.574257,4.44E-06,0.000184058,0.1116637,33.70244,6817.17,343205,6950.18,12681.13,59.68725,60.17424,59.66036,78.54546,0,0,13798.08,12681.13
0.5742427,-0.5742614,78.54707,-0.009367079,12681.13,12.25,10.00045,7603.192,598.6448,0,0.574261,0.5742614,-3.42E-07,0.000184058,0.1116637,33.72149,6886.028,343136.1,6950.181,12681.13,59.68725,60.17424,59.66036,78.54546,0,0,13798.08,12681.13
0.5742741,-0.5742573,78.54707,-0.009362131,12681.13,12.25,10.00045,7603.193,598.6455,0,0.5742614,0.5742573,4.15E-06,0.000184058,0.1116637,33.70367,6826.353,343195.8,6950.183,12681.13,59.68725,60.17424,59.66036,78.54546,0,0,13798.08,12681.13
0.5742344,-0.5742587,78.54707,-0.0093688,12681.14,12.25,10.00045,7603.193,598.6451,0,0.5742608,0.5742587,2.18E-06,0.000184058,0.1116637,33.72768,6764.382,343129.2,6950.183,12681.14,59.68725,60.17424,59.66036,78.54546,0,0,13798.08,12681.14
0.5742724,-0.5742569,78.54707,-0.009362762,12681.14,12.25,10.00045,7603.193,598.6457,0,0.5742614,0.5742569,4.54E-06,0.000184058,0.1116637,33.70594,6833.243,343188.9,6950.186,12681.14,59.68725,60.17424,59.66036,78.54546,0,0,13798.08,12681.14
0.5742517,-0.5741982,78.54707,-0.009365663,12681.15,12.25,10.00045,7603.194,598.6456,0,0.5742608,0.5741982,6.26E-05,0.000184058,0.1116637,33.71638,6778.159,343244,6950.188,12681.15,59.68725,60.17424,59.66036,78.54546,0,0,13798.08,12681.15
0.5742671,-0.5742606,78.54707,-0.00936301,12681.15,12.25,10.00045,7603.194,598.6454,0,0.5742615,0.5742606,9.41E-07,0.000184058,0.1116637,33.70683,6844.716,343177.4,6950.189,12681.15,59.68725,60.17424,59.66036,78.54546,0,0,13798.08,12681.15
0.5742562,-0.5742555,78.54707,-0.009365055,12681.15,12.25,10.00045,7603.194,598.6458,0,0.5742608,0.5742555,5.23E-06,0.000184058,0.1116637,33.7142,6785.048,343237.1,6950.191,12681.15,59.68725,60.17424,59.66036,78.54546,0,0,13798.08,12681.15
0.57426,-0.5742604,78.54707,-0.009364496,12681.15,12.25,10.00045,7603.194,598.6454,0,0.5742613,0.5742604,8.70E-07,0.000184058,0.1116637,33.71219,6860.788,343161.3,6950.192,12681.15,59.68725,60.17424,59.66036,78.54546,0,0,13798.08,12681.15
0.5742735,-0.5742545,78.54707,-0.009362631,12681.16,12.25,10.00045,7603.195,598.646,0,0.5742612,0.5742545,6.78E-06,0.000184058,0.1116637,33.70547,6803.409,343216.4,6950.194,12681.16,59.68725,60.17424,59.66036,78.54546,0,0,13798.08,12681.16
0.5742478,-0.5742614,78.54707,-0.009366279,12681.16,12.25,10.00045,7603.195,598.6451,0,0.5742611,0.5742614,-3.01E-07,0.000184058,0.1116637,33.71861,6879.149,343142.9,6950.195,12681.16,59.68725,60.17424,59.66036,78.54546,0,0,13798.08,12681.16
0.5742748,-0.5742558,78.54707,-0.009362363,12681.16,12.25,10.00045,7603.195,598.6459,0,0.5742614,0.5742558,5.60E-06,0.000184058,0.1116637,33.70451,6819.476,343202.6,6950.197,12681.16,59.68725,60.17424,59.66036,78.54546,0,0,13798.08,12681.16
0.5742413,-0.5742596,78.54707,-0.009367833,12681.17,12.25,10.00045,7603.196,598.6453,0,0.574261,0.5742596,1.35E-06,0.000184058,0.1116637,33.7242,6764.386,343133.7,6950.197,12681.17,59.68725,60.17424,59.66036,78.54546,0,0,13798.08,12681.17
0.5742757,-0.5742598,78.54707,-0.009361648,12681.17,12.25,10.00045,7603.196,598.6454,0,0.5742615,0.5742598,1.69E-06,0.000184058,0.1116637,33.70193,6830.944,343191.1,6950.2,12681.17,59.68725,60.17424,59.66036,78.54546,0,0,13798.08,12681.17
0.5742414,-0.5742592,78.54707,-0.009366595,12681.17,12.25,10.00045,7603.197,598.645,0,0.5742608,0.5742592,1.62E-06,0.000184058,0.1116637,33.71974,6771.277,343250.8,6950.2,12681.17,59.68725,60.17424,59.66036,78.54546,0,0,13798.08,12681.17
0.5742703,-0.5742595,78.54707,-0.009362247,12681.17,12.25,10.00045,7603.197,598.6452,0,0.5742614,0.5742595,1.98E-06,0.000184058,0.1116637,33.70409,6840.128,343181.9,6950.203,12681.17,59.68725,60.17424,59.66036,78.54546,0,0,13798.08,12681.17
0.5742399,-0.5742571,78.54707,-0.009367001,12681.18,12.25,10.00045,7603.197,598.6452,0,0.5742608,0.5742571,3.64E-06,0.000184058,0.1116637,33.7212,6771.279,343250.8,6950.202,12681.18,59.68725,60.17424,59.66036,78.54546,0,0,13798.08,12681.18
0.5742703,-0.5742581,78.54707,-0.009362644,12681.18,12.25,10.00045,7603.197,598.6456,0,0.5742614,0.5742581,3.34E-06,0.000184058,0.1116637,33.70552,6840.133,343181.9,6950.206,12681.18,59.68725,60.17424,59.66036,78.54546,0,0,13798.08,12681.18
0.5742517,-0.5741982,78.54707,-0.009365292,12681.18,12.25,10.00045,7603.198,598.6455,0,0.5742608,0.5741982,6.25E-05,0.000184058,0.1116637,33.71505,6778.166,343243.8,6950.208,12681.18,59.68725,60.17424,59.66036,78.54546,0,0,13798.08,12681.18
0.5742682,-0.5742601,78.54707,-0.009362565,12681.18,12.25,10.00045,7603.198,598.6453,0,0.5742614,0.5742601,1.26E-06,0.000184058,0.1116637,33.70523,6844.72,343177.3,6950.209,12681.18,59.68725,60.17424,59.66036,78.54546,0,0,13798.08,12681.18
0.5742564,-0.5742558,78.54707,-0.009364664,12681.19,12.25,10.00045,7603.198,598.6457,0,0.5742608,0.5742558,5.00E-06,0.000184058,0.1116637,33.71279,6785.055,343236.9,6950.211,12681.19,59.68725,60.17424,59.66036,78.54546,0,0,13798.08,12681.19
0.5742599,-0.5742605,78.54707,-0.009364137,12681.19,12.25,10.00045,7603.198,598.6453,0,0.5742613,0.5742605,7.41E-07,0.000184058,0.1116637,33.7109,6860.791,343161.2,6950.211,12681.19,59.68725,60.17424,59.66036,78.54546,0,0,13798.08,12681.19
0.5742754,-0.5742543,78.54707,-0.009362202,12681.19,12.25,10.00045,7603.199,598.6459,0,0.5742612,0.5742543,6.92E-06,0.000184058,0.1116637,33.70393,6803.414,343218.6,6950.214,12681.19,59.68725,60.17424,59.66036,78.54546,0,0,13798.08,12681.19
0.574253,-0.5742623,78.54707,-0.009364959,12681.19,12.25,10.00045,7603.199,598.645,0,0.5742612,0.5742623,-1.11E-06,0.000184058,0.1116637,33.71385,6872.264,343149.7,6950.214,12681.19,59.68725,60.17424,59.66036,78.54546,0,0,13798.08,12681.19
0.574274,-0.5742549,78.54707,-0.009362157,12681.2,12.25,10.00045,7603.199,598.6458,0,0.5742613,0.5742549,6.39E-06,0.000184058,0.1116637,33.70377,6812.596,343209.3,6950.217,12681.2,59.68725,60.17424,59.66036,78.54546,0,0,13798.08,12681.2
0.5742457,-0.5742604,78.54707,-0.009366537,12681.2,12.25,10.00045,7603.199,598.6451,0,0.5742611,0.5742604,6.79E-07,0.000184058,0.1116637,33.71953,6879.157,343140.5,6950.217,12681.2,59.68725,60.17424,59.66036,78.54546,0,0,13798.08,12681.2
0.5742737,-0.5742556,78.54707,-0.009362521,12681.2,12.25,10.00045,7603.2,598.6459,0,0.5742614,0.5742556,5.75E-06,0.000184058,0.1116637,33.70507,6826.371,343195.6,6950.22,12681.2,59.68725,60.17424,59.66036,78.54546,0,0,13798.08,12681.2
0.5742447,-0.5742577,78.54707,-0.009366733,12681.21,12.25,10.00045,7603.2,598.6456,0,0.5742609,0.5742577,3.17E-06,0.000184058,0.1116637,33.72024,6771.285,343250.7,6950.219,12681.21,59.68725,60.17424,59.66036,78.54546,0,0,13798.08,12681.21
0.5742711,-0.5742596,78.54707,-0.009362526,12681.21,12.25,10.00045,7603.2,598.6456,0,0.5742614,0.5742596,1.79E-06,0.000184058,0.1116637,33.70509,6840.138,343181.8,6950.223,12681.21,59.68725,60.17424,59.66036,78.54546,0,0,13798.08,12681.21
0.5742483,-0.5741956,78.54707,-0.009365981,12681.21,12.25,10.00045,7603.201,598.6458,0,0.5742607,0.5741956,6.52E-05,0.000184058,0.1116637,33.71753,6778.174,343243.7,6950.225,12681.21,59.68725,60.17424,59.66036,78.54546,0,0,13798.08,12681.21
0.5742676,-0.5742593,78.54707,-0.009363221,12681.21,12.25,10.00045,7603.201,598.6458,0,0.5742614,0.5742593,2.04E-06,0.000184058,0.1116637,33.7076,6847.027,343174.9,6950.226,12681.21,59.68725,60.17424,59.66036,78.54546,0,0,13798.08,12681.21
0.5742655,-0.5742544,78.54707,-0.009363611,12681.22,12.25,10.00045,7603.201,598.6461,0,0.574261,0.5742544,6.56E-06,0.000184058,0.1116637,33.709,6791.946,343229.9,6950.228,12681.22,59.68725,60.17424,59.66036,78.54546,0,0,13798.08,12681.22
0.5742618,-0.5742616,78.54707,-0.009363687,12681.22,12.25,10.00045,7603.201,598.6454,0,0.5742613,0.5742616,-2.96E-07,0.000184058,0.1116637,33.70927,6858.5,343163.4,6950.229,12681.22,59.68725,60.17424,59.66036,78.54546,0,0,13798.08,12681.22
0.5742685,-0.5742534,78.54707,-0.009363191,12681.22,12.25,10.00045,7603.202,598.6461,0,0.5742611,0.5742534,7.70E-06,0.000184058,0.1116637,33.70749,6798.833,343223,6950.231,12681.22,59.68725,60.17424,59.66036,78.54546,0,0,13798.08,12681.22
0.5742509,-0.5742608,78.54707,-0.009365774,12681.22,12.25,10.00045,7603.202,598.6454,0,0.5742611,0.5742608,3.94E-07,0.000184058,0.1116637,33.71679,6874.573,343147.3,6950.231,12681.22,59.68725,60.17424,59.66036,78.54546,0,0,13798.08,12681.22
0.5742782,-0.5742575,78.54707,-0.009361597,12681.23,12.25,10.00045,7603.202,598.6458,0,0.5742615,0.5742575,3.95E-06,0.000184058,0.1116637,33.70175,6817.189,343204.7,6950.234,12681.23,59.68725,60.17424,59.66036,78.54546,0,0,13798.08,12681.23
0.5742427,-0.5742617,78.54707,-0.009366876,12681.23,12.25,10.00045,7603.202,598.645,0,0.574261,0.5742617,-6.51E-07,0.000184058,0.1116637,33.72075,6886.046,343135.8,6950.234,12681.23,59.68725,60.17424,59.66036,78.54546,0,0,13798.08,12681.23
0.5742742,-0.5742575,78.54707,-0.009361904,12681.23,12.25,10.00045,7603.203,598.6456,0,0.5742614,0.5742575,3.95E-06,0.000184058,0.1116637,33.70285,6826.372,343195.5,6950.237,12681.23,59.68725,60.17424,59.66036,78.54546,0,0,13798.08,12681.23
0.574235,-0.5742586,78.54707,-0.009368499,12681.24,12.25,10.00045,7603.203,598.6453,0,0.5742608,0.5742586,2.22E-06,0.000184058,0.1116637,33.7266,6764.402,343128.9,6950.237,12681.24,59.68725,60.17424,59.66036,78.54546,0,0,13798.08,12681.24
0.5742726,-0.574257,78.54707,-0.009362453,12681.24,12.25,10.00045,7603.203,598.6459,0,0.5742614,0.574257,4.39E-06,0.000184058,0.1116637,33.70483,6833.262,343188.6,6950.24,12681.24,59.68725,60.17424,59.66036,78.54546,0,0,13798.08,12681.24
0.5742518,-0.5741983,78.54707,-0.009365343,12681.24,12.25,10.00045,7603.204,598.6457,0,0.5742608,0.5741983,6.25E-05,0.000184058,0.1116637,33.71524,6778.179,343243.6,6950.242,12681.24,59.68725,60.17424,59.66036,78.54546,0,0,13798.08,12681.24
0.5742644,-0.5742608,78.54707,-0.00936311,12681.24,12.25,10.00045,7603.204,598.6454,0,0.5742614,0.5742608,5.18E-07,0.000184058,0.1116637,33.7072,6851.619,343170.2,6950.243,12681.24,59.68725,60.17424,59.66036,78.54546,0,0,13798.08,12681.24
0.5742632,-0.5742534,78.54707,-0.009363847,12681.25,12.25,10.00045,7603.205,598.646,0,0.5742609,0.5742534,7.52E-06,0.000184058,0.1116637,33.70985,6791.954,343229.8,6950.245,12681.25,59.68725,60.17424,59.66036,78.54546,0,0,13798.08,12681.25
0.5742601,-0.5742605,78.54707,-0.009364138,12681.25,12.25,10.00045,7603.205,598.6456,0,0.5742613,0.5742605,7.40E-07,0.000184058,0.1116637,33.7109,6860.804,343161,6950.246,12681.25,59.68725,60.17424,59.66036,78.54546,0,0,13798.08,12681.25
0.574275,-0.5742547,78.54707,-0.009362227,12681.25,12.25,10.00045,7603.205,598.6461,0,0.5742613,0.5742547,6.59E-06,0.000184058,0.1116637,33.70402,6803.427,343218.3,6950.248,12681.25,59.68725,60.17424,59.66036,78.54546,0,0,13798.08,12681.25
0.5742577,-0.5742623,78.54707,-0.009364125,12681.25,12.25,10.00045,7603.205,598.6453,0,0.5742612,0.5742623,-9.94E-07,0.000184058,0.1116637,33.71085,6865.39,343156.4,6950.249,12681.25,59.68725,60.17424,59.66036,78.54546,0,0,13798.08,12681.25
0.5742741,-0.5742549,78.54707,-0.009362136,12681.26,12.25,10.00045,7603.206,598.646,0,0.5742613,0.5742549,6.45E-06,0.000184058,0.1116637,33.70369,6812.609,343209.2,6950.25,12681.26,59.68725,60.17424,59.66036,78.54546,0,0,13798.08,12681.26
0.5742406,-0.5742596,78.54707,-0.009367577,12681.26,12.25,10.00045,7603.206,598.6454,0,0.574261,0.5742596,1.34E-06,0.000184058,0.1116637,33.72328,6762.111,343133.4,6950.251,12681.26,59.68725,60.17424,59.66036,78.54546,0,0,13798.08,12681.26
0.5742754,-0.5742601,78.54707,-0.00936132,12681.26,12.25,10.00045,7603.206,598.6454,0,0.5742615,0.5742601,1.37E-06,0.000184058,0.1116637,33.70075,6830.962,343190.8,6950.254,12681.26,59.68725,60.17424,59.66036,78.54546,0,0,13798.08,12681.26
0.5742414,-0.5742593,78.54707,-0.009366271,12681.27,12.25,10.00045,7603.207,598.6451,0,0.5742608,0.5742593,1.55E-06,0.000184058,0.1116637,33.71857,6771.297,343250.4,6950.253,12681.27,59.68725,60.17424,59.66036,78.54546,0,0,13798.08,12681.27
0.5742704,-0.5742595,78.54707,-0.009361928,12681.27,12.25,10.00045,7603.207,598.6453,0,0.5742614,0.5742595,1.93E-06,0.000184058,0.1116637,33.70294,6840.146,343181.6,6950.257,12681.27,59.68725,60.17424,59.66036,78.54546,0,0,13798.08,12681.27
0.5742626,-0.5742528,78.54707,-0.009363539,12681.27,12.25,10.00045,7603.207,598.6458,0,0.5742609,0.5742528,8.10E-06,0.000184058,0.1116637,33.70874,6791.958,343229.8,6950.259,12681.27,59.68725,60.17424,59.66036,78.54546,0,0,13798.08,12681.27
0.5742555,-0.5742602,78.54707,-0.009364597,12681.27,12.25,10.00045,7603.207,598.6453,0,0.5742612,0.5742602,9.91E-07,0.000184058,0.1116637,33.71255,6867.693,343154,6950.259,12681.27,59.68725,60.17424,59.66036,78.54546,0,0,13798.08,12681.27
0.5742757,-0.5742564,78.54707,-0.009361555,12681.28,12.25,10.00045,7603.208,598.6458,0,0.5742614,0.5742564,5.06E-06,0.000184058,0.1116637,33.7016,6817.2,343202.2,6950.262,12681.28,59.68725,60.17424,59.66036,78.54546,0,0,13798.08,12681.28
0.574237,-0.5742592,78.54707,-0.009367922,12681.29,12.25,10.00045,7603.208,598.6453,0,0.5742609,0.5742592,1.69E-06,0.000184058,0.1116637,33.72452,6764.412,343128.8,6950.262,12681.29,59.68725,60.17424,59.66036,78.54546,0,0,13798.08,12681.29
0.5742676,-0.5742597,78.54707,-0.009362602,12681.29,12.25,10.00045,7603.208,598.6456,0,0.5742614,0.5742597,1.71E-06,0.000184058,0.1116637,33.70537,6847.037,343174.6,6950.265,12681.29,59.68725,60.17424,59.66036,78.54546,0,0,13798.08,12681.29
0.5742727,-0.5742542,78.54707,-0.009362298,12681.29,12.25,10.00045,7603.208,598.6459,0,0.5742611,0.5742542,6.95E-06,0.000184058,0.1116637,33.70427,6796.548,343225.1,6950.268,12681.29,59.68725,60.17424,59.66036,78.54546,0,0,13798.08,12681.29
0.574253,-0.5742626,78.54707,-0.009364554,12681.29,12.25,10.00045,7603.208,598.645,0,0.5742612,0.5742626,-1.40E-06,0.000184058,0.1116637,33.71239,6872.279,343149.4,6950.268,12681.29,59.68725,60.17424,59.66036,78.54546,0,0,13798.08,12681.29
0.5742739,-0.574255,78.54707,-0.009361751,12681.29,12.25,10.00045,7603.209,598.6458,0,0.5742613,0.574255,6.24E-06,0.000184058,0.1116637,33.7023,6812.615,343209,6950.271,12681.29,59.68725,60.17424,59.66036,78.54546,0,0,13798.08,12681.29
0.5742394,-0.5742599,78.54707,-0.009367113,12681.29,12.25,10.00045,7603.209,598.6451,0,0.574261,0.5742599,1.10E-06,0.000184058,0.1116637,33.72161,6886.061,343135.6,6950.271,12681.29,59.68725,60.17424,59.66036,78.54546,0,0,13798.08,12681.29
0.5742725,-0.5742569,78.54707,-0.009362209,12681.3,12.25,10.00045,7603.209,598.6458,0,0.5742614,0.5742569,4.51E-06,0.000184058,0.1116637,33.70395,6833.272,343188.3,6950.273,12681.3,59.68725,60.17424,59.66036,78.54546,0,0,13798.08,12681.3
0.5742517,-0.5741982,78.54707,-0.009365104,12681.31,12.25,10.00045,7603.21,598.6457,0,0.5742608,0.5741982,6.26E-05,0.000184058,0.1116637,33.71437,6778.192,343243.4,6950.276,12681.31,59.68725,60.17424,59.66036,78.54546,0,0,13798.08,12681.31
0.5742711,-0.5742597,78.54707,-0.009362101,12681.31,12.25,10.00045,7603.21,598.6456,0,0.5742614,0.5742597,1.77E-06,0.000184058,0.1116637,33.70356,6837.859,343181.4,6950.276,12681.31,59.68725,60.17424,59.66036,78.54546,0,0,13798.08,12681.31
0.5742484,-0.5741956,78.54707,-0.009365527,12681.31,12.25,10.00045,7603.21,598.6457,0,0.5742607,0.5741956,6.51E-05,0.000184058,0.1116637,33.7159,6778.194,343243.4,6950.279,12681.31,59.68725,60.17424,59.66036,78.54546,0,0,13798.08,12681.31
0.574264,-0.5742601,78.54707,-0.009363295,12681.31,12.25,10.00045,7603.21,598.6456,0,0.5742614,0.5742601,1.29E-06,0.000184058,0.1116637,33.70786,6853.929,343167.7,6950.279,12681.31,59.68725,60.17424,59.66036,78.54546,0,0,13798.08,12681.31
0.5742703,-0.574254,78.54707,-0.009362533,12681.32,12.25,10.00045,7603.211,598.6461,0,0.5742611,0.574254,7.07E-06,0.000184058,0.1116637,33.70512,6798.85,343222.7,6950.282,12681.32,59.68725,60.17424,59.66036,78.54546,0,0,13798.08,12681.32
0.5742528,-0.5742618,78.54707,-0.009364769,12681.32,12.25,10.00045,7603.211,598.6453,0,0.5742612,0.5742618,-6.58E-07,0.000184058,0.1116637,33.71317,6872.288,343149.3,6950.282,12681.32,59.68725,60.17424,59.66036,78.54546,0,0,13798.08,12681.32
0.5742741,-0.5742547,78.54707,-0.009361946,12681.32,12.25,10.00045,7603.211,598.6461,0,0.5742613,0.5742547,6.61E-06,0.000184058,0.1116637,33.70301,6812.622,343208.9,6950.285,12681.32,59.68725,60.17424,59.66036,78.54546,0,0,13798.08,12681.32
0.5742406,-0.5742596,78.54707,-0.009367386,12681.33,12.25,10.00045,7603.212,598.6454,0,0.574261,0.5742596,1.41E-06,0.000184058,0.1116637,33.72259,6764.42,343133.2,6950.285,12681.33,59.68725,60.17424,59.66036,78.54546,0,0,13798.08,12681.33
0.5742757,-0.5742596,78.54707,-0.009361171,12681.33,12.25,10.00045,7603.212,598.6455,0,0.5742615,0.5742596,1.87E-06,0.000184058,0.1116637,33.70021,6830.975,343190.6,6950.288,12681.33,59.68725,60.17424,59.66036,78.54546,0,0,13798.08,12681.33
0.5742489,-0.5741971,78.54707,-0.00936489,12681.33,12.25,10.00045,7603.213,598.6453,0,0.5742607,0.5741971,6.36E-05,0.000184058,0.1116637,33.7136,6778.197,343243.3,6950.29,12681.33,59.68725,60.17424,59.66036,78.54546,0,0,13798.08,12681.33
0.5742674,-0.5742602,78.54707,-0.00936215,12681.33,12.25,10.00045,7603.213,598.6453,0,0.5742614,0.5742602,1.18E-06,0.000184058,0.1116637,33.70374,6847.042,343174.5,6950.291,12681.33,59.68725,60.17424,59.66036,78.54546,0,0,13798.08,12681.33
0.5742555,-0.574255,78.54707,-0.009364245,12681.34,12.25,10.00045,7603.213,598.6457,0,0.5742608,0.574255,5.70E-06,0.000184058,0.1116637,33.71128,6785.085,343236.4,6950.292,12681.34,59.68725,60.17424,59.66036,78.54546,0,0,13798.08,12681.34
0.5742599,-0.5742601,78.54707,-0.009363689,12681.34,12.25,10.00045,7603.213,598.6454,0,0.5742613,0.5742601,1.27E-06,0.000184058,0.1116637,33.70928,6860.818,343160.7,6950.293,12681.34,59.68725,60.17424,59.66036,78.54546,0,0,13798.08,12681.34
0.5742735,-0.5742542,78.54707,-0.00936184,12681.34,12.25,10.00045,7603.214,598.6459,0,0.5742612,0.5742542,7.03E-06,0.000184058,0.1116637,33.70262,6805.739,343215.8,6950.296,12681.34,59.68725,60.17424,59.66036,78.54546,0,0,13798.08,12681.34
0.5742473,-0.5742607,78.54707,-0.009365603,12681.34,12.25,10.00045,7603.214,598.6452,0,0.5742611,0.5742607,3.62E-07,0.000184058,0.1116637,33.71617,6872.292,343142.3,6950.296,12681.34,59.68725,60.17424,59.66036,78.54546,0,0,13798.08,12681.34
0.5742744,-0.5742568,78.54707,-0.009361562,12681.35,12.25,10.00045,7603.214,598.6459,0,0.5742614,0.5742568,4.67E-06,0.000184058,0.1116637,33.70163,6826.394,343195.1,6950.299,12681.35,59.68725,60.17424,59.66036,78.54546,0,0,13798.08,12681.35
0.5742447,-0.5742584,78.54707,-0.009365804,12681.35,12.25,10.00045,7603.215,598.6454,0,0.5742609,0.5742584,2.45E-06,0.000184058,0.1116637,33.71689,6771.314,343250.2,6950.298,12681.35,59.68725,60.17424,59.66036,78.54546,0,0,13798.08,12681.35
0.57427,-0.5742614,78.54707,-0.009361688,12681.35,12.25,10.00045,7603.215,598.6453,0,0.5742614,0.5742614,9.78E-08,0.000184058,0.1116637,33.70208,6844.748,343176.7,6950.302,12681.35,59.68725,60.17424,59.66036,78.54546,0,0,13798.08,12681.35
0.5742633,-0.5742544,78.54707,-0.009362975,12681.36,12.25,10.00045,7603.215,598.6457,0,0.574261,0.5742544,6.52E-06,0.000184058,0.1116637,33.70671,6791.973,343229.5,6950.304,12681.36,59.68725,60.17424,59.66036,78.54546,0,0,13798.08,12681.36
0.5742555,-0.5742611,78.54707,-0.009364062,12681.36,12.25,10.00045,7603.215,598.6451,0,0.5742612,0.5742611,1.09E-07,0.000184058,0.1116637,33.71062,6867.704,343153.8,6950.305,12681.36,59.68725,60.17424,59.66036,78.54546,0,0,13798.08,12681.36
0.574271,-0.5742524,78.54707,-0.009362387,12681.36,12.25,10.00045,7603.216,598.6461,0,0.5742612,0.5742524,8.73E-06,0.000184058,0.1116637,33.70459,6805.747,343215.7,6950.307,12681.36,59.68725,60.17424,59.66036,78.54546,0,0,13798.08,12681.36
0.5742508,-0.5742599,78.54707,-0.009365428,12681.36,12.25,10.00045,7603.216,598.6454,0,0.5742611,0.5742599,1.30E-06,0.000184058,0.1116637,33.71554,6874.599,343146.8,6950.308,12681.36,59.68725,60.17424,59.66036,78.54546,0,0,13798.08,12681.36
0.5742758,-0.5742562,78.54707,-0.009361499,12681.37,12.25,10.00045,7603.216,598.646,0,0.5742614,0.5742562,5.17E-06,0.000184058,0.1116637,33.7014,6819.513,343201.9,6950.31,12681.37,59.68725,60.17424,59.66036,78.54546,0,0,13798.08,12681.37
0.5742363,-0.5742587,78.54707,-0.009367985,12681.37,12.25,10.00045,7603.217,598.6455,0,0.5742609,0.5742587,2.12E-06,0.000184058,0.1116637,33.72474,6764.43,343128.4,6950.31,12681.37,59.68725,60.17424,59.66036,78.54546,0,0,13798.08,12681.37
0.5742742,-0.5742562,78.54707,-0.009361822,12681.37,12.25,10.00045,7603.217,598.6461,0,0.5742614,0.5742562,5.16E-06,0.000184058,0.1116637,33.70256,6826.401,343195,6950.313,12681.37,59.68725,60.17424,59.66036,78.54546,0,0,13798.08,12681.37
0.5742518,-0.5741986,78.54707,-0.009364832,12681.38,12.25,10.00045,7603.217,598.6458,0,0.5742608,0.5741986,6.22E-05,0.000184058,0.1116637,33.7134,6778.207,343243.2,6950.315,12681.38,59.68725,60.17424,59.66036,78.54546,0,0,13798.08,12681.38
0.5742658,-0.5742612,78.54707,-0.009362473,12681.38,12.25,10.00045,7603.217,598.6456,0,0.5742614,0.5742612,1.77E-07,0.000184058,0.1116637,33.7049,6851.642,343169.7,6950.316,12681.38,59.68725,60.17424,59.66036,78.54546,0,0,13798.08,12681.38
0.5742633,-0.5742539,78.54707,-0.009363237,12681.38,12.25,10.00045,7603.218,598.6461,0,0.574261,0.5742539,7.01E-06,0.000184058,0.1116637,33.70765,6791.98,343229.4,6950.318,12681.38,59.68725,60.17424,59.66036,78.54546,0,0,13798.08,12681.38
0.5742509,-0.5742608,78.54707,-0.00936516,12681.38,12.25,10.00045,7603.218,598.6455,0,0.5742611,0.5742608,3.92E-07,0.000184058,0.1116637,33.71458,6874.599,343146.8,6950.319,12681.38,59.68725,60.17424,59.66036,78.54546,0,0,13798.08,12681.38
0.5742775,-0.5742588,78.54707,-0.009360946,12681.39,12.25,10.00045,7603.218,598.6458,0,0.5742615,0.5742588,2.70E-06,0.000184058,0.1116637,33.69941,6824.103,343197.3,6950.321,12681.39,59.68725,60.17424,59.66036,78.54546,0,0,13798.08,12681.39
0.5742373,-0.5742607,78.54707,-0.009367415,12681.39,12.25,10.00045,7603.219,598.6451,0,0.5742609,0.5742607,2.91E-07,0.000184058,0.1116637,33.72269,6764.434,343128.4,6950.321,12681.39,59.68725,60.17424,59.66036,78.54546,0,0,13798.08,12681.39
0.5742704,-0.5742596,78.54707,-0.00936169,12681.39,12.25,10.00045,7603.219,598.6455,0,0.5742614,0.5742596,1.87E-06,0.000184058,0.1116637,33.70208,6840.17,343181.2,6950.324,12681.39,59.68725,60.17424,59.66036,78.54546,0,0,13798.08,12681.39
0.5742553,-0.5742551,78.54707,-0.009364218,12681.4,12.25,10.00045,7603.219,598.6458,0,0.5742608,0.5742551,5.61E-06,0.000184058,0.1116637,33.71119,6785.098,343236.2,6950.327,12681.4,59.68725,60.17424,59.66036,78.54546,0,0,13798.08,12681.4
0.5742639,-0.5742596,78.54707,-0.009363012,12681.4,12.25,10.00045,7603.219,598.6456,0,0.5742614,0.5742596,1.71E-06,0.000184058,0.1116637,33.70684,6853.945,343167.4,6950.327,12681.4,59.68725,60.17424,59.66036,78.54546,0,0,13798.08,12681.4
0.5742735,-0.5742543,78.54707,-0.009361785,12681.4,12.25,10.00045,7603.22,598.6461,0,0.5742612,0.5742543,7.00E-06,0.000184058,0.1116637,33.70243,6805.751,343215.6,6950.33,12681.4,59.68725,60.17424,59.66036,78.54546,0,0,13798.08,12681.4
0.5742471,-0.5742607,78.54707,-0.009365564,12681.4,12.25,10.00045,7603.22,598.6454,0,0.5742611,0.5742607,4.22E-07,0.000184058,0.1116637,33.71603,6879.191,343142.1,6950.33,12681.4,59.68725,60.17424,59.66036,78.54546,0,0,13798.08,12681.4
0.5742747,-0.5742552,78.54707,-0.009361616,12681.41,12.25,10.00045,7603.221,598.6461,0,0.5742614,0.5742552,6.12E-06,0.000184058,0.1116637,33.70182,6819.523,343201.8,6950.333,12681.41,59.68725,60.17424,59.66036,78.54546,0,0,13798.08,12681.41
0.5742447,-0.5742583,78.54707,-0.009365821,12681.41,12.25,10.00045,7603.221,598.6457,0,0.5742609,0.5742583,2.61E-06,0.000184058,0.1116637,33.71696,6771.328,343249.9,6950.332,12681.41,59.68725,60.17424,59.66036,78.54546,0,0,13798.08,12681.41
0.5742698,-0.574261,78.54707,-0.009361725,12681.41,12.25,10.00045,7603.221,598.6456,0,0.5742614,0.574261,4.19E-07,0.000184058,0.1116637,33.70221,6844.762,343176.5,6950.335,12681.41,59.68725,60.17424,59.66036,78.54546,0,0,13798.08,12681.41
0.5742567,-0.5742566,78.54707,-0.009363836,12681.42,12.25,10.00045,7603.222,598.6458,0,0.5742608,0.5742566,4.16E-06,0.000184058,0.1116637,33.70981,6785.101,343236.2,6950.338,12681.42,59.68725,60.17424,59.66036,78.54546,0,0,13798.08,12681.42
0.57426,-0.574261,78.54707,-0.00936331,12681.42,12.25,10.00045,7603.222,598.6454,0,0.5742613,0.574261,2.69E-07,0.000184058,0.1116637,33.70792,6860.831,343160.4,6950.338,12681.42,59.68725,60.17424,59.66036,78.54546,0,0,13798.08,12681.42
0.5742754,-0.5742555,78.54707,-0.009361195,12681.42,12.25,10.00045,7603.222,598.6459,0,0.5742613,0.5742555,5.76E-06,0.000184058,0.1116637,33.7003,6803.458,343217.8,6950.341,12681.42,59.68725,60.17424,59.66036,78.54546,0,0,13798.08,12681.42
0.5742528,-0.5742629,78.54707,-0.009363941,12681.42,12.25,10.00045,7603.222,598.645,0,0.5742612,0.5742629,-1.70E-06,0.000184058,0.1116637,33.71019,6872.299,343148.9,6950.341,12681.42,59.68725,60.17424,59.66036,78.54546,0,0,13798.08,12681.42
0.5742746,-0.5742562,78.54707,-0.009360948,12681.43,12.25,10.00045,7603.223,598.6457,0,0.5742614,0.5742562,5.12E-06,0.000184058,0.1116637,33.69941,6819.523,343201.7,6950.344,12681.43,59.68725,60.17424,59.66036,78.54546,0,0,13798.08,12681.43
0.5742357,-0.5742584,78.54707,-0.009367448,12681.43,12.25,10.00045,7603.223,598.6453,0,0.5742609,0.5742584,2.41E-06,0.000184058,0.1116637,33.72281,6764.443,343128.3,6950.344,12681.43,59.68725,60.17424,59.66036,78.54546,0,0,13798.08,12681.43
0.5742704,-0.5742582,78.54707,-0.0093617,12681.43,12.25,10.00045,7603.223,598.6457,0,0.5742614,0.5742582,3.23E-06,0.000184058,0.1116637,33.70212,6840.179,343181,6950.347,12681.43,59.68725,60.17424,59.66036,78.54546,0,0,13798.08,12681.43
0.574259,-0.5742563,78.54707,-0.009363341,12681.44,12.25,10.00045,7603.224,598.6458,0,0.5742608,0.5742563,4.53E-06,0.000184058,0.1116637,33.70803,6785.104,343236.1,6950.349,12681.44,59.68725,60.17424,59.66036,78.54546,0,0,13798.08,12681.44
0.5742653,-0.5742609,78.54707,-0.009362059,12681.44,12.25,10.00045,7603.224,598.6454,0,0.5742614,0.5742609,4.80E-07,0.000184058,0.1116637,33.70341,6851.65,343169.5,6950.35,12681.44,59.68725,60.17424,59.66036,78.54546,0,0,13798.08,12681.44
0.5742632,-0.5742536,78.54707,-0.009362834,12681.45,12.25,10.00045,7603.224,598.6459,0,0.5742609,0.5742536,7.29E-06,0.000184058,0.1116637,33.7062,6791.991,343229.2,6950.352,12681.45,59.68725,60.17424,59.66036,78.54546,0,0,13798.08,12681.45
0.5742599,-0.5742607,78.54707,-0.00936316,12681.45,12.25,10.00045,7603.224,598.6454,0,0.5742613,0.5742607,6.26E-07,0.000184058,0.1116637,33.70737,6860.835,343160.3,6950.353,12681.45,59.68725,60.17424,59.66036,78.54546,0,0,13798.08,12681.45
0.5742759,-0.5742548,78.54707,-0.009361189,12681.45,12.25,10.00045,7603.225,598.646,0,0.5742613,0.5742548,6.54E-06,0.000184058,0.1116637,33.70028,6803.464,343217.7,6950.355,12681.45,59.68725,60.17424,59.66036,78.54546,0,0,13798.08,12681.45
0.574253,-0.5742626,78.54707,-0.009363956,12681.45,12.25,10.00045,7603.225,598.645,0,0.5742612,0.5742626,-1.40E-06,0.000184058,0.1116637,33.71024,6872.306,343148.8,6950.355,12681.45,59.68725,60.17424,59.66036,78.54546,0,0,13798.08,12681.45
0.5742739,-0.574255,78.54707,-0.009361153,12681.46,12.25,10.00045,7603.225,598.6458,0,0.5742613,0.574255,6.23E-06,0.000184058,0.1116637,33.70015,6812.645,343208.5,6950.358,12681.46,59.68725,60.17424,59.66036,78.54546,0,0,13798.08,12681.46
0.574244,-0.5742605,78.54707,-0.009365482,12681.46,12.25,10.00045,7603.225,598.6451,0,0.574261,0.5742605,5.65E-07,0.000184058,0.1116637,33.71574,6879.198,343141.9,6950.358,12681.46,59.68725,60.17424,59.66036,78.54546,0,0,13798.08,12681.46
0.5742738,-0.5742557,78.54707,-0.009361483,12681.46,12.25,10.00045,7603.226,598.6459,0,0.5742614,0.5742557,5.69E-06,0.000184058,0.1116637,33.70134,6826.417,343194.7,6950.361,12681.46,59.68725,60.17424,59.66036,78.54546,0,0,13798.08,12681.46
0.5742446,-0.5742577,78.54707,-0.009365703,12681.47,12.25,10.00045,7603.226,598.6456,0,0.5742609,0.5742577,3.12E-06,0.000184058,0.1116637,33.71653,6771.338,343249.8,6950.36,12681.47,59.68725,60.17424,59.66036,78.54546,0,0,13798.08,12681.47
0.5742711,-0.5742597,78.54707,-0.009361504,12681.47,12.25,10.00045,7603.226,598.6456,0,0.5742614,0.5742597,1.77E-06,0.000184058,0.1116637,33.70141,6837.888,343180.9,6950.364,12681.47,59.68725,60.17424,59.66036,78.54546,0,0,13798.08,12681.47
0.5742484,-0.5741956,78.54707,-0.009364929,12681.47,12.25,10.00045,7603.227,598.6458,0,0.5742607,0.5741956,6.51E-05,0.000184058,0.1116637,33.71375,6778.227,343242.9,6950.366,12681.47,59.68725,60.17424,59.66036,78.54546,0,0,13798.08,12681.47
0.5742676,-0.5742595,78.54707,-0.009362184,12681.47,12.25,10.00045,7603.227,598.6458,0,0.5742614,0.5742595,1.97E-06,0.000184058,0.1116637,33.70386,6847.072,343174,6950.367,12681.47,59.68725,60.17424,59.66036,78.54546,0,0,13798.08,12681.47
0.5742655,-0.5742545,78.54707,-0.00936258,12681.48,12.25,10.00045,7603.227,598.6461,0,0.574261,0.5742545,6.54E-06,0.000184058,0.1116637,33.70529,6791.997,343229.1,6950.369,12681.48,59.68725,60.17424,59.66036,78.54546,0,0,13798.08,12681.48
0.5742596,-0.574262,78.54707,-0.009362914,12681.48,12.25,10.00045,7603.227,598.6454,0,0.5742613,0.574262,-6.48E-07,0.000184058,0.1116637,33.70649,6862.214,343158.8,6950.37,12681.48,59.68725,60.17424,59.66036,78.54546,0,0,13798.08,12681.48
0.574273,-0.5742549,78.54707,-0.00936115,12681.48,12.25,10.00045,7603.228,598.6459,0,0.5742612,0.5742549,6.35E-06,0.000184058,0.1116637,33.70014,6805.765,343215.3,6950.372,12681.48,59.68725,60.17424,59.66036,78.54546,0,0,13798.08,12681.48
0.5742509,-0.5742615,78.54707,-0.009364279,12681.48,12.25,10.00045,7603.228,598.6452,0,0.5742611,0.5742615,-3.94E-07,0.000184058,0.1116637,33.7114,6874.608,343146.4,6950.372,12681.48,59.68725,60.17424,59.66036,78.54546,0,0,13798.08,12681.48
0.5742773,-0.5742592,78.54707,-0.009360087,12681.49,12.25,10.00045,7603.228,598.6455,0,0.5742615,0.5742592,2.36E-06,0.000184058,0.1116637,33.69631,6824.118,343196.9,6950.375,12681.49,59.68725,60.17424,59.66036,78.54546,0,0,13798.08,12681.49
0.5742371,-0.5742607,78.54707,-0.009366577,12681.49,12.25,10.00045,7603.229,598.6449,0,0.5742609,0.5742607,1.88E-07,0.000184058,0.1116637,33.71968,6764.454,343128.1,6950.375,12681.49,59.68725,60.17424,59.66036,78.54546,0,0,13798.08,12681.49
0.5742703,-0.5742595,78.54707,-0.009360886,12681.49,12.25,10.00045,7603.229,598.6453,0,0.5742614,0.5742595,1.90E-06,0.000184058,0.1116637,33.69919,6840.183,343180.8,6950.378,12681.49,59.68725,60.17424,59.66036,78.54546,0,0,13798.08,12681.49
0.5742552,-0.574255,78.54707,-0.009363452,12681.5,12.25,10.00045,7603.229,598.6456,0,0.5742608,0.574255,5.69E-06,0.000184058,0.1116637,33.70843,6785.117,343235.9,6950.38,12681.5,59.68725,60.17424,59.66036,78.54546,0,0,13798.08,12681.5
0.5742638,-0.5742595,78.54707,-0.00936228,12681.5,12.25,10.00045,7603.229,598.6454,0,0.5742614,0.5742595,1.82E-06,0.000184058,0.1116637,33.70421,6853.958,343167,6950.38,12681.5,59.68725,60.17424,59.66036,78.54546,0,0,13798.08,12681.5
0.5742734,-0.5742542,78.54707,-0.009361088,12681.5,12.25,10.00045,7603.23,598.6459,0,0.5742612,0.5742542,7.12E-06,0.000184058,0.1116637,33.69992,6805.769,343215.2,6950.383,12681.5,59.68725,60.17424,59.66036,78.54546,0,0,13798.08,12681.5
0.5742469,-0.5742605,78.54707,-0.0093649,12681.5,12.25,10.00045,7603.23,598.6451,0,0.5742611,0.5742605,5.39E-07,0.000184058,0.1116637,33.71364,6879.203,343141.8,6950.383,12681.5,59.68725,60.17424,59.66036,78.54546,0,0,13798.08,12681.5
0.5742746,-0.5742552,78.54707,-0.009360979,12681.51,12.25,10.00045,7603.23,598.6459,0,0.5742614,0.5742552,6.24E-06,0.000184058,0.1116637,33.69953,6819.54,343201.4,6950.386,12681.51,59.68725,60.17424,59.66036,78.54546,0,0,13798.08,12681.51
0.5742446,-0.5742581,78.54707,-0.009365212,12681.51,12.25,10.00045,7603.231,598.6455,0,0.5742609,0.5742581,2.72E-06,0.000184058,0.1116637,33.71476,6771.347,343249.6,6950.386,12681.51,59.68725,60.17424,59.66036,78.54546,0,0,13798.08,12681.51
0.5742728,-0.57426,78.54707,-0.009360781,12681.51,12.25,10.00045,7603.231,598.6455,0,0.5742615,0.57426,1.47E-06,0.000184058,0.1116637,33.69881,6837.893,343183.1,6950.389,12681.51,59.68725,60.17424,59.66036,78.54546,0,0,13798.08,12681.51
0.5742566,-0.5742565,78.54707,-0.009363272,12681.52,12.25,10.00045,7603.231,598.6456,0,0.5742608,0.5742565,4.26E-06,0.000184058,0.1116637,33.70778,6785.121,343235.8,6950.391,12681.52,59.68725,60.17424,59.66036,78.54546,0,0,13798.08,12681.52
0.5742639,-0.5742606,78.54707,-0.009362129,12681.52,12.25,10.00045,7603.231,598.6454,0,0.5742614,0.5742606,7.66E-07,0.000184058,0.1116637,33.70366,6853.96,343167,6950.392,12681.52,59.68725,60.17424,59.66036,78.54546,0,0,13798.08,12681.52
0.574272,-0.5742549,78.54707,-0.009361178,12681.52,12.25,10.00045,7603.232,598.6458,0,0.5742611,0.5742549,6.21E-06,0.000184058,0.1116637,33.70024,6796.592,343224.3,6950.394,12681.52,59.68725,60.17424,59.66036,78.54546,0,0,13798.08,12681.52
0.5742576,-0.574263,78.54707,-0.009362599,12681.52,12.25,10.00045,7603.232,598.6448,0,0.5742612,0.574263,-1.73E-06,0.000184058,0.1116637,33.70536,6865.428,343155.5,6950.395,12681.52,59.68725,60.17424,59.66036,78.54546,0,0,13798.08,12681.52
0.5742738,-0.5742551,78.54707,-0.00936061,12681.53,12.25,10.00045,7603.232,598.6456,0,0.5742613,0.5742551,6.20E-06,0.000184058,0.1116637,33.69819,6812.657,343208.3,6950.397,12681.53,59.68725,60.17424,59.66036,78.54546,0,0,13798.08,12681.53
0.5742407,-0.5742594,78.54707,-0.009365823,12681.53,12.25,10.00045,7603.232,598.645,0,0.574261,0.5742594,1.54E-06,0.000184058,0.1116637,33.71696,6886.094,343134.8,6950.397,12681.53,59.68725,60.17424,59.66036,78.54546,0,0,13798.08,12681.53
0.5742725,-0.5742571,78.54707,-0.009360964,12681.53,12.25,10.00045,7603.233,598.6457,0,0.5742614,0.5742571,4.38E-06,0.000184058,0.1116637,33.69947,6833.312,343187.6,6950.4,12681.53,59.68725,60.17424,59.66036,78.54546,0,0,13798.08,12681.53
0.5742517,-0.5741983,78.54707,-0.009363888,12681.54,12.25,10.00045,7603.233,598.6456,0,0.5742608,0.5741983,6.25E-05,0.000184058,0.1116637,33.71,6778.238,343242.7,6950.402,12681.54,59.68725,60.17424,59.66036,78.54546,0,0,13798.08,12681.54
0.5742686,-0.5742602,78.54707,-0.009361127,12681.54,12.25,10.00045,7603.233,598.6454,0,0.5742614,0.5742602,1.25E-06,0.000184058,0.1116637,33.70006,6844.782,343176.1,6950.403,12681.54,59.68725,60.17424,59.66036,78.54546,0,0,13798.08,12681.54
0.5742632,-0.5742536,78.54707,-0.009362389,12681.54,12.25,10.00045,7603.234,598.6458,0,0.5742609,0.5742536,7.36E-06,0.000184058,0.1116637,33.7046,6792.011,343228.8,6950.405,12681.54,59.68725,60.17424,59.66036,78.54546,0,0,13798.08,12681.54
0.5742555,-0.5742607,78.54707,-0.009363475,12681.54,12.25,10.00045,7603.234,598.6453,0,0.5742612,0.5742607,5.28E-07,0.000184058,0.1116637,33.70851,6867.736,343153.1,6950.406,12681.54,59.68725,60.17424,59.66036,78.54546,0,0,13798.08,12681.54
0.5742758,-0.5742547,78.54707,-0.009360759,12681.55,12.25,10.00045,7603.234,598.6459,0,0.5742613,0.5742547,6.60E-06,0.000184058,0.1116637,33.69873,6803.482,343217.4,6950.408,12681.55,59.68725,60.17424,59.66036,78.54546,0,0,13798.08,12681.55
0.5742529,-0.5742626,78.54707,-0.009363531,12681.55,12.25,10.00045,7603.234,598.6449,0,0.5742612,0.5742626,-1.34E-06,0.000184058,0.1116637,33.70871,6872.321,343148.5,6950.409,12681.55,59.68725,60.17424,59.66036,78.54546,0,0,13798.08,12681.55
0.5742746,-0.5742561,78.54707,-0.009360579,12681.55,12.25,10.00045,7603.235,598.6456,0,0.5742614,0.5742561,5.29E-06,0.000184058,0.1116637,33.69809,6819.547,343201.3,6950.411,12681.55,59.68725,60.17424,59.66036,78.54546,0,0,13798.08,12681.55
0.5742394,-0.5742599,78.54707,-0.009366101,12681.55,12.25,10.00045,7603.235,598.6451,0,0.574261,0.5742599,1.15E-06,0.000184058,0.1116637,33.71796,6886.101,343134.7,6950.412,12681.55,59.68725,60.17424,59.66036,78.54546,0,0,13798.08,12681.55
0.5742724,-0.5742568,78.54707,-0.009361203,12681.56,12.25,10.00045,7603.235,598.6458,0,0.5742614,0.5742568,4.56E-06,0.000184058,0.1116637,33.70033,6833.319,343187.5,6950.414,12681.56,59.68725,60.17424,59.66036,78.54546,0,0,13798.08,12681.56
0.5742517,-0.5741982,78.54707,-0.009364102,12681.56,12.25,10.00045,7603.236,598.6457,0,0.5742608,0.5741982,6.26E-05,0.000184058,0.1116637,33.71077,6778.244,343242.6,6950.417,12681.56,59.68725,60.17424,59.66036,78.54546,0,0,13798.08,12681.56
0.5742638,-0.5742608,78.54707,-0.009361922,12681.56,12.25,10.00045,7603.236,598.6454,0,0.5742613,0.5742608,4.91E-07,0.000184058,0.1116637,33.70292,6851.674,343169.1,6950.417,12681.56,59.68725,60.17424,59.66036,78.54546,0,0,13798.08,12681.56
0.574263,-0.5742532,78.54707,-0.009362648,12681.57,12.25,10.00045,7603.237,598.646,0,0.5742609,0.5742532,7.72E-06,0.000184058,0.1116637,33.70553,6792.017,343228.8,6950.419,12681.57,59.68725,60.17424,59.66036,78.54546,0,0,13798.08,12681.57
0.5742556,-0.5742605,78.54707,-0.009363687,12681.57,12.25,10.00045,7603.237,598.6455,0,0.5742612,0.5742605,7.11E-07,0.000184058,0.1116637,33.70927,6867.745,343153,6950.42,12681.57,59.68725,60.17424,59.66036,78.54546,0,0,13798.08,12681.57
0.5742767,-0.5742561,78.54707,-0.009360527,12681.57,12.25,10.00045,7603.237,598.646,0,0.5742614,0.5742561,5.25E-06,0.000184058,0.1116637,33.6979,6817.256,343203.5,6950.422,12681.57,59.68725,60.17424,59.66036,78.54546,0,0,13798.08,12681.57
0.5742415,-0.5742584,78.54707,-0.009365514,12681.58,12.25,10.00045,7603.238,598.6455,0,0.5742608,0.5742584,2.39E-06,0.000184058,0.1116637,33.71585,6771.362,343249.4,6950.422,12681.58,59.68725,60.17424,59.66036,78.54546,0,0,13798.08,12681.58
0.5742676,-0.5742599,78.54707,-0.009361585,12681.58,12.25,10.00045,7603.238,598.6456,0,0.5742614,0.5742599,1.46E-06,0.000184058,0.1116637,33.7017,6847.089,343173.7,6950.426,12681.58,59.68725,60.17424,59.66036,78.54546,0,0,13798.08,12681.58
0.5742728,-0.5742536,78.54707,-0.009361181,12681.58,12.25,10.00045,7603.238,598.6459,0,0.5742612,0.5742536,7.55E-06,0.000184058,0.1116637,33.70025,6796.605,343224.1,6950.428,12681.58,59.68725,60.17424,59.66036,78.54546,0,0,13798.08,12681.58
0.5742577,-0.5742628,78.54707,-0.009362579,12681.58,12.25,10.00045,7603.238,598.645,0,0.5742613,0.5742628,-1.50E-06,0.000184058,0.1116637,33.70528,6865.441,343155.3,6950.429,12681.58,59.68725,60.17424,59.66036,78.54546,0,0,13798.08,12681.58
0.5742719,-0.5742542,78.54707,-0.009360883,12681.59,12.25,10.00045,7603.239,598.6458,0,0.5742612,0.5742542,6.96E-06,0.000184058,0.1116637,33.69918,6805.787,343214.9,6950.431,12681.59,59.68725,60.17424,59.66036,78.54546,0,0,13798.08,12681.59
0.5742451,-0.5742604,78.54707,-0.009364765,12681.59,12.25,10.00045,7603.239,598.6451,0,0.574261,0.5742604,6.94E-07,0.000184058,0.1116637,33.71316,6879.219,343141.5,6950.431,12681.59,59.68725,60.17424,59.66036,78.54546,0,0,13798.08,12681.59
0.5742739,-0.5742558,78.54707,-0.009360779,12681.59,12.25,10.00045,7603.239,598.6459,0,0.5742614,0.5742558,5.61E-06,0.000184058,0.1116637,33.6988,6826.44,343194.3,6950.434,12681.59,59.68725,60.17424,59.66036,78.54546,0,0,13798.08,12681.59
0.5742517,-0.5741982,78.54707,-0.009363813,12681.6,12.25,10.00045,7603.24,598.6457,0,0.5742608,0.5741982,6.25E-05,0.000184058,0.1116637,33.70973,6778.251,343242.4,6950.437,12681.6,59.68725,60.17424,59.66036,78.54546,0,0,13798.08,12681.6
0.5742682,-0.5742602,78.54707,-0.00936108,12681.6,12.25,10.00045,7603.24,598.6455,0,0.5742614,0.5742602,1.26E-06,0.000184058,0.1116637,33.69989,6844.794,343175.9,6950.437,12681.6,59.68725,60.17424,59.66036,78.54546,0,0,13798.08,12681.6
0.5742683,-0.5742529,78.54707,-0.009361668,12681.6,12.25,10.00045,7603.24,598.6461,0,0.5742611,0.5742529,8.14E-06,0.000184058,0.1116637,33.702,6798.908,343221.8,6950.439,12681.6,59.68725,60.17424,59.66036,78.54546,0,0,13798.08,12681.6
0.5742508,-0.5742605,78.54707,-0.009364253,12681.6,12.25,10.00045,7603.24,598.6454,0,0.5742611,0.5742605,6.69E-07,0.000184058,0.1116637,33.71131,6874.635,343146,6950.44,12681.6,59.68725,60.17424,59.66036,78.54546,0,0,13798.08,12681.6
0.5742777,-0.5742567,78.54707,-0.009360163,12681.61,12.25,10.00045,7603.241,598.6459,0,0.5742614,0.5742567,4.79E-06,0.000184058,0.1116637,33.69659,6817.262,343203.4,6950.442,12681.61,59.68725,60.17424,59.66036,78.54546,0,0,13798.08,12681.61
0.5742372,-0.5742601,78.54707,-0.009366582,12681.62,12.25,10.00045,7603.241,598.6452,0,0.5742609,0.5742601,7.90E-07,0.000184058,0.1116637,33.7197,6764.48,343127.7,6950.442,12681.62,59.68725,60.17424,59.66036,78.54546,0,0,13798.08,12681.62
0.5742704,-0.5742593,78.54707,-0.009360878,12681.62,12.25,10.00045,7603.241,598.6456,0,0.5742614,0.5742593,2.12E-06,0.000184058,0.1116637,33.69916,6840.209,343180.4,6950.445,12681.62,59.68725,60.17424,59.66036,78.54546,0,0,13798.08,12681.62
0.5742617,-0.5742527,78.54707,-0.009362655,12681.62,12.25,10.00045,7603.242,598.646,0,0.5742609,0.5742527,8.20E-06,0.000184058,0.1116637,33.70556,6792.028,343228.6,6950.448,12681.62,59.68725,60.17424,59.66036,78.54546,0,0,13798.08,12681.62
0.5742598,-0.5742599,78.54707,-0.009362923,12681.62,12.25,10.00045,7603.242,598.6456,0,0.5742613,0.5742599,1.44E-06,0.000184058,0.1116637,33.70652,6860.87,343159.8,6950.448,12681.62,59.68725,60.17424,59.66036,78.54546,0,0,13798.08,12681.62
0.5742753,-0.574255,78.54707,-0.00936075,12681.63,12.25,10.00045,7603.242,598.6461,0,0.5742614,0.574255,6.27E-06,0.000184058,0.1116637,33.6987,6812.678,343207.9,6950.451,12681.63,59.68725,60.17424,59.66036,78.54546,0,0,13798.08,12681.63
0.5742464,-0.5742605,78.54707,-0.009364903,12681.63,12.25,10.00045,7603.242,598.6454,0,0.5742611,0.5742605,5.36E-07,0.000184058,0.1116637,33.71365,6879.229,343141.4,6950.451,12681.63,59.68725,60.17424,59.66036,78.54546,0,0,13798.08,12681.63
0.5742742,-0.5742562,78.54707,-0.009360911,12681.63,12.25,10.00045,7603.243,598.6462,0,0.5742614,0.5742562,5.16E-06,0.000184058,0.1116637,33.69928,6826.449,343194.1,6950.454,12681.63,59.68725,60.17424,59.66036,78.54546,0,0,13798.08,12681.63
0.5742518,-0.5741986,78.54707,-0.009363916,12681.64,12.25,10.00045,7603.243,598.6459,0,0.5742608,0.5741986,6.22E-05,0.000184058,0.1116637,33.7101,6778.259,343242.3,6950.456,12681.64,59.68725,60.17424,59.66036,78.54546,0,0,13798.08,12681.64
0.5742692,-0.5742605,78.54707,-0.009361075,12681.64,12.25,10.00045,7603.243,598.6458,0,0.5742614,0.5742605,8.91E-07,0.000184058,0.1116637,33.69987,6844.803,343175.8,6950.457,12681.64,59.68725,60.17424,59.66036,78.54546,0,0,13798.08,12681.64
0.5742633,-0.5742539,78.54707,-0.009362312,12681.64,12.25,10.00045,7603.244,598.6461,0,0.574261,0.5742539,7.01E-06,0.000184058,0.1116637,33.70432,6792.031,343228.5,6950.459,12681.64,59.68725,60.17424,59.66036,78.54546,0,0,13798.08,12681.64
0.5742556,-0.574261,78.54707,-0.009363369,12681.64,12.25,10.00045,7603.244,598.6456,0,0.5742612,0.574261,2.74E-07,0.000184058,0.1116637,33.70813,6867.756,343152.8,6950.459,12681.64,59.68725,60.17424,59.66036,78.54546,0,0,13798.08,12681.64
0.5742782,-0.5742575,78.54707,-0.009360055,12681.65,12.25,10.00045,7603.244,598.646,0,0.5742615,0.5742575,3.95E-06,0.000184058,0.1116637,33.6962,6817.268,343203.3,6950.462,12681.65,59.68725,60.17424,59.66036,78.54546,0,0,13798.08,12681.65
0.5742373,-0.5742607,78.54707,-0.009366479,12681.65,12.25,10.00045,7603.245,598.6452,0,0.5742609,0.5742607,2.89E-07,0.000184058,0.1116637,33.71932,6764.488,343127.5,6950.462,12681.65,59.68725,60.17424,59.66036,78.54546,0,0,13798.08,12681.65
0.5742704,-0.5742596,78.54707,-0.009360752,12681.65,12.25,10.00045,7603.245,598.6456,0,0.5742614,0.5742596,1.87E-06,0.000184058,0.1116637,33.69871,6840.216,343180.3,6950.465,12681.65,59.68725,60.17424,59.66036,78.54546,0,0,13798.08,12681.65
0.5742623,-0.5742528,78.54707,-0.009362428,12681.66,12.25,10.00045,7603.246,598.6461,0,0.5742609,0.5742528,8.12E-06,0.000184058,0.1116637,33.70474,6792.035,343228.5,6950.467,12681.66,59.68725,60.17424,59.66036,78.54546,0,0,13798.08,12681.66
0.5742599,-0.5742601,78.54707,-0.009362705,12681.66,12.25,10.00045,7603.246,598.6456,0,0.5742613,0.5742601,1.25E-06,0.000184058,0.1116637,33.70574,6860.875,343159.6,6950.468,12681.66,59.68725,60.17424,59.66036,78.54546,0,0,13798.08,12681.66
0.5742753,-0.5742552,78.54707,-0.009360536,12681.66,12.25,10.00045,7603.246,598.6462,0,0.5742614,0.5742552,6.17E-06,0.000184058,0.1116637,33.69793,6812.685,343207.8,6950.47,12681.66,59.68725,60.17424,59.66036,78.54546,0,0,13798.08,12681.66
0.5742471,-0.5742607,78.54707,-0.009364618,12681.66,12.25,10.00045,7603.246,598.6454,0,0.5742611,0.5742607,4.20E-07,0.000184058,0.1116637,33.71262,6879.233,343141.3,6950.471,12681.66,59.68725,60.17424,59.66036,78.54546,0,0,13798.08,12681.66
0.5742743,-0.5742565,78.54707,-0.009360657,12681.67,12.25,10.00045,7603.247,598.6462,0,0.5742614,0.5742565,4.94E-06,0.000184058,0.1116637,33.69837,6826.455,343194,6950.473,12681.67,59.68725,60.17424,59.66036,78.54546,0,0,13798.08,12681.67
0.5742447,-0.5742583,78.54707,-0.009364872,12681.67,12.25,10.00045,7603.247,598.6458,0,0.5742609,0.5742583,2.61E-06,0.000184058,0.1116637,33.71354,6771.381,343249.1,6950.473,12681.67,59.68725,60.17424,59.66036,78.54546,0,0,13798.08,12681.67
0.5742705,-0.5742611,78.54707,-0.009360644,12681.67,12.25,10.00045,7603.247,598.6456,0,0.5742615,0.5742611,3.85E-07,0.000184058,0.1116637,33.69832,6844.807,343175.7,6950.477,12681.67,59.68725,60.17424,59.66036,78.54546,0,0,13798.08,12681.67
0.5742635,-0.5742545,78.54707,-0.009361946,12681.68,12.25,10.00045,7603.248,598.646,0,0.574261,0.5742545,6.45E-06,0.000184058,0.1116637,33.70301,6792.037,343228.4,6950.479,12681.68,59.68725,60.17424,59.66036,78.54546,0,0,13798.08,12681.68
0.5742599,-0.5742611,78.54707,-0.009362266,12681.68,12.25,10.00045,7603.248,598.6454,0,0.5742613,0.5742611,1.42E-07,0.000184058,0.1116637,33.70416,6860.874,343159.6,6950.479,12681.68,59.68725,60.17424,59.66036,78.54546,0,0,13798.08,12681.68
0.5742771,-0.5742565,78.54707,-0.009359806,12681.68,12.25,10.00045,7603.248,598.6459,0,0.5742614,0.5742565,4.84E-06,0.000184058,0.1116637,33.6953,6810.39,343210,6950.482,12681.68,59.68725,60.17424,59.66036,78.54546,0,0,13798.08,12681.68
0.5742425,-0.5742617,78.54707,-0.009364878,12681.68,12.25,10.00045,7603.248,598.645,0,0.574261,0.5742617,-6.36E-07,0.000184058,0.1116637,33.71356,6886.114,343134.3,6950.482,12681.68,59.68725,60.17424,59.66036,78.54546,0,0,13798.08,12681.68
0.5742704,-0.5742595,78.54707,-0.009360292,12681.69,12.25,10.00045,7603.249,598.6454,0,0.5742614,0.5742595,1.94E-06,0.000184058,0.1116637,33.69705,6840.22,343180.2,6950.485,12681.69,59.68725,60.17424,59.66036,78.54546,0,0,13798.08,12681.69
0.5742558,-0.5742551,78.54707,-0.009362755,12681.69,12.25,10.00045,7603.249,598.6458,0,0.5742608,0.5742551,5.63E-06,0.000184058,0.1116637,33.70592,6785.156,343235.3,6950.487,12681.69,59.68725,60.17424,59.66036,78.54546,0,0,13798.08,12681.69
0.5742599,-0.5742601,78.54707,-0.009362222,12681.69,12.25,10.00045,7603.249,598.6454,0,0.5742613,0.5742601,1.20E-06,0.000184058,0.1116637,33.704,6860.877,343159.5,6950.488,12681.69,59.68725,60.17424,59.66036,78.54546,0,0,13798.08,12681.69
0.5742753,-0.5742552,78.54707,-0.009360085,12681.7,12.25,10.00045,7603.25,598.646,0,0.5742614,0.5742552,6.17E-06,0.000184058,0.1116637,33.69631,6812.689,343207.7,6950.49,12681.7,59.68725,60.17424,59.66036,78.54546,0,0,13798.08,12681.7
0.5742475,-0.5742609,78.54707,-0.009364119,12681.7,12.25,10.00045,7603.25,598.6453,0,0.5742611,0.5742609,2.17E-07,0.000184058,0.1116637,33.71083,6879.235,343141.1,6950.49,12681.7,59.68725,60.17424,59.66036,78.54546,0,0,13798.08,12681.7
0.5742705,-0.5742588,78.54707,-0.009360603,12681.7,12.25,10.00045,7603.25,598.6458,0,0.5742614,0.5742588,2.60E-06,0.000184058,0.1116637,33.69817,6840.226,343180.1,6950.493,12681.7,59.68725,60.17424,59.66036,78.54546,0,0,13798.08,12681.7
0.5742598,-0.5742567,78.54707,-0.009362123,12681.71,12.25,10.00045,7603.25,598.6458,0,0.5742608,0.5742567,4.15E-06,0.000184058,0.1116637,33.70364,6782.862,343235.2,6950.496,12681.71,59.68725,60.17424,59.66036,78.54546,0,0,13798.08,12681.71
0.5742624,-0.5742629,78.54707,-0.009361323,12681.71,12.25,10.00045,7603.25,598.6451,0,0.5742614,0.5742629,-1.49E-06,0.000184058,0.1116637,33.70076,6858.577,343161.8,6950.496,12681.71,59.68725,60.17424,59.66036,78.54546,0,0,13798.08,12681.71
0.5742719,-0.5742543,78.54707,-0.009360406,12681.71,12.25,10.00045,7603.251,598.6458,0,0.5742612,0.5742543,6.85E-06,0.000184058,0.1116637,33.69746,6805.811,343214.5,6950.499,12681.71,59.68725,60.17424,59.66036,78.54546,0,0,13798.08,12681.71
0.574244,-0.5742605,78.54707,-0.009364415,12681.71,12.25,10.00045,7603.251,598.6451,0,0.574261,0.5742605,5.35E-07,0.000184058,0.1116637,33.71189,6879.239,343141.1,6950.499,12681.71,59.68725,60.17424,59.66036,78.54546,0,0,13798.08,12681.71
0.5742741,-0.5742545,78.54707,-0.009360427,12681.72,12.25,10.00045,7603.251,598.6461,0,0.5742614,0.5742545,6.87E-06,0.000184058,0.1116637,33.69754,6819.581,343200.7,6950.501,12681.72,59.68725,60.17424,59.66036,78.54546,0,0,13798.08,12681.72
0.5742446,-0.5742577,78.54707,-0.009364637,12681.72,12.25,10.00045,7603.252,598.6456,0,0.5742609,0.5742577,3.13E-06,0.000184058,0.1116637,33.71269,6771.392,343248.9,6950.501,12681.72,59.68725,60.17424,59.66036,78.54546,0,0,13798.08,12681.72
0.5742671,-0.5742606,78.54707,-0.009360792,12681.72,12.25,10.00045,7603.252,598.6456,0,0.5742615,0.5742606,9.42E-07,0.000184058,0.1116637,33.69885,6844.817,343175.5,6950.504,12681.72,59.68725,60.17424,59.66036,78.54546,0,0,13798.08,12681.72
0.574263,-0.5742532,78.54707,-0.009361994,12681.73,12.25,10.00045,7603.253,598.6461,0,0.5742609,0.5742532,7.70E-06,0.000184058,0.1116637,33.70318,6792.048,343228.3,6950.507,12681.73,59.68725,60.17424,59.66036,78.54546,0,0,13798.08,12681.73
0.57426,-0.5742604,78.54707,-0.009362288,12681.73,12.25,10.00045,7603.253,598.6456,0,0.5742613,0.5742604,8.75E-07,0.000184058,0.1116637,33.70424,6860.885,343159.4,6950.507,12681.73,59.68725,60.17424,59.66036,78.54546,0,0,13798.08,12681.73
0.5742763,-0.5742555,78.54707,-0.009360077,12681.73,12.25,10.00045,7603.253,598.6461,0,0.5742614,0.5742555,5.92E-06,0.000184058,0.1116637,33.69628,6810.403,343209.9,6950.51,12681.73,59.68725,60.17424,59.66036,78.54546,0,0,13798.08,12681.73
0.5742372,-0.5742597,78.54707,-0.00936627,12681.74,12.25,10.00045,7603.254,598.6454,0,0.5742609,0.5742597,1.21E-06,0.000184058,0.1116637,33.71857,6764.507,343127.3,6950.51,12681.74,59.68725,60.17424,59.66036,78.54546,0,0,13798.08,12681.74
0.5742705,-0.5742591,78.54707,-0.009360556,12681.74,12.25,10.00045,7603.254,598.6458,0,0.5742614,0.5742591,2.31E-06,0.000184058,0.1116637,33.698,6840.233,343180,6950.513,12681.74,59.68725,60.17424,59.66036,78.54546,0,0,13798.08,12681.74
0.574268,-0.5742534,78.54707,-0.009361236,12681.74,12.25,10.00045,7603.254,598.6459,0,0.574261,0.5742534,7.59E-06,0.000184058,0.1116637,33.70045,6789.753,343230.5,6950.515,12681.74,59.68725,60.17424,59.66036,78.54546,0,0,13798.08,12681.74
0.574253,-0.5742626,78.54707,-0.00936278,12681.74,12.25,10.00045,7603.254,598.645,0,0.5742612,0.5742626,-1.42E-06,0.000184058,0.1116637,33.70601,6872.353,343147.9,6950.516,12681.74,59.68725,60.17424,59.66036,78.54546,0,0,13798.08,12681.74
0.5742739,-0.574255,78.54707,-0.009359941,12681.75,12.25,10.00045,7603.255,598.6458,0,0.5742613,0.574255,6.24E-06,0.000184058,0.1116637,33.69579,6812.7,343207.5,6950.518,12681.75,59.68725,60.17424,59.66036,78.54546,0,0,13798.08,12681.75
0.5742452,-0.5742604,78.54707,-0.009364144,12681.75,12.25,10.00045,7603.255,598.6451,0,0.574261,0.5742604,6.85E-07,0.000184058,0.1116637,33.71092,6879.245,343141,6950.519,12681.75,59.68725,60.17424,59.66036,78.54546,0,0,13798.08,12681.75
0.5742739,-0.5742558,78.54707,-0.00936016,12681.75,12.25,10.00045,7603.255,598.6459,0,0.5742614,0.5742558,5.60E-06,0.000184058,0.1116637,33.69658,6826.47,343193.7,6950.521,12681.75,59.68725,60.17424,59.66036,78.54546,0,0,13798.08,12681.75
0.574259,-0.5742562,78.54707,-0.009362187,12681.76,12.25,10.00045,7603.256,598.6459,0,0.5742608,0.5742562,4.61E-06,0.000184058,0.1116637,33.70387,6785.168,343235,6950.523,12681.76,59.68725,60.17424,59.66036,78.54546,0,0,13798.08,12681.76
0.5742649,-0.5742608,78.54707,-0.009360943,12681.76,12.25,10.00045,7603.256,598.6454,0,0.5742614,0.5742608,5.94E-07,0.000184058,0.1116637,33.69939,6851.706,343168.5,6950.524,12681.76,59.68725,60.17424,59.66036,78.54546,0,0,13798.08,12681.76
0.5742683,-0.574253,78.54707,-0.009361056,12681.76,12.25,10.00045,7603.256,598.6461,0,0.5742611,0.574253,8.13E-06,0.000184058,0.1116637,33.6998,6798.939,343221.2,6950.526,12681.76,59.68725,60.17424,59.66036,78.54546,0,0,13798.08,12681.76
0.5742508,-0.5742605,78.54707,-0.009363642,12681.76,12.25,10.00045,7603.256,598.6454,0,0.5742611,0.5742605,6.62E-07,0.000184058,0.1116637,33.70911,6874.661,343145.5,6950.527,12681.76,59.68725,60.17424,59.66036,78.54546,0,0,13798.08,12681.76
0.5742754,-0.5742592,78.54707,-0.009359614,12681.77,12.25,10.00045,7603.257,598.6458,0,0.5742615,0.5742592,2.25E-06,0.000184058,0.1116637,33.69461,6831.057,343189.1,6950.53,12681.77,59.68725,60.17424,59.66036,78.54546,0,0,13798.08,12681.77
0.5742489,-0.5741969,78.54707,-0.009363363,12681.78,12.25,10.00045,7603.257,598.6456,0,0.5742607,0.5741969,6.38E-05,0.000184058,0.1116637,33.70811,6778.288,343241.8,6950.532,12681.78,59.68725,60.17424,59.66036,78.54546,0,0,13798.08,12681.78
0.5742639,-0.5742607,78.54707,-0.009361183,12681.78,12.25,10.00045,7603.257,598.6454,0,0.5742614,0.5742607,6.46E-07,0.000184058,0.1116637,33.70026,6854.005,343166.1,6950.533,12681.78,59.68725,60.17424,59.66036,78.54546,0,0,13798.08,12681.78
0.5742671,-0.5742521,78.54707,-0.009361382,12681.78,12.25,10.00045,7603.258,598.6462,0,0.574261,0.5742521,8.92E-06,0.000184058,0.1116637,33.70098,6798.944,343221.2,6950.535,12681.78,59.68725,60.17424,59.66036,78.54546,0,0,13798.08,12681.78
0.5742508,-0.5742599,78.54707,-0.009363929,12681.78,12.25,10.00045,7603.258,598.6456,0,0.5742611,0.5742599,1.30E-06,0.000184058,0.1116637,33.71014,6874.668,343145.4,6950.536,12681.78,59.68725,60.17424,59.66036,78.54546,0,0,13798.08,12681.78
0.5742751,-0.5742575,78.54707,-0.009359992,12681.79,12.25,10.00045,7603.258,598.6461,0,0.5742614,0.5742575,3.98E-06,0.000184058,0.1116637,33.69597,6826.475,343193.6,6950.538,12681.79,59.68725,60.17424,59.66036,78.54546,0,0,13798.08,12681.79
0.5742407,-0.5742575,78.54707,-0.009365071,12681.79,12.25,10.00045,7603.259,598.6458,0,0.5742608,0.5742575,3.29E-06,0.000184058,0.1116637,33.71425,6771.406,343248.7,6950.538,12681.79,59.68725,60.17424,59.66036,78.54546,0,0,13798.08,12681.79
0.5742676,-0.5742594,78.54707,-0.009361086,12681.79,12.25,10.00045,7603.259,598.6459,0,0.5742614,0.5742594,2.02E-06,0.000184058,0.1116637,33.69991,6847.129,343173,6950.541,12681.79,59.68725,60.17424,59.66036,78.54546,0,0,13798.08,12681.79
0.5742754,-0.5742554,78.54707,-0.009360051,12681.8,12.25,10.00045,7603.259,598.6463,0,0.5742614,0.5742554,5.95E-06,0.000184058,0.1116637,33.69618,6810.416,343207.4,6950.543,12681.8,59.68725,60.17424,59.66036,78.54546,0,0,13798.08,12681.8
0.5742426,-0.5742605,78.54707,-0.009365061,12681.8,12.25,10.00045,7603.259,598.6456,0,0.574261,0.5742605,4.78E-07,0.000184058,0.1116637,33.71422,6886.141,343133.9,6950.544,12681.8,59.68725,60.17424,59.66036,78.54546,0,0,13798.08,12681.8
0.574271,-0.5742593,78.54707,-0.009360356,12681.8,12.25,10.00045,7603.26,598.6459,0,0.5742614,0.5742593,2.15E-06,0.000184058,0.1116637,33.69728,6840.245,343179.8,6950.547,12681.8,59.68725,60.17424,59.66036,78.54546,0,0,13798.08,12681.8
0.5742691,-0.5742553,78.54707,-0.009360949,12681.81,12.25,10.00045,7603.26,598.6461,0,0.574261,0.5742553,5.72E-06,0.000184058,0.1116637,33.69941,6789.766,343230.3,6950.549,12681.81,59.68725,60.17424,59.66036,78.54546,0,0,13798.08,12681.81
0.5742625,-0.5742633,78.54707,-0.009360994,12681.81,12.25,10.00045,7603.26,598.6452,0,0.5742614,0.5742633,-1.97E-06,0.000184058,0.1116637,33.69958,6858.594,343161.4,6950.55,12681.81,59.68725,60.17424,59.66036,78.54546,0,0,13798.08,12681.81
0.5742719,-0.5742546,78.54707,-0.009360054,12681.81,12.25,10.00045,7603.261,598.6459,0,0.5742612,0.5742546,6.58E-06,0.000184058,0.1116637,33.69619,6805.829,343214.2,6950.552,12681.81,59.68725,60.17424,59.66036,78.54546,0,0,13798.08,12681.81
0.5742447,-0.5742608,78.54707,-0.009364001,12681.81,12.25,10.00045,7603.261,598.6452,0,0.5742611,0.5742608,3.08E-07,0.000184058,0.1116637,33.71041,6879.255,343140.8,6950.552,12681.81,59.68725,60.17424,59.66036,78.54546,0,0,13798.08,12681.81
0.5742739,-0.5742559,78.54707,-0.00936001,12681.82,12.25,10.00045,7603.262,598.6461,0,0.5742614,0.5742546,6.73E-06,0.000184058,0.1116637,33.69608,6819.599,343200.4,6950.555,12681.82,59.68725,60.17424,59.66036,78.54546,0,0,13798.08,12681.82
0.5742446,-0.5742579,78.54707,-0.009364235,12681.82,12.25,10.00045,7603.262,598.6457,0,0.5742609,0.5742579,3.03E-06,0.000184058,0.1116637,33.71125,6771.412,343248.6,6950.555,12681.82,59.68725,60.17424,59.66036,78.54546,0,0,13798.08,12681.82
0.5742644,-0.5742608,78.54707,-0.009360822,12681.82,12.25,10.00045,7603.262,598.6456,0,0.5742614,0.5742608,5.44E-07,0.000184058,0.1116637,33.69896,6851.718,343168.3,6950.558,12681.82,59.68725,60.17424,59.66036,78.54546,0,0,13798.08,12681.82
0.5742631,-0.5742534,78.54707,-0.00936157,12681.83,12.25,10.00045,7603.263,598.6461,0,0.5742609,0.5742534,7.55E-06,0.000184058,0.1116637,33.70165,6792.068,343227.9,6950.56,12681.83,59.68725,60.17424,59.66036,78.54546,0,0,13798.08,12681.83
0.5742459,-0.57426,78.54707,-0.009364457,12681.83,12.25,10.00045,7603.263,598.6456,0,0.5742611,0.57426,1.07E-06,0.000184058,0.1116637,33.71204,6881.558,343138.4,6950.561,12681.83,59.68725,60.17424,59.66036,78.54546,0,0,13798.08,12681.83
0.5742767,-0.5742577,78.54707,-0.00935939,12681.83,12.25,10.00045,7603.263,598.646,0,0.5742615,0.5742577,3.78E-06,0.000184058,0.1116637,33.6938,6824.187,343195.8,6950.563,12681.83,59.68725,60.17424,59.66036,78.54546,0,0,13798.08,12681.83
0.5742489,-0.5741967,78.54707,-0.009363227,12681.84,12.25,10.00045,7603.264,598.6457,0,0.5742607,0.5741967,6.40E-05,0.000184058,0.1116637,33.70761,6778.3,343241.7,6950.566,12681.84,59.68725,60.17424,59.66036,78.54546,0,0,13798.08,12681.84
0.5742675,-0.5742601,78.54707,-0.009360525,12681.84,12.25,10.00045,7603.264,598.6457,0,0.5742614,0.5742601,1.34E-06,0.000184058,0.1116637,33.69789,6847.133,343172.8,6950.566,12681.84,59.68725,60.17424,59.66036,78.54546,0,0,13798.08,12681.84
0.5742753,-0.5742555,78.54707,-0.009359572,12681.84,12.25,10.00045,7603.264,598.6459,0,0.5742613,0.5742555,5.79E-06,0.000184058,0.1116637,33.69446,6803.538,343216.4,6950.569,12681.84,59.68725,60.17424,59.66036,78.54546,0,0,13798.08,12681.84
0.5742481,-0.5742626,78.54707,-0.009363137,12681.84,12.25,10.00045,7603.264,598.645,0,0.5742611,0.5742626,-1.49E-06,0.000184058,0.1116637,33.70729,6879.252,343140.7,6950.569,12681.84,59.68725,60.17424,59.66036,78.54546,0,0,13798.08,12681.84
0.5742726,-0.5742586,78.54707,-0.009359342,12681.85,12.25,10.00045,7603.265,598.6455,0,0.5742614,0.5742586,2.79E-06,0.000184058,0.1116637,33.69363,6833.365,343186.5,6950.572,12681.85,59.68725,60.17424,59.66036,78.54546,0,0,13798.08,12681.85
0.5742557,-0.5742552,78.54707,-0.009362078,12681.85,12.25,10.00045,7603.265,598.6458,0,0.5742608,0.5742552,5.58E-06,0.000184058,0.1116637,33.70348,6785.188,343234.7,6950.574,12681.85,59.68725,60.17424,59.66036,78.54546,0,0,13798.08,12681.85
0.5742639,-0.5742597,78.54707,-0.009360916,12681.85,12.25,10.00045,7603.265,598.6456,0,0.5742614,0.5742597,1.64E-06,0.000184058,0.1116637,33.6993,6854.019,343165.9,6950.575,12681.85,59.68725,60.17424,59.66036,78.54546,0,0,13798.08,12681.85
0.5742752,-0.5742552,78.54707,-0.009359425,12681.86,12.25,10.00045,7603.266,598.646,0,0.5742614,0.5742552,6.18E-06,0.000184058,0.1116637,33.69393,6812.72,343207.2,6950.578,12681.86,59.68725,60.17424,59.66036,78.54546,0,0,13798.08,12681.86
0.5742429,-0.5742602,78.54707,-0.00936437,12681.86,12.25,10.00045,7603.266,598.6453,0,0.574261,0.5742602,8.41E-07,0.000184058,0.1116637,33.71173,6886.146,343133.7,6950.578,12681.86,59.68725,60.17424,59.66036,78.54546,0,0,13798.08,12681.86
0.5742729,-0.574258,78.54707,-0.009359587,12681.86,12.25,10.00045,7603.266,598.6458,0,0.5742614,0.574258,3.44E-06,0.000184058,0.1116637,33.69451,6833.37,343186.5,6950.581,12681.86,59.68725,60.17424,59.66036,78.54546,0,0,13798.08,12681.86
0.574259,-0.5742568,78.54707,-0.009361514,12681.87,12.25,10.00045,7603.267,598.6458,0,0.5742608,0.5742568,4.08E-06,0.000184058,0.1116637,33.70145,6782.895,343234.7,6950.583,12681.87,59.68725,60.17424,59.66036,78.54546,0,0,13798.08,12681.87
0.5742623,-0.5742627,78.54707,-0.009360675,12681.87,12.25,10.00045,7603.267,598.6451,0,0.5742614,0.5742627,-1.32E-06,0.000184058,0.1116637,33.69843,6858.604,343161.2,6950.583,12681.87,59.68725,60.17424,59.66036,78.54546,0,0,13798.08,12681.87
0.5742739,-0.574255,78.54707,-0.009359437,12681.87,12.25,10.00045,7603.267,598.6458,0,0.5742612,0.5742542,6.97E-06,0.000184058,0.1116637,33.6951,6805.841,343214,6950.586,12681.87,59.68725,60.17424,59.66036,78.54546,0,0,13798.08,12681.87
0.5742394,-0.5742599,78.54707,-0.00936481,12681.87,12.25,10.00045,7603.267,598.6452,0,0.574261,0.5742599,1.14E-06,0.000184058,0.1116637,33.71332,6886.15,343133.7,6950.586,12681.87,59.68725,60.17424,59.66036,78.54546,0,0,13798.08,12681.87
0.5742738,-0.5742556,78.54707,-0.009359793,12681.88,12.25,10.00045,7603.268,598.646,0,0.5742614,0.5742556,5.73E-06,0.000184058,0.1116637,33.69525,6826.493,343193.3,6950.589,12681.88,59.68725,60.17424,59.66036,78.54546,0,0,13798.08,12681.88
0.574259,-0.5742561,78.54707,-0.009361818,12681.88,12.25,10.00045,7603.268,598.6459,0,0.5742608,0.5742561,4.71E-06,0.000184058,0.1116637,33.70255,6785.194,343234.6,6950.591,12681.88,59.68725,60.17424,59.66036,78.54546,0,0,13798.08,12681.88
0.5742559,-0.5742611,78.54707,-0.009361958,12681.88,12.25,10.00045,7603.268,598.6454,0,0.5742613,0.5742611,1.78E-07,0.000184058,0.1116637,33.7005,6858.613,343161.2,6950.592,12681.88,59.68725,60.17424,59.66036,78.54546,0,0,13798.08,12681.88
0.5742719,-0.574253,78.54707,-0.009360242,12681.89,12.25,10.00045,7603.269,598.6462,0,0.5742612,0.574253,8.15E-06,0.000184058,0.1116637,33.69687,6805.847,343213.9,6950.594,12681.89,59.68725,60.17424,59.66036,78.54546,0,0,13798.08,12681.89
0.5742458,-0.5742599,78.54707,-0.009364267,12681.89,12.25,10.00045,7603.269,598.6456,0,0.5742611,0.5742599,1.17E-06,0.000184058,0.1116637,33.71136,6881.569,343138.2,6950.595,12681.89,59.68725,60.17424,59.66036,78.54546,0,0,13798.08,12681.89
0.5742725,-0.5742598,78.54707,-0.009359561,12681.89,12.25,10.00045,7603.27,598.6459,0,0.5742615,0.5742587,2.81E-06,0.000184058,0.1116637,33.69359,6831.081,343188.7,6950.597,12681.89,59.68725,60.17424,59.66036,78.54546,0,0,13798.08,12681.89
0.5742566,-0.5742564,78.54707,-0.009362024,12681.9,12.25,10.00045,7603.27,598.6459,0,0.5742608,0.5742564,4.41E-06,0.000184058,0.1116637,33.70329,6785.198,343234.6,6950.6,12681.9,59.68725,60.17424,59.66036,78.54546,0,0,13798.08,12681.9
0.5742555,-0.574261,78.54707,-0.009362255,12681.9,12.25,10.00045,7603.27,598.6455,0,0.5742612,0.574261,2.60E-07,0.000184058,0.1116637,33.70412,6867.797,343151.9,6950.6,12681.9,59.68725,60.17424,59.66036,78.54546,0,0,13798.08,12681.9
0.574278,-0.574257,78.54707,-0.009358906,12681.9,12.25,10.00045,7603.271,598.6459,0,0.5742614,0.574257,4.49E-06,0.000184058,0.1116637,33.69206,6817.315,343202.4,6950.603,12681.9,59.68725,60.17424,59.66036,78.54546,0,0,13798.08,12681.9
0.5742372,-0.5742604,78.54707,-0.009365303,12681.91,12.25,10.00045,7603.271,598.6451,0,0.5742609,0.5742604,5.57E-07,0.000184058,0.1116637,33.71509,6764.542,343126.7,6950.603,12681.91,59.68725,60.17424,59.66036,78.54546,0,0,13798.08,12681.91
0.5742704,-0.5742594,78.54707,-0.009359561,12681.91,12.25,10.00045,7603.271,598.6455,0,0.5742614,0.5742594,2.05E-06,0.000184058,0.1116637,33.69442,6840.26,343179.4,6950.606,12681.91,59.68725,60.17424,59.66036,78.54546,0,0,13798.08,12681.91
0.5742555,-0.574255,78.54707,-0.009362049,12681.92,12.25,10.00045,7603.271,598.6458,0,0.5742608,0.574255,5.73E-06,0.000184058,0.1116637,33.70338,6785.201,343234.5,6950.608,12681.92,59.68725,60.17424,59.66036,78.54546,0,0,13798.08,12681.92
0.5742598,-0.57426,78.54707,-0.009361498,12681.92,12.25,10.00045,7603.271,598.6455,0,0.5742613,0.57426,1.30E-06,0.000184058,0.1116637,33.70139,6860.916,343158.8,6950.609,12681.92,59.68725,60.17424,59.66036,78.54546,0,0,13798.08,12681.92
0.5742753,-0.5742551,78.54707,-0.00935935,12681.92,12.25,10.00045,7603.272,598.6461,0,0.5742614,0.5742551,6.22E-06,0.000184058,0.1116637,33.69366,6812.732,343206.9,6950.611,12681.92,59.68725,60.17424,59.66036,78.54546,0,0,13798.08,12681.92
0.5742368,-0.574259,78.54707,-0.009365607,12681.92,12.25,10.00045,7603.272,598.6454,0,0.574261,0.57426,1.00E-06,0.000184058,0.1116637,33.71206,6886.159,343133.5,6950.611,12681.92,59.68725,60.17424,59.66036,78.54546,0,0,13798.08,12681.92
0.5742728,-0.5742577,78.54707,-0.009359621,12681.92,12.25,10.00045,7603.272,598.6459,0,0.5742614,0.5742577,3.76E-06,0.000184058,0.1116637,33.69464,6833.383,343186.3,6950.614,12681.92,59.68725,60.17424,59.66036,78.54546,0,0,13798.08,12681.92
0.5742654,-0.5742545,78.54707,-0.009360694,12681.93,12.25,10.00045,7603.273,598.6461,0,0.574261,0.5742545,6.50E-06,0.000184058,0.1116637,33.6985,6789.792,343227.6,6950.617,12681.93,59.68725,60.17424,59.66036,78.54546,0,0,13798.08,12681.93
0.5742622,-0.5742623,78.54707,-0.009360695,12681.93,12.25,10.00045,7603.273,598.6453,0,0.5742614,0.5742623,-9.95E-07,0.000184058,0.1116637,33.69851,6858.617,343161,6950.617,12681.93,59.68725,60.17424,59.66036,78.54546,0,0,13798.08,12681.93
0.574274,-0.5742549,78.54707,-0.00935944,12681.94,12.25,10.00045,7603.273,598.646,0,0.5742613,0.5742549,6.38E-06,0.000184058,0.1116637,33.69398,6812.736,343206.9,6950.62,12681.94,59.68725,60.17424,59.66036,78.54546,0,0,13798.08,12681.94
0.5742387,-0.5742596,78.54707,-0.009364844,12681.94,12.25,10.00045,7603.273,598.6454,0,0.5742609,0.5742596,1.29E-06,0.000184058,0.1116637,33.71344,6886.164,343133.5,6950.62,12681.94,59.68725,60.17424,59.66036,78.54546,0,0,13798.08,12681.94
0.5742702,-0.5742579,78.54707,-0.009360185,12681.94,12.25,10.00045,7603.274,598.646,0,0.5742614,0.5742579,3.51E-06,0.000184058,0.1116637,33.69667,6840.272,343179.3,6950.623,12681.94,59.68725,60.17424,59.66036,78.54546,0,0,13798.08,12681.94
0.5742591,-0.5742561,78.54707,-0.009361796,12681.95,12.25,10.00045,7603.274,598.6461,0,0.5742608,0.5742561,4.70E-06,0.000184058,0.1116637,33.70247,6785.207,343234.4,6950.625,12681.95,59.68725,60.17424,59.66036,78.54546,0,0,13798.08,12681.95
0.5742555,-0.5742613,78.54707,-0.009361956,12681.95,12.25,10.00045,7603.274,598.6455,0,0.5742612,0.5742613,-6.31E-08,0.000184058,0.1116637,33.70304,6865.51,343154.1,6950.625,12681.95,59.68725,60.17424,59.66036,78.54546,0,0,13798.08,12681.95
0.5742739,-0.5742539,78.54707,-0.009359889,12681.95,12.25,10.00045,7603.275,598.6464,0,0.5742613,0.5742539,7.41E-06,0.000184058,0.1116637,33.6956,6812.743,343206.8,6950.628,12681.95,59.68725,60.17424,59.66036,78.54546,0,0,13798.08,12681.95
0.5742447,-0.5742581,78.54707,-0.009363914,12681.96,12.25,10.00045,7603.275,598.6458,0,0.574261,0.5742592,1.81E-06,0.000184058,0.1116637,33.71503,6764.552,343131.1,6950.628,12681.96,59.68725,60.17424,59.66036,78.54546,0,0,13798.08,12681.96
0.5742692,-0.5742605,78.54707,-0.009359878,12681.96,12.25,10.00045,7603.275,598.6459,0,0.5742614,0.5742605,8.92E-07,0.000184058,0.1116637,33.69556,6844.859,343174.7,6950.631,12681.96,59.68725,60.17424,59.66036,78.54546,0,0,13798.08,12681.96
0.5742685,-0.5742534,78.54707,-0.009360454,12681.96,12.25,10.00045,7603.276,598.6463,0,0.5742611,0.5742534,7.69E-06,0.000184058,0.1116637,33.69764,6798.978,343220.6,6950.634,12681.96,59.68725,60.17424,59.66036,78.54546,0,0,13798.08,12681.96
0.5742509,-0.5742608,78.54707,-0.009363034,12681.96,12.25,10.00045,7603.276,598.6457,0,0.5742612,0.574261,2.75E-07,0.000184058,0.1116637,33.70382,6867.809,343151.8,6950.634,12681.96,59.68725,60.17424,59.66036,78.54546,0,0,13798.08,12681.96
0.5742781,-0.5742589,78.54707,-0.00935869,12681.97,12.25,10.00045,7603.276,598.6459,0,0.5742615,0.5742589,2.62E-06,0.000184058,0.1116637,33.69128,6824.21,343195.3,6950.637,12681.97,59.68725,60.17424,59.66036,78.54546,0,0,13798.08,12681.97
0.574249,-0.5741975,78.54707,-0.009362569,12681.97,12.25,10.00045,7603.277,598.6454,0,0.5742608,0.5742595,1.29E-06,0.000184058,0.1116637,33.70963,6771.442,343248.1,6950.636,12681.97,59.68725,60.17424,59.66036,78.54546,0,0,13798.08,12681.97
0.5742674,-0.5742605,78.54707,-0.009359851,12681.97,12.25,10.00045,7603.277,598.6455,0,0.5742614,0.5742605,9.33E-07,0.000184058,0.1116637,33.69547,6847.155,343172.4,6950.64,12681.97,59.68725,60.17424,59.66036,78.54546,0,0,13798.08,12681.97
0.5742676,-0.5742523,78.54707,-0.009360472,12681.98,12.25,10.00045,7603.278,598.6461,0,0.5742609,0.5742528,8.07E-06,0.000184058,0.1116637,33.70009,6792.098,343227.4,6950.642,12681.98,59.68725,60.17424,59.66036,78.54546,0,0,13798.08,12681.98
0.5742513,-0.57426,78.54707,-0.009362888,12681.98,12.25,10.00045,7603.278,598.6456,0,0.5742611,0.57426,1.13E-06,0.000184058,0.1116637,33.7064,6874.698,343151.8,6950.643,12681.98,59.68725,60.17424,59.66036,78.54546,0,0,13798.08,12681.98
0.5742753,-0.5742578,78.54707,-0.009359001,12681.98,12.25,10.00045,7603.278,598.646,0,0.5742614,0.5742578,3.67E-06,0.000184058,0.1116637,33.69241,6826.509,343193,6950.645,12681.98,59.68725,60.17424,59.66036,78.54546,0,0,13798.08,12681.98
0.5742564,-0.5742558,78.54707,-0.009361777,12681.99,12.25,10.00045,7603.279,598.6461,0,0.5742608,0.5742558,4.95E-06,0.000184058,0.1116637,33.70239,6785.215,343234.3,6950.647,12681.99,59.68725,60.17424,59.66036,78.54546,0,0,13798.08,12681.99
0.5742556,-0.5742607,78.54707,-0.00936198,12681.99,12.25,10.00045,7603.279,598.6457,0,0.5742613,0.5742606,7.09E-07,0.000184058,0.1116637,33.70043,6860.928,343158.5,6950.648,12681.99,59.68725,60.17424,59.66036,78.54546,0,0,13798.08,12681.99
0.5742767,-0.5742577,78.54707,-0.009358748,12681.99,12.25,10.00045,7603.279,598.6461,0,0.5742615,0.5742577,3.75E-06,0.000184058,0.1116637,33.69149,6824.216,343195.3,6950.651,12681.99,59.68725,60.17424,59.66036,78.54546,0,0,13798.08,12681.99
0.5742415,-0.5742587,78.54707,-0.009363804,12682,12.25,10.00045,7603.28,598.6454,0,0.5742609,0.5742599,9.68E-07,0.000184058,0.1116637,33.71471,6764.561,343126.4,6950.651,12682,59.68725,60.17424,59.66036,78.54546,0,0,13798.08,12682
0.574264,-0.5742607,78.54707,-0.009360407,12682,12.25,10.00045,7603.28,598.6457,0,0.5742614,0.5742601,1.34E-06,0.000184058,0.1116637,33.6956,6847.161,343172.3,6950.654,12682,59.68725,60.17424,59.66036,78.54546,0,0,13798.08,12682
0.574267,-0.5742551,78.54707,-0.01804684,12682,12.25,10.00045,6721.459,598.646,0,0.5742611,0.5742549,6.27E-06,0.000184058,0.1116637,33.0198,6827.412,343198.4,6950.656,12682,59.68725,60.17424,59.66036,78.54546,0,0,13798.08,12682
0.5741771,-0.5742434,78.54707,-0.01901345,12682,12.25,10.00045,6721.459,598.6471,0,0.5742602,0.5742467,1.34E-05,0.000184058,0.1116637,31.58451,6990.167,343036.3,6950.655,12682,59.68725,60.17424,59.66036,78.54546,0,0,13798.08,12682
0.5741382,-0.5741999,78.54707,-0.0203739,12682.01,12.25,10.00045,6721.46,598.6551,0,0.5742592,0.5742033,5.59E-05,0.000184058,0.1116637,30.47653,7024.712,343002.8,6950.655,12682.01,59.68725,60.17424,59.66036,78.54546,0,0,13798.08,12682.01
0.5740183,-0.574142,78.54707,-0.02203843,12682.01,12.25,10.00045,6721.46,598.6685,0,0.5742571,0.5741491,0.000108035,0.000184058,0.1116637,29.58806,7190.282,342838.5,6950.651,12682.01,59.68725,60.17424,59.66036,78.54546,0,0,13798.08,12682.01
0.5739823,-0.5740771,78.54707,-0.02383331,12682.01,12.25,10.00045,6721.461,598.691,0,0.5742561,0.5740771,0.000179,0.000184058,0.1116637,28.85974,7247.265,342783,6950.649,12682.01,59.68725,60.17424,59.66036,78.54546,0,0,13798.08,12682.01
0.5738446,-0.573998,78.54707,-0.02597303,12682.02,12.25,10.00045,6721.461,598.7207,0,0.5742536,0.573998,0.000255523,0.000184058,0.1116637,28.33505,7325.475,342582.6,6950.644,12682.02,59.68725,60.17424,59.66036,78.54546,0,0,13798.08,12682.02
0.5737655,-0.5739008,78.54707,-0.02839982,12682.02,12.25,10.00045,6721.461,598.7596,0,0.5742521,0.5739086,0.000343517,0.000184058,0.1116637,27.94606,7538.678,342495,6950.64,12682.02,59.68725,60.17424,59.66036,78.54546,0,0,13798.08,12682.02
0.5736057,-0.5737241,78.54707,-0.03092002,12682.02,12.25,10.00045,6721.462,598.8199,0,0.5742486,0.5737241,0.000524459,0.000184058,0.1116637,27.71679,7698.352,342337.5,6950.634,12682.02,59.68725,60.17424,59.66036,78.54546,0,0,13798.08,12682.02
0.5734965,-0.5736704,78.54707,-0.03046675,12682.02,12.25,10.00045,6721.462,598.8776,0,0.574247,0.5736805,0.000566472,0.000184058,0.1116637,27.66747,7927.765,342108.1,6950.627,12682.02,59.68725,60.17424,59.66036,78.54546,0,0,13798.08,12682.02
0.5733486,-0.5735314,78.54707,-0.02924253,12682.03,12.25,10.00045,6721.462,598.9584,0,0.5742435,0.5734856,0.000757915,0.000184058,0.1116637,27.76843,8061.332,341973.8,6950.62,12682.03,59.68725,60.17424,59.66036,78.54546,0,0,13798.08,12682.03
0.5732528,-0.5734183,78.54707,-0.02698708,12682.03,12.25,10.00045,6721.462,599.0459,0,0.5742421,0.5734282,0.000813968,0.000184058,0.1116637,27.97029,8289.709,341743.9,6950.612,12682.03,59.68725,60.17424,59.66036,78.54546,0,0,13798.08,12682.03
0.5731604,-0.5733038,78.54707,-0.02506157,12682.03,12.25,10.00045,6721.463,599.1516,0,0.5742456,0.5733038,0.000941812,0.000184058,0.1116637,28.31676,8385.868,341646.3,6950.606,12682.03,59.68725,60.17424,59.66036,78.54546,0,0,13798.08,12682.03
0.5730833,-0.573204,78.54707,-0.0217151,12682.03,12.25,10.00045,6721.463,599.2653,0,0.5742386,0.5732111,0.001027432,0.000184058,0.1116637,28.75451,8592.279,341437.8,6950.6,12682.03,59.68725,60.17424,59.66036,78.54546,0,0,13798.08,12682.03
0.5730508,-0.5731174,78.54707,-0.01897992,12682.04,12.25,10.00045,6721.463,599.3992,0,0.5742373,0.5731174,0.001119973,0.000184058,0.1116637,29.31868,8660.385,341367.6,6950.596,12682.04,59.68725,60.17424,59.66036,78.54546,0,0,13798.08,12682.04
0.5730123,-0.5730748,78.54707,-0.01562172,12682.04,12.25,10.00045,6721.463,599.5215,0,0.5742369,0.5730748,0.00116205,0.000184058,0.1116637,29.91038,8806.247,341219.3,6950.593,12682.04,59.68725,60.17424,59.66036,78.54546,0,0,13798.08,12682.04
0.5730458,-0.5730437,78.54707,-0.01295353,12682.04,12.25,10.00045,6721.464,599.6394,0,0.5742372,0.5730437,0.001193479,0.000184058,0.1116637,30.47261,8797.21,341226.4,6950.594,12682.04,59.68725,60.17424,59.66036,78.54546,0,0,13798.08,12682.04
0.5730388,-0.5730448,78.54707,-0.009571686,12682.05,12.25,10.00045,6721.464,599.7649,0,0.5742372,0.5730448,0.001192447,0.000184058,0.1116637,31.13311,8770.351,341126,6950.594,12682.05,59.68725,60.17424,59.66036,78.54546,0,0,13798.08,12682.05
0.5731251,-0.5730653,78.54707,-0.008811536,12682.05,12.25,10.00045,6721.464,599.8738,0,0.5742388,0.5730653,0.001173402,0.000184058,0.1116637,31.72153,8840.359,341180.2,6950.598,12682.05,59.68725,60.17424,59.66036,78.54546,0,0,13798.08,12682.05
0.5731537,-0.5730388,78.54707,-0.008981035,12682.05,12.25,10.00045,6721.465,599.9713,0,0.574239,0.5730963,0.001142701,0.000184058,0.1116637,32.27994,8778.637,341242,6950.6,12682.05,59.68725,60.17424,59.66036,78.54546,0,0,13798.08,12682.05
0.5732252,-0.5731525,78.54707,-0.009162494,12682.05,12.25,10.00045,6721.465,600.083,0,0.5742407,0.5731478,0.001093018,0.000184058,0.1116637,32.92923,8858.609,341162.1,6950.607,12682.05,59.68725,60.17424,59.66036,78.54546,0,0,13798.08,12682.05
0.5732926,-0.5731989,78.54707,-0.009341018,12682.06,12.25,10.00045,6721.465,600.1864,0,0.5742417,0.5731935,0.001048191,0.000184058,0.1116637,33.57449,8813.237,341207.5,6950.613,12682.06,59.68725,60.17424,59.66036,78.54546,0,0,13798.08,12682.06
0.5733072,-0.5732492,78.54707,-0.00949175,12682.06,12.25,10.00045,6721.465,600.2778,0,0.5742425,0.5732492,0.000993288,0.000184058,0.1116637,34.1703,8889.4,341131.4,6950.617,12682.06,59.68725,60.17424,59.66036,78.54546,0,0,13798.08,12682.06
0.5733876,-0.573299,78.54707,-0.009663687,12682.06,12.25,10.00045,6721.466,600.3721,0,0.5742488,0.573299,0.000949797,0.000184058,0.1116637,34.78927,8847.661,341173.1,6950.623,12682.06,59.68725,60.17424,59.66036,78.54546,0,0,13798.08,12682.06
0.573461,-0.5733526,78.54707,0,12682.07,12.25,10.00045,6721.466,600.4612,0,0.5742447,0.5733471,0.000897589,0.000184058,0.1116637,35.39528,8743.963,341269.7,6950.629,12682.07,59.68725,60.17424,59.66036,78.54546,0,0,13798.08,12682.07
0.5735352,-0.5734287,78.54707,0,12682.07,12.25,10.00045,6721.467,600.5419,0,0.5742468,0.5734287,0.00081806,0.000184058,0.1116637,35.97722,8620.539,341269.5,6950.635,12682.07,59.68725,60.17424,59.66036,78.54546,0,0,13798.08,12682.07
0.5736692,-0.5735159,78.54707,0,12682.07,12.25,10.00045,6721.467,600.5992,0,0.5742492,0.5735061,0.000743076,0.000184058,0.1116637,36.41727,8620.534,341392.8,6950.643,12682.07,59.68725,60.17424,59.66036,78.54546,0,0,13798.08,12682.07
0.573768,-0.5736076,78.54707,0,12682.08,12.25,10.00045,6721.467,600.6588,0,0.5742509,0.5736076,0.000643277,0.000184058,0.1116637,36.92505,8496.842,341516.4,6950.653,12682.08,59.68725,60.17424,59.66036,78.54546,0,0,13798.08,12682.08
0.5738427,-0.5737183,78.54707,0,12682.08,12.25,10.00045,6721.467,600.7068,0,0.5742528,0.5737183,0.000534539,0.000184058,0.1116637,37.40661,8496.837,341516.3,6950.66,12682.08,59.68725,60.17424,59.66036,78.54546,0,0,13798.08,12682.08
0.5739689,-0.5738219,78.54707,0,12682.08,12.25,10.00045,6721.468,600.7411,0,0.5742552,0.5738125,0.000442674,0.000184058,0.1116637,37.79021,8368.186,341644.7,6950.67,12682.08,59.68725,60.17424,59.66036,78.54546,0,0,13798.08,12682.08
0.5740625,-0.573909,78.54707,0,12682.09,12.25,10.00045,6721.468,600.77,0,0.5742568,0.573909,0.000347739,0.000184058,0.1116637,38.18227,8239.875,341772.9,6950.68,12682.09,59.68725,60.17424,59.66036,78.54546,0,0,13798.08,12682.09
0.5741224,-0.5740028,78.54707,0,12682.09,12.25,10.00045,6721.469,600.7872,0,0.5742582,0.5740028,0.000255391,0.000184058,0.1116637,38.51912,8114.923,341897.7,6950.686,12682.09,59.68725,60.17424,59.66036,78.54546,0,0,13798.08,12682.09
0.5742213,-0.5740906,78.54707,0,12682.09,12.25,10.00045,6721.469,600.7963,0,0.5742602,0.5740906,0.000169666,0.000184058,0.1116637,38.81196,8114.918,341897.6,6950.695,12682.09,59.68725,60.17424,59.66036,78.54546,0,0,13798.08,12682.09
0.5743195,-0.5741863,78.54707,0,12682.1,12.25,10.00045,6721.47,600.798,0,0.5742621,0.5741863,7.58E-05,0.000184058,0.1116637,39.12373,7991.087,342021.3,6950.705,12682.1,59.68725,60.17424,59.66036,78.54546,0,0,13798.08,12682.1
0.574392,-0.5742626,78.54707,0,12682.1,12.25,10.00045,6721.47,600.7917,0,0.574264,0.5742626,1.43E-06,0.000184058,0.1116637,39.36237,7863.324,342148.9,6950.712,12682.1,59.68725,60.17424,59.66036,78.54546,0,0,13798.08,12682.1
0.5744404,-0.574342,78.54707,0,12682.1,12.25,10.00045,6721.47,600.7781,0,0.5742646,0.574342,-7.73E-05,0.000184058,0.1116637,39.58363,7863.32,342148.8,6950.718,12682.1,59.68725,60.17424,59.66036,78.54546,0,0,13798.08,12682.1
0.574531,-0.57442,78.54707,0,12682.11,12.25,10.00045,6721.471,600.7562,0,0.5742663,0.57442,-0.000153646,0.000184058,0.1116637,39.78001,7737.118,342274.9,6950.727,12682.11,59.68725,60.17424,59.66036,78.54546,0,0,13798.08,12682.11
0.5746115,-0.5744893,78.54707,0,12682.12,12.25,10.00045,6721.471,600.7305,0,0.5742675,0.5744821,-0.000214621,0.000184058,0.1116637,39.9397,7607.29,342404.6,6950.734,12682.12,59.68725,60.17424,59.66036,78.54546,0,0,13798.08,12682.12
0.5746619,-0.5745637,78.54707,0,12682.12,12.25,10.00045,6721.472,600.6942,0,0.5742684,0.574498,-0.000229645,0.000184058,0.1116637,40.10031,7479.393,342532.4,6950.742,12682.12,59.68725,60.17424,59.66036,78.54546,0,0,13798.08,12682.12
0.5747123,-0.5746347,78.54707,0,12682.13,12.25,10.00045,6721.472,600.6472,0,0.57427,0.5746347,-0.000364715,0.000184058,0.1116637,40.24371,7356.361,342532.3,6950.747,12682.13,59.68725,60.17424,59.66036,78.54546,0,0,13798.08,12682.13
0.5747902,-0.5746949,78.54707,0,12682.13,12.25,10.00045,6721.472,600.6028,0,0.5742715,0.5746949,-0.00042348,0.000184058,0.1116637,40.32843,7356.358,342655.2,6950.754,12682.13,59.68725,60.17424,59.66036,78.54546,0,0,13798.08,12682.13
0.5748529,-0.574753,78.54707,0,12682.13,12.25,10.00045,6721.473,600.5474,0,0.5742725,0.574753,-0.000480533,0.000184058,0.1116637,40.40749,7227.387,342784.1,6950.761,12682.13,59.68725,60.17424,59.66036,78.54546,0,0,13798.08,12682.13
0.5749031,-0.5748122,78.54707,0,12682.14,12.25,10.00045,6721.473,600.4857,0,0.5742733,0.5748122,-0.000538925,0.000184058,0.1116637,40.46832,7103.565,342907.8,6950.768,12682.14,59.68725,60.17424,59.66036,78.54546,0,0,13798.08,12682.14
0.5749296,-0.5748726,78.54707,0,12682.14,12.25,10.00045,6721.474,600.4197,0,0.5742744,0.5748726,-0.000598242,0.000184058,0.1116637,40.52145,6974.008,342907.7,6950.772,12682.14,59.68725,60.17424,59.66036,78.54546,0,0,13798.08,12682.14
0.5749986,-0.5749261,78.54707,0,12682.14,12.25,10.00045,6721.474,600.3474,0,0.5742756,0.5749261,-0.000650511,0.000184058,0.1116637,40.53072,6974.005,343037.2,6950.779,12682.14,59.68725,60.17424,59.66036,78.54546,0,0,13798.08,12682.14
0.5750521,-0.574969,78.54707,0,12682.15,12.25,10.00045,6721.474,600.2777,0,0.5742722,0.574969,-0.000696799,0.000184058,0.1116637,40.5234,6849.84,343161.3,6950.785,12682.15,59.68725,60.17424,59.66036,78.54546,0,0,13798.08,12682.15
0.5750913,-0.5750165,78.54707,0,12682.15,12.25,10.00045,6721.475,600.1968,0,0.574277,0.5750165,-0.000739439,0.000184058,0.1116637,40.50871,6720.143,343290.9,6950.791,12682.15,59.68725,60.17424,59.66036,78.54546,0,0,13798.08,12682.15
0.5751113,-0.5750635,78.54707,0,12682.16,12.25,10.00045,6721.475,600.1172,0,0.5742779,0.5750635,-0.000785627,0.000184058,0.1116637,40.48683,6596.042,343290.8,6950.794,12682.16,59.68725,60.17424,59.66036,78.54546,0,0,13798.08,12682.16
0.5751677,-0.5751116,78.54707,0,12682.16,12.25,10.00045,6721.475,600.0287,0,0.5742789,0.5751077,-0.000828842,0.000184058,0.1116637,40.42335,6596.04,343414.8,6950.8,12682.16,59.68725,60.17424,59.66036,78.54546,0,0,13798.08,12682.16
0.5752197,-0.5751546,78.54707,0,12682.16,12.25,10.00045,6721.476,599.9183,0,0.5742799,0.5751546,-0.000874666,0.000184058,0.1116637,40.33581,6466.61,343544.2,6950.806,12682.16,59.68725,60.17424,59.66036,78.54546,0,0,13798.08,12682.16
0.575262,-0.5751921,78.54707,0,12682.17,12.25,10.00045,6721.476,599.8191,0,0.5742806,0.5751921,-0.000911471,0.000184058,0.1116637,40.23997,6342.952,343667.8,6950.812,12682.17,59.68725,60.17424,59.66036,78.54546,0,0,13798.08,12682.17
0.5752705,-0.5751657,78.54707,0,12682.17,12.25,10.00045,6721.477,599.7274,0,0.5742807,0.5751657,-0.000885097,0.000184058,0.1116637,40.15077,6214.173,343796.5,6950.816,12682.17,59.68725,60.17424,59.66036,78.54546,0,0,13798.08,12682.17
0.5753023,-0.5752642,78.54707,0,12682.17,12.25,10.00045,6721.477,599.6212,0,0.5742817,0.5752642,-0.000982448,0.000184058,0.1116637,40.02999,6214.172,343796.4,6950.819,12682.17,59.68725,60.17424,59.66036,78.54546,0,0,13798.08,12682.17
0.5753486,-0.5752946,78.54707,0,12682.18,12.25,10.00045,6721.477,599.521,0,0.5742825,0.5752946,-0.001012071,0.000184058,0.1116637,39.89067,6091.314,343919.3,6950.824,12682.18,59.68725,60.17424,59.66036,78.54546,0,0,13798.08,12682.18
0.5753792,-0.5753205,78.54707,0,12682.18,12.25,10.00045,6721.478,599.4122,0,0.5742829,0.5753205,-0.001037593,0.000184058,0.1116637,39.73488,5963.548,344047,6950.829,12682.18,59.68725,60.17424,59.66036,78.54546,0,0,13798.08,12682.18
0.5753856,-0.5752909,78.54707,0,12682.19,12.25,10.00045,6721.479,599.2969,0,0.5742829,0.5752909,-0.001008,0.000184058,0.1116637,39.5738,5833.735,344176.7,6950.833,12682.19,59.68725,60.17424,59.66036,78.54546,0,0,13798.08,12682.19
0.5754116,-0.5753816,78.54707,0,12682.19,12.25,10.00045,6721.479,599.1913,0,0.5742837,0.57538,-0.001096327,0.000184058,0.1116637,39.40247,5833.734,344176.7,6950.836,12682.19,59.68725,60.17424,59.66036,78.54546,0,0,13798.08,12682.19
0.5754521,-0.5754066,78.54707,0,12682.19,12.25,10.00045,6721.479,599.0621,0,0.5742846,0.5754066,-0.001122084,0.000184058,0.1116637,39.17935,5707.369,344303,6950.841,12682.19,59.68725,60.17424,59.66036,78.54546,0,0,13798.08,12682.19
0.5754724,-0.5754247,78.54707,0,12682.2,12.25,10.00045,6721.479,598.9603,0,0.5742845,0.5754231,-0.001138657,0.000184058,0.1116637,39.00161,5579.169,344431.2,6950.845,12682.2,59.68725,60.17424,59.66036,78.54546,0,0,13798.08,12682.2
0.5754642,-0.5754501,78.54707,0,12682.2,12.25,10.00045,6721.48,598.8386,0,0.5742849,0.5754501,-0.001165166,0.000184058,0.1116637,38.78772,5454.558,344431.1,6950.847,12682.2,59.68725,60.17424,59.66036,78.54546,0,0,13798.08,12682.2
0.5755033,-0.5754727,78.54707,0,12682.2,12.25,10.00045,6721.48,598.7121,0,0.5742856,0.5754727,-0.001187058,0.000184058,0.1116637,38.53185,5454.557,344555.7,6950.851,12682.2,59.68725,60.17424,59.66036,78.54546,0,0,13798.08,12682.2
0.5755318,-0.5754892,78.54707,0,12682.21,12.25,10.00045,6721.48,598.5838,0,0.574286,0.5754892,-0.001203152,0.000184058,0.1116637,38.26738,5328.323,344681.8,6950.855,12682.21,59.68725,60.17424,59.66036,78.54546,0,0,13798.08,12682.21
0.5755222,-0.5754436,78.54707,0,12682.21,12.25,10.00045,6721.481,598.468,0,0.5742856,0.5754436,-0.001157914,0.000184058,0.1116637,38.03214,5198.02,344812.1,6950.858,12682.21,59.68725,60.17424,59.66036,78.54546,0,0,13798.08,12682.21
0.5755451,-0.5755234,78.54707,0,12682.21,12.25,10.00045,6721.481,598.3472,0,0.5742865,0.5755234,-0.001236989,0.000184058,0.1116637,37.76939,5198.019,344812.1,6950.86,12682.21,59.68725,60.17424,59.66036,78.54546,0,0,13798.08,12682.21
0.5755731,-0.5755376,78.54707,0,12682.22,12.25,10.00045,6721.481,598.2142,0,0.5742869,0.5755376,-0.001250761,0.000184058,0.1116637,37.46283,5074.157,344935.9,6950.864,12682.22,59.68725,60.17424,59.66036,78.54546,0,0,13798.08,12682.22
0.575582,-0.5755485,78.54707,0,12682.22,12.25,10.00045,6721.482,598.0724,0,0.5742868,0.5755485,-0.001261654,0.000184058,0.1116637,37.12965,4946.51,345063.5,6950.867,12682.22,59.68725,60.17424,59.66036,78.54546,0,0,13798.08,12682.22
0.5755633,-0.5755664,78.54707,0,12682.23,12.25,10.00045,6721.482,597.936,0,0.5742869,0.5755664,-0.001279444,0.000184058,0.1116637,36.82609,4817.84,345063.5,6950.869,12682.23,59.68725,60.17424,59.66036,78.54546,0,0,13798.08,12682.23
0.5755987,-0.5755779,78.54707,0,12682.23,12.25,10.00045,6721.482,597.8029,0,0.5742875,0.5755779,-0.001290368,0.000184058,0.1116637,36.47094,4817.839,345192.2,6950.873,12682.23,59.68725,60.17424,59.66036,78.54546,0,0,13798.08,12682.23
0.5756143,-0.5755826,78.54707,0,12682.23,12.25,10.00045,6721.483,597.6772,0,0.5742875,0.5755826,-0.001295089,0.000184058,0.1116637,36.14732,4693.285,345316.7,6950.875,12682.23,59.68725,60.17424,59.66036,78.54546,0,0,13798.08,12682.23
0.5755891,-0.5755961,78.54707,0,12682.24,12.25,10.00045,6721.483,597.5495,0,0.5742874,0.5755961,-0.001308697,0.000184058,0.1116637,35.83873,4567.949,345316.7,6950.876,12682.24,59.68725,60.17424,59.66036,78.54546,0,0,13798.08,12682.24
0.5756213,-0.5756048,78.54707,0,12682.24,12.25,10.00045,6721.483,597.4141,0,0.574288,0.5756048,-0.001316865,0.000184058,0.1116637,35.4477,4567.949,345442,6950.88,12682.24,59.68725,60.17424,59.66036,78.54546,0,0,13798.08,12682.24
0.5756311,-0.575605,78.54707,0,12682.24,12.25,10.00045,6721.484,597.2747,0,0.5742878,0.575605,-0.001317135,0.000184058,0.1116637,35.06387,4439.63,345570.3,6950.883,12682.24,59.68725,60.17424,59.66036,78.54546,0,0,13798.08,12682.24
0.5755684,-0.5756104,78.54707,-0.009645854,12682.25,12.25,10.00045,6721.484,597.1343,0,0.5742872,0.5756104,-0.001323211,0.000184058,0.1116637,34.72507,4389.277,345499,6950.883,12682.25,59.68725,60.17424,59.66036,78.54546,0,0,13798.08,12682.25
0.5755429,-0.575586,78.54707,-0.009560303,12682.25,12.25,10.00045,6721.484,597.0139,0,0.5742866,0.575586,-0.00129943,0.000184058,0.1116637,34.41709,4464.541,345552.4,6950.884,12682.25,59.68725,60.17424,59.66036,78.54546,0,0,13798.08,12682.25
0.5754744,-0.5755338,78.54707,-0.009488061,12682.25,12.25,10.00045,6721.485,596.8849,0,0.574285,0.5755338,-0.001248819,0.000184058,0.1116637,34.15702,4424.126,345592.8,6950.883,12682.25,59.68725,60.17424,59.66036,78.54546,0,0,13798.08,12682.25
0.5753722,-0.575472,78.54707,-0.009424724,12682.26,12.25,10.00045,6721.486,596.7452,0,0.574283,0.575472,-0.001188946,0.000184058,0.1116637,33.929,4396.061,345620.9,6950.878,12682.26,59.68725,60.17424,59.66036,78.54546,0,0,13798.08,12682.26
0.5753148,-0.5754054,78.54707,-0.009372682,12682.26,12.25,10.00045,6721.486,596.613,0,0.5742834,0.5754054,-0.001121974,0.000184058,0.1116637,33.74166,4489.772,345527.3,6950.877,12682.26,59.68725,60.17424,59.66036,78.54546,0,0,13798.08,12682.26
0.5752774,-0.5753372,78.54707,-0.009337859,12682.26,12.25,10.00045,6721.486,596.5001,0,0.5742813,0.5753372,-0.001055902,0.000184058,0.1116637,33.61629,4450.959,345566.1,6950.875,12682.26,59.68725,60.17424,59.66036,78.54546,0,0,13798.08,12682.26
0.5751971,-0.5752875,78.54707,-0.009325967,12682.27,12.25,10.00045,6721.487,596.4091,0,0.5742797,0.5752875,-0.001007792,0.000184058,0.1116637,33.57348,4395.925,345621.2,6950.871,12682.27,59.68725,60.17424,59.66036,78.54546,0,0,13798.08,12682.27
0.5751707,-0.5752373,78.54707,-0.00931151,12682.27,12.25,10.00045,6721.487,596.312,0,0.5742793,0.5752373,-0.00095797,0.000184058,0.1116637,33.52143,4478.126,345539,6950.871,12682.27,59.68725,60.17424,59.66036,78.54546,0,0,13798.08,12682.27
0.5751293,-0.5751833,78.54707,-0.009307173,12682.28,12.25,10.00045,6721.487,596.2216,0,0.5742735,0.5751833,-0.000909801,0.000184058,0.1116637,33.50583,4434.7,345582.5,6950.87,12682.28,59.68725,60.17424,59.66036,78.54546,0,0,13798.08,12682.28
0.575053,-0.5751338,78.54707,-0.009318179,12682.28,12.25,10.00045,6721.488,596.1279,0,0.5742769,0.5751338,-0.000856909,0.000184058,0.1116637,33.54544,4395.922,345621.4,6950.866,12682.28,59.68725,60.17424,59.66036,78.54546,0,0,13798.08,12682.28
0.5750329,-0.5750902,78.54707,-0.009325619,12682.28,12.25,10.00045,6721.488,596.0454,0,0.5742766,0.5750902,-0.000813682,0.000184058,0.1116637,33.57223,4478.161,345539.2,6950.866,12682.28,59.68725,60.17424,59.66036,78.54546,0,0,13798.08,12682.28
0.5750067,-0.5750491,78.54707,-0.009337974,12682.29,12.25,10.00045,6721.488,595.9824,0,0.5742757,0.5750491,-0.000773432,0.000184058,0.1116637,33.61671,4421.129,345596.3,6950.866,12682.29,59.68725,60.17424,59.66036,78.54546,0,0,13798.08,12682.29
0.5749452,-0.5750148,78.54707,-0.009362408,12682.29,12.25,10.00045,6721.488,595.9069,0,0.5742749,0.5750148,-0.000739838,0.000184058,0.1116637,33.70467,4503.629,345513.8,6950.864,12682.29,59.68725,60.17424,59.66036,78.54546,0,0,13798.08,12682.29
0.5749281,-0.5749694,78.54707,-0.009385144,12682.29,12.25,10.00045,6721.489,595.8308,0,0.5742744,0.5749694,-0.000694952,0.000184058,0.1116637,33.78652,4464.953,345552.6,6950.863,12682.29,59.68725,60.17424,59.66036,78.54546,0,0,13798.08,12682.29
0.5748821,-0.5749313,78.54707,-0.009413973,12682.3,12.25,10.00045,6721.489,595.7716,0,0.5742732,0.5749313,-0.000658164,0.000184058,0.1116637,33.8903,4409.916,345607.7,6950.863,12682.3,59.68725,60.17424,59.66036,78.54546,0,0,13798.08,12682.3
0.5748563,-0.5749038,78.54707,-0.009442072,12682.3,12.25,10.00045,6721.489,595.7128,0,0.5742731,0.5749038,-0.000630707,0.000184058,0.1116637,33.99146,4486.174,345531.5,6950.862,12682.3,59.68725,60.17424,59.66036,78.54546,0,0,13798.08,12682.3
0.574841,-0.5748664,78.54707,-0.009473009,12682.3,12.25,10.00045,6721.49,595.6527,0,0.5742726,0.5748664,-0.000593731,0.000184058,0.1116637,34.10283,4442.548,345572.8,6950.862,12682.3,59.68725,60.17424,59.66036,78.54546,0,0,13798.08,12682.3
0.5747889,-0.5747784,78.54707,-0.009512193,12682.31,12.25,10.00045,6721.49,595.5965,0,0.5742714,0.5747784,-0.000507005,0.000184058,0.1116637,34.24389,4403.218,345614.6,6950.862,12682.31,59.68725,60.17424,59.66036,78.54546,0,0,13798.08,12682.31
0.574768,-0.5748105,78.54707,-0.009548532,12682.31,12.25,10.00045,6721.49,595.5416,0,0.5742714,0.5748105,-0.000539169,0.000184058,0.1116637,34.37471,4487.311,345530.5,6950.861,12682.31,59.68725,60.17424,59.66036,78.54546,0,0,13798.08,12682.31
0.5747583,-0.5747773,78.54707,-0.009584876,12682.31,12.25,10.00045,6721.491,595.4916,0,0.5742709,0.5747773,-0.000506434,0.000184058,0.1116637,34.50555,4443.259,345574.6,6950.861,12682.31,59.68725,60.17424,59.66036,78.54546,0,0,13798.08,12682.31
0.5747041,-0.574755,78.54707,-0.00962697,12682.32,12.25,10.00045,6721.491,595.4462,0,0.57427,0.574755,-0.000484995,0.000184058,0.1116637,34.65709,4396.401,345621.6,6950.859,12682.32,59.68725,60.17424,59.66036,78.54546,0,0,13798.08,12682.32
0.5746982,-0.5747313,78.54707,-0.009664938,12682.32,12.25,10.00045,6721.491,595.3994,0,0.57427,0.5747313,-0.000461301,0.000184058,0.1116637,34.79378,4481.514,345536.5,6950.861,12682.32,59.68725,60.17424,59.66036,78.54546,0,0,13798.08,12682.32
0.5746871,-0.5747005,78.54707,-0.009708544,12682.32,12.25,10.00045,6721.492,595.3532,0,0.5742695,0.5747005,-0.000430974,0.000184058,0.1116637,34.95076,4444.05,345574,6950.861,12682.32,59.68725,60.17424,59.66036,78.54546,0,0,13798.08,12682.32
0.5746632,-0.5746213,78.54707,0,12682.33,12.25,10.00045,6721.492,595.3109,0,0.5742688,0.5746213,-0.000352612,0.000184058,0.1116637,35.09766,4339.303,345671.6,6950.862,12682.33,59.68725,60.17424,59.66036,78.54546,0,0,13798.08,12682.33
0.574721,-0.5746924,78.54707,0,12682.33,12.25,10.00045,6721.492,595.2628,0,0.5742741,0.5746924,-0.000418283,0.000184058,0.1116637,35.16743,4339.302,345671.6,6950.864,12682.33,59.68725,60.17424,59.66036,78.54546,0,0,13798.08,12682.33
0.5747855,-0.5747149,78.54707,0,12682.33,12.25,10.00045,6721.493,595.2196,0,0.5742713,0.5747149,-0.000443643,0.000184058,0.1116637,35.15746,4212.529,345798.3,6950.868,12682.33,59.68725,60.17424,59.66036,78.54546,0,0,13798.08,12682.33
0.5748098,-0.5746956,78.54707,0,12682.34,12.25,10.00045,6721.494,595.1652,0,0.5742716,0.5746956,-0.00042407,0.000184058,0.1116637,35.11686,4083.253,345927.5,6950.874,12682.34,59.68725,60.17424,59.66036,78.54546,0,0,13798.08,12682.34
0.5748645,-0.574808,78.54707,-0.009717534,12682.34,12.25,10.00045,6721.494,595.1021,0,0.574273,0.574808,-0.000534946,0.000184058,0.1116637,34.98312,4097.543,345920.3,6950.877,12682.34,59.68725,60.17424,59.66036,78.54546,0,0,13798.08,12682.34
0.5748783,-0.5748395,78.54707,-0.009678104,12682.34,12.25,10.00045,6721.494,595.045,0,0.5742733,0.5748367,-0.000563293,0.000184058,0.1116637,34.85096,4049.517,345968.3,6950.882,12682.34,59.68725,60.17424,59.66036,78.54546,0,0,13798.08,12682.34
0.5748316,-0.5748426,78.54707,-0.009650373,12682.35,12.25,10.00045,6721.495,594.9781,0,0.5742722,0.5748426,-0.000570395,0.000184058,0.1116637,34.74134,4013.757,346004,6950.885,12682.35,59.68725,60.17424,59.66036,78.54546,0,0,13798.08,12682.35
0.574792,-0.5748307,78.54707,-0.009624201,12682.35,12.25,10.00045,6721.495,594.9163,0,0.5742719,0.5748307,-0.000558832,0.000184058,0.1116637,34.64713,4103.484,345914.3,6950.885,12682.35,59.68725,60.17424,59.66036,78.54546,0,0,13798.08,12682.35
0.5747892,-0.5748066,78.54707,-0.009601048,12682.35,12.25,10.00045,6721.495,594.8662,0,0.5742716,0.5748066,-0.000534995,0.000184058,0.1116637,34.56377,4056.028,345961.7,6950.886,12682.35,59.68725,60.17424,59.66036,78.54546,0,0,13798.08,12682.35
0.5747487,-0.5747766,78.54707,-0.0095875,12682.36,12.25,10.00045,6721.496,594.8105,0,0.5742679,0.5747766,-0.000508782,0.000184058,0.1116637,34.515,4018.277,345999.5,6950.886,12682.36,59.68725,60.17424,59.66036,78.54546,0,0,13798.08,12682.36
0.5747117,-0.5747575,78.54707,-0.009581416,12682.36,12.25,10.00045,6721.496,594.761,0,0.5742703,0.5747575,-0.000487177,0.000184058,0.1116637,34.4931,4102.828,345914.9,6950.885,12682.36,59.68725,60.17424,59.66036,78.54546,0,0,13798.08,12682.36
0.5747087,-0.5747297,78.54707,-0.009573223,12682.36,12.25,10.00045,6721.496,594.7146,0,0.5742701,0.5747297,-0.000459583,0.000184058,0.1116637,34.4636,4062.824,345955,6950.886,12682.36,59.68725,60.17424,59.66036,78.54546,0,0,13798.08,12682.36
0.5746719,-0.574705,78.54707,-0.009576619,12682.37,12.25,10.00045,6721.497,594.675,0,0.574269,0.574705,-0.000436002,0.000184058,0.1116637,34.47583,4013.54,346004.3,6950.887,12682.37,59.68725,60.17424,59.66036,78.54546,0,0,13798.08,12682.37
0.5746384,-0.5746844,78.54707,-0.009583496,12682.37,12.25,10.00045,6721.497,594.6301,0,0.5742673,0.5746844,-0.000417208,0.000184058,0.1116637,34.50058,4102.045,345915.8,6950.886,12682.37,59.68725,60.17424,59.66036,78.54546,0,0,13798.08,12682.37
0.5746452,-0.5746596,78.54707,-0.00958682,12682.37,12.25,10.00045,6721.497,594.5912,0,0.5742688,0.5746596,-0.000390811,0.000184058,0.1116637,34.51255,4062.903,345955,6950.887,12682.37,59.68725,60.17424,59.66036,78.54546,0,0,13798.08,12682.37
0.5746173,-0.5746349,78.54707,-0.009599594,12682.38,12.25,10.00045,6721.498,594.5547,0,0.5742679,0.5746349,-0.000366908,0.000184058,0.1116637,34.55854,4020.669,345997.2,6950.888,12682.38,59.68725,60.17424,59.66036,78.54546,0,0,13798.08,12682.38
0.5745901,-0.5746235,78.54707,-0.009614182,12682.38,12.25,10.00045,6721.498,594.5212,0,0.5742679,0.5746235,-0.000355611,0.000184058,0.1116637,34.61105,4098.368,345919.6,6950.887,12682.38,59.68725,60.17424,59.66036,78.54546,0,0,13798.08,12682.38
0.5745922,-0.5746006,78.54707,-0.009626371,12682.38,12.25,10.00045,6721.498,594.4875,0,0.5742677,0.5746006,-0.000332898,0.000184058,0.1116637,34.65493,4053.775,345961.8,6950.888,12682.38,59.68725,60.17424,59.66036,78.54546,0,0,13798.08,12682.38
0.5745605,-0.5745822,78.54707,-0.00964684,12682.39,12.25,10.00045,6721.499,594.4561,0,0.5742668,0.5745822,-0.000315374,0.000184058,0.1116637,34.72863,4013.751,346004.2,6950.889,12682.39,59.68725,60.17424,59.66036,78.54546,0,0,13798.08,12682.39
0.5745402,-0.5745699,78.54707,-0.009667329,12682.39,12.25,10.00045,6721.499,594.4249,0,0.5742669,0.5745699,-0.000302991,0.000184058,0.1116637,34.80238,4098.955,345919.1,6950.889,12682.39,59.68725,60.17424,59.66036,78.54546,0,0,13798.08,12682.39
0.5745463,-0.5745499,78.54707,-0.009684237,12682.39,12.25,10.00045,6721.499,594.3972,0,0.5742668,0.5745499,-0.000283113,0.000184058,0.1116637,34.86325,4054.181,345963.8,6950.89,12682.39,59.68725,60.17424,59.66036,78.54546,0,0,13798.08,12682.39
0.5745209,-0.574531,78.54707,-0.009709841,12682.4,12.25,10.00045,6721.5,594.3674,0,0.574266,0.574531,-0.000264963,0.000184058,0.1116637,34.95543,4021.078,345997,6950.892,12682.4,59.68725,60.17424,59.66036,78.54546,0,0,13798.08,12682.4
0.5744978,-0.5745229,78.54707,0,12682.4,12.25,10.00045,6721.5,594.3408,0,0.574266,0.5745229,-0.000256976,0.000184058,0.1116637,35.04359,4071.091,345939.8,6950.891,12682.4,59.68725,60.17424,59.66036,78.54546,0,0,13798.08,12682.4
0.5745669,-0.5745218,78.54707,0,12682.4,12.25,10.00045,6721.5,594.3174,0,0.574267,0.5745218,-0.000254832,0.000184058,0.1116637,35.03846,3942.45,346068.5,6950.894,12682.4,59.68725,60.17424,59.66036,78.54546,0,0,13798.08,12682.4
0.5746191,-0.5745524,78.54707,-0.009718648,12682.41,12.25,10.00045,6721.5,594.2826,0,0.5742677,0.5745524,-0.000284712,0.000184058,0.1116637,34.98713,3830.289,346187.7,6950.899,12682.41,59.68725,60.17424,59.66036,78.54546,0,0,13798.08,12682.41
0.5746123,-0.5745945,78.54707,-0.009702834,12682.41,12.25,10.00045,6721.5,594.2449,0,0.5742714,0.5745945,-0.000323062,0.000184058,0.1116637,34.9302,3913.57,346104.3,6950.902,12682.41,59.68725,60.17424,59.66036,78.54546,0,0,13798.08,12682.41
0.5746143,-0.5746039,78.54707,-0.009680692,12682.41,12.25,10.00045,6721.501,594.2063,0,0.5742682,0.5746039,-0.000335629,0.000184058,0.1116637,34.85049,3880.033,346137.8,6950.905,12682.41,59.68725,60.17424,59.66036,78.54546,0,0,13798.08,12682.41
0.5745915,-0.5745943,78.54707,-0.0096695,12682.42,12.25,10.00045,6721.501,594.1745,0,0.5742674,0.5745943,-0.000326808,0.000184058,0.1116637,34.8102,3830.103,346187.8,6950.907,12682.42,59.68725,60.17424,59.66036,78.54546,0,0,13798.08,12682.42
0.5745532,-0.5745874,78.54707,-0.009662069,12682.42,12.25,10.00045,6721.501,594.1389,0,0.5742671,0.5745874,-0.000320281,0.000184058,0.1116637,34.78345,3920.107,346097.8,6950.907,12682.42,59.68725,60.17424,59.66036,78.54546,0,0,13798.08,12682.42
0.5745665,-0.5745728,78.54707,-0.009648953,12682.42,12.25,10.00045,6721.502,594.1105,0,0.5742673,0.5745728,-0.000305528,0.000184058,0.1116637,34.73623,3872.624,346145.3,6950.909,12682.42,59.68725,60.17424,59.66036,78.54546,0,0,13798.08,12682.42
0.5745425,-0.5745533,78.54707,-0.009646536,12682.43,12.25,10.00045,6721.503,594.0809,0,0.5742664,0.5745533,-0.000286827,0.000184058,0.1116637,34.72753,3830.017,346187.9,6950.91,12682.43,59.68725,60.17424,59.66036,78.54546,0,0,13798.08,12682.43
0.5745021,-0.5745413,78.54707,-0.009650936,12682.43,12.25,10.00045,6721.503,594.0483,0,0.5742661,0.5745413,-0.000275204,0.000184058,0.1116637,34.74337,3801.634,346090.9,6950.909,12682.43,59.68725,60.17424,59.66036,78.54546,0,0,13798.08,12682.43
0.5745192,-0.5745283,78.54707,-0.009645374,12682.43,12.25,10.00045,6721.503,594.024,0,0.5742664,0.5745283,-0.000261998,0.000184058,0.1116637,34.72334,3879.657,346138.3,6950.911,12682.43,59.68725,60.17424,59.66036,78.54546,0,0,13798.08,12682.43
0.5745057,-0.5745088,78.54707,-0.009650055,12682.44,12.25,10.00045,6721.504,593.9994,0,0.5742645,0.5745088,-0.000244383,0.000184058,0.1116637,34.7402,3834.762,346183.2,6950.913,12682.44,59.68725,60.17424,59.66036,78.54546,0,0,13798.08,12682.44
0.5744698,-0.5745028,78.54707,-0.009661297,12682.44,12.25,10.00045,6721.504,593.9749,0,0.5742655,0.5745028,-0.000237231,0.000184058,0.1116637,34.78067,3919.95,346098,6950.912,12682.44,59.68725,60.17424,59.66036,78.54546,0,0,13798.08,12682.44
0.5744821,-0.5744891,78.54707,-0.009663676,12682.45,12.25,10.00045,6721.504,593.9524,0,0.5742656,0.5744891,-0.000223512,0.000184058,0.1116637,34.78923,3879.797,346138.1,6950.914,12682.45,59.68725,60.17424,59.66036,78.54546,0,0,13798.08,12682.45
0.5744691,-0.5744709,78.54707,-0.009673982,12682.45,12.25,10.00045,6721.505,593.9318,0,0.5742651,0.5744709,-0.00020583,0.000184058,0.1116637,34.82633,3837.233,346180.7,6950.916,12682.45,59.68725,60.17424,59.66036,78.54546,0,0,13798.08,12682.45
0.5744342,-0.5744655,78.54707,-0.009690623,12682.45,12.25,10.00045,6721.505,593.9108,0,0.5742648,0.5744655,-0.000200726,0.000184058,0.1116637,34.88624,3922.658,346095.3,6950.915,12682.45,59.68725,60.17424,59.66036,78.54546,0,0,13798.08,12682.45
0.5744503,-0.5744538,78.54707,-0.009696985,12682.46,12.25,10.00045,6721.505,593.8918,0,0.574265,0.5744538,-0.000188825,0.000184058,0.1116637,34.90915,3880.08,346137.9,6950.917,12682.46,59.68725,60.17424,59.66036,78.54546,0,0,13798.08,12682.46
0.5744404,-0.574438,78.54707,-0.009710575,12682.46,12.25,10.00045,6721.506,593.8745,0,0.5742645,0.574438,-0.000173482,0.000184058,0.1116637,34.95807,3837.395,346180.6,6950.919,12682.46,59.68725,60.17424,59.66036,78.54546,0,0,13798.08,12682.46
0.5744098,-0.574435,78.54707,0,12682.46,12.25,10.00045,6721.506,593.8564,0,0.5742642,0.574435,-0.00017071,0.000184058,0.1116637,35.02475,3894.549,346116.3,6950.919,12682.46,59.68725,60.17424,59.66036,78.54546,0,0,13798.08,12682.46
0.5744777,-0.5744417,78.54707,-0.009719906,12682.47,12.25,10.00045,6721.506,593.837,0,0.5742654,0.5744417,-0.000176284,0.000184058,0.1116637,34.99166,3806.447,346211.5,6950.922,12682.47,59.68725,60.17424,59.66036,78.54546,0,0,13798.08,12682.47
0.574499,-0.5744574,78.54707,-0.009710579,12682.47,12.25,10.00045,6721.507,593.8136,0,0.5742657,0.5744574,-0.000191697,0.000184058,0.1116637,34.95808,3751.585,346266.3,6950.926,12682.47,59.68725,60.17424,59.66036,78.54546,0,0,13798.08,12682.47
0.5744604,-0.5744712,78.54707,-0.009709575,12682.48,12.25,10.00045,6721.507,593.7901,0,0.5742651,0.5744712,-0.000206075,0.000184058,0.1116637,34.95447,3708.708,346309.2,6950.926,12682.48,59.68725,60.17424,59.66036,78.54546,0,0,13798.08,12682.48
0.5744759,-0.5744731,78.54707,-0.009698484,12682.48,12.25,10.00045,6721.507,593.7704,0,0.5742655,0.5744731,-0.000207551,0.000184058,0.1116637,34.91454,3784.802,346233.1,6950.93,12682.48,59.68725,60.17424,59.66036,78.54546,0,0,13798.08,12682.48
0.5744726,-0.5744623,78.54707,-0.009692643,12682.48,12.25,10.00045,6721.508,593.7503,0,0.5742652,0.5744623,-0.000197108,0.000184058,0.1116637,34.89351,3741.014,346276.9,6950.932,12682.48,59.68725,60.17424,59.66036,78.54546,0,0,13798.08,12682.48
0.5744307,-0.5744584,78.54707,-0.00969494,12682.49,12.25,10.00045,6721.508,593.7279,0,0.5742646,0.5744584,-0.000193812,0.000184058,0.1116637,34.90179,3706.313,346309.2,6950.931,12682.49,59.68725,60.17424,59.66036,78.54546,0,0,13798.08,12682.49
0.574441,-0.5744517,78.54707,-0.00968943,12682.49,12.25,10.00045,6721.508,593.7092,0,0.5742649,0.5744517,-0.000186897,0.000184058,0.1116637,34.88195,3791.812,346226.1,6950.934,12682.49,59.68725,60.17424,59.66036,78.54546,0,0,13798.08,12682.49
0.5744411,-0.574436,78.54707,-0.009688687,12682.49,12.25,10.00045,6721.509,593.6917,0,0.5742646,0.574436,-0.00017136,0.000184058,0.1116637,34.87927,3751.444,346266.4,6950.936,12682.49,59.68725,60.17424,59.66036,78.54546,0,0,13798.08,12682.49
0.5743995,-0.574429,78.54707,-0.00969779,12682.5,12.25,10.00045,6721.509,593.6747,0,0.5742639,0.574429,-0.000165142,0.000184058,0.1116637,34.91204,3708.697,346309.2,6950.935,12682.5,59.68725,60.17424,59.66036,78.54546,0,0,13798.08,12682.5
0.5744122,-0.574422,78.54707,-0.009697965,12682.5,12.25,10.00045,6721.509,593.6588,0,0.5742643,0.574422,-0.000157695,0.000184058,0.1116637,34.91268,3794.249,346223.7,6950.938,12682.5,59.68725,60.17424,59.66036,78.54546,0,0,13798.08,12682.5
0.5744157,-0.5744075,78.54707,-0.009701923,12682.5,12.25,10.00045,6721.51,593.6442,0,0.5742641,0.5744075,-0.000143361,0.000184058,0.1116637,34.92693,3751.518,346266.4,6950.939,12682.5,59.68725,60.17424,59.66036,78.54546,0,0,13798.08,12682.5
0.5743778,-0.5744027,78.54707,-0.009714764,12682.51,12.25,10.00045,6721.511,593.6298,0,0.5742635,0.5744027,-0.000139166,0.000184058,0.1116637,34.97315,3708.726,346309.2,6950.938,12682.51,59.68725,60.17424,59.66036,78.54546,0,0,13798.08,12682.51
0.5743946,-0.574398,78.54707,-0.009716917,12682.51,12.25,10.00045,6721.511,593.6173,0,0.5742639,0.574398,-0.000134064,0.000184058,0.1116637,34.9809,3787.298,346230.6,6950.941,12682.51,59.68725,60.17424,59.66036,78.54546,0,0,13798.08,12682.51
0.5744143,-0.5743869,78.54707,-0.009718532,12682.51,12.25,10.00045,6721.511,593.6046,0,0.5742639,0.5743869,-0.000123038,0.000184058,0.1116637,34.98671,3701.578,346316.3,6950.944,12682.51,59.68725,60.17424,59.66036,78.54546,0,0,13798.08,12682.51
0.5743915,-0.5744013,78.54707,0,12682.52,12.25,10.00045,6721.512,593.5893,0,0.5742639,0.5744013,-0.000137335,0.000184058,0.1116637,35.00599,3644.381,346240.1,6950.945,12682.52,59.68725,60.17424,59.66036,78.54546,0,0,13798.08,12682.52
0.574418,-0.5744104,78.54707,-0.009712893,12682.52,12.25,10.00045,6721.512,593.572,0,0.5742644,0.5744104,-0.000145969,0.000184058,0.1116637,34.96641,3737.249,346280.6,6950.948,12682.52,59.68725,60.17424,59.66036,78.54546,0,0,13798.08,12682.52
0.5744243,-0.5744057,78.54707,-0.009707883,12682.52,12.25,10.00045,6721.512,593.5572,0,0.5742643,0.5744057,-0.000141466,0.000184058,0.1116637,34.94838,3691.987,346325.8,6950.951,12682.52,59.68725,60.17424,59.66036,78.54546,0,0,13798.08,12682.52
0.5743845,-0.5744063,78.54707,-0.009711944,12682.53,12.25,10.00045,6721.513,593.5416,0,0.5742636,0.5744063,-0.00014266,0.000184058,0.1116637,34.963,3651.519,346366.3,6950.95,12682.53,59.68725,60.17424,59.66036,78.54546,0,0,13798.08,12682.53
0.5743854,-0.5744019,78.54707,-0.009709184,12682.53,12.25,10.00045,6721.513,593.5248,0,0.5742638,0.5744019,-0.000138065,0.000184058,0.1116637,34.95306,3751.45,346266.4,6950.953,12682.53,59.68725,60.17424,59.66036,78.54546,0,0,13798.08,12682.53
0.5743981,-0.5743908,78.54707,-0.009705863,12682.53,12.25,10.00045,6721.513,593.5124,0,0.5742639,0.5743908,-0.000126935,0.000184058,0.1116637,34.94111,3708.625,346309.2,6950.955,12682.53,59.68725,60.17424,59.66036,78.54546,0,0,13798.08,12682.53
0.5743859,-0.5743792,78.54707,-0.009709666,12682.54,12.25,10.00045,6721.514,593.4979,0,0.5742634,0.5743792,-0.000115789,0.000184058,0.1116637,34.9548,3680.09,346337.8,6950.957,12682.54,59.68725,60.17424,59.66036,78.54546,0,0,13798.08,12682.54
0.5743544,-0.5743792,78.54707,-0.009718496,12682.54,12.25,10.00045,6721.514,593.4857,0,0.5742632,0.5743792,-0.000116008,0.000184058,0.1116637,34.98659,3763.412,346254.4,6950.957,12682.54,59.68725,60.17424,59.66036,78.54546,0,0,13798.08,12682.54
0.5743713,-0.5743727,78.54707,-0.009717625,12682.54,12.25,10.00045,6721.514,593.4738,0,0.5742635,0.5743727,-0.000109239,0.000184058,0.1116637,34.98345,3730.124,346287.7,6950.959,12682.54,59.68725,60.17424,59.66036,78.54546,0,0,13798.08,12682.54
0.5743903,-0.5743631,78.54707,-0.009716345,12682.55,12.25,10.00045,6721.515,593.4635,0,0.5742635,0.5743631,-9.96E-05,0.000184058,0.1116637,34.97884,3651.525,346366.3,6950.962,12682.55,59.68725,60.17424,59.66036,78.54546,0,0,13798.08,12682.55
0.5743639,-0.5743758,78.54707,-0.009720453,12682.55,12.25,10.00045,6721.515,593.4508,0,0.5742634,0.5743758,-0.000112393,0.000184058,0.1116637,34.99363,3608.634,346282.9,6950.963,12682.55,59.68725,60.17424,59.66036,78.54546,0,0,13798.08,12682.55
0.5743811,-0.5743801,78.54707,-0.009711912,12682.55,12.25,10.00045,6721.515,593.4371,0,0.5742637,0.5743801,-0.000116421,0.000184058,0.1116637,34.96288,3701.482,346316.3,6950.966,12682.55,59.68725,60.17424,59.66036,78.54546,0,0,13798.08,12682.55
0.5743862,-0.5743733,78.54707,-0.009708311,12682.56,12.25,10.00045,6721.516,593.424,0,0.5742636,0.5743733,-0.000109679,0.000184058,0.1116637,34.94992,3670.523,346347.3,6950.968,12682.56,59.68725,60.17424,59.66036,78.54546,0,0,13798.08,12682.56
0.5743695,-0.5743662,78.54707,-0.00971006,12682.56,12.25,10.00045,6721.516,593.4117,0,0.574263,0.5743662,-0.00010315,0.000184058,0.1116637,34.95622,3637.202,346380.6,6950.97,12682.56,59.68725,60.17424,59.66036,78.54546,0,0,13798.08,12682.56
0.5743479,-0.5743673,78.54707,-0.009714491,12682.56,12.25,10.00045,6721.516,593.4005,0,0.5742631,0.5743673,-0.000104194,0.000184058,0.1116637,34.97216,3722.886,346294.9,6950.971,12682.56,59.68725,60.17424,59.66036,78.54546,0,0,13798.08,12682.56
0.5743682,-0.5743598,78.54707,-0.009710583,12682.57,12.25,10.00045,6721.517,593.391,0,0.5742633,0.5743598,-9.65E-05,0.000184058,0.1116637,34.9581,3677.672,346340.1,6950.973,12682.57,59.68725,60.17424,59.66036,78.54546,0,0,13798.08,12682.57
0.5743582,-0.5743501,78.54707,-0.009714304,12682.58,12.25,10.00045,6721.518,593.3808,0,0.5742629,0.5743501,-8.72E-05,0.000184058,0.1116637,34.97149,3644.365,346373.4,6950.975,12682.58,59.68725,60.17424,59.66036,78.54546,0,0,13798.08,12682.58
0.5743267,-0.5743481,78.54707,0,12682.58,12.25,10.00045,6721.518,593.3701,0,0.5742624,0.5743481,-8.57E-05,0.000184058,0.1116637,35.00335,3594.345,346416.3,6950.974,12682.58,59.68725,60.17424,59.66036,78.54546,0,0,13798.08,12682.58
0.5743541,-0.5743522,78.54707,-0.009717647,12682.58,12.25,10.00045,6721.518,593.36,0,0.5742632,0.5743522,-8.90E-05,0.000184058,0.1116637,34.98353,3687.233,346330.5,6950.978,12682.58,59.68725,60.17424,59.66036,78.54546,0,0,13798.08,12682.58
0.5743713,-0.5743494,78.54707,-0.009712716,12682.58,12.25,10.00045,6721.519,593.3507,0,0.5742633,0.5743494,-8.61E-05,0.000184058,0.1116637,34.96577,3637.2,346380.5,6950.981,12682.58,59.68725,60.17424,59.66036,78.54546,0,0,13798.08,12682.58
0.5743372,-0.5743523,78.54707,-0.009717594,12682.59,12.25,10.00045,6721.519,593.3416,0,0.5742627,0.5743523,-8.96E-05,0.000184058,0.1116637,34.98334,3587.189,346430.5,6950.98,12682.59,59.68725,60.17424,59.66036,78.54546,0,0,13798.08,12682.59
0.5743422,-0.5743533,78.54707,-0.009714457,12682.59,12.25,10.00045,6721.519,593.3303,0,0.574263,0.5743533,-9.03E-05,0.000184058,0.1116637,34.97205,3687.176,346330.5,6950.984,12682.59,59.68725,60.17424,59.66036,78.54546,0,0,13798.08,12682.59
0.5743561,-0.5743464,78.54707,-0.009710405,12682.6,12.25,10.00045,6721.52,593.3213,0,0.5742631,0.5743464,-8.33E-05,0.000184058,0.1116637,34.95746,3649.082,346368.6,6950.986,12682.6,59.68725,60.17424,59.66036,78.54546,0,0,13798.08,12682.6
0.5743483,-0.5743381,78.54707,-0.00971215,12682.6,12.25,10.00045,6721.52,593.3124,0,0.5742627,0.5743381,-7.55E-05,0.000184058,0.1116637,34.96374,3615.763,346401.9,6950.988,12682.6,59.68725,60.17424,59.66036,78.54546,0,0,13798.08,12682.6
0.5743123,-0.5743391,78.54707,-0.009721565,12682.61,12.25,10.00045,6721.521,593.3032,0,0.5742624,0.5743391,-7.67E-05,0.000184058,0.1116637,34.99763,3580.047,346309.1,6950.988,12682.61,59.68725,60.17424,59.66036,78.54546,0,0,13798.08,12682.61
0.5743389,-0.5743364,78.54707,-0.009716117,12682.61,12.25,10.00045,6721.521,593.2959,0,0.5742628,0.5743364,-7.36E-05,0.000184058,0.1116637,34.97802,3663.401,346354.3,6950.991,12682.61,59.68725,60.17424,59.66036,78.54546,0,0,13798.08,12682.61
0.5743536,-0.5743293,78.54707,-0.009714063,12682.61,12.25,10.00045,6721.521,593.2883,0,0.5742629,0.5743293,-6.64E-05,0.000184058,0.1116637,34.97063,3608.623,346409.1,6950.994,12682.61,59.68725,60.17424,59.66036,78.54546,0,0,13798.08,12682.61
0.5743212,-0.5743363,78.54707,-0.009718547,12682.62,12.25,10.00045,6721.521,593.2797,0,0.5742621,0.5743363,-7.42E-05,0.000184058,0.1116637,34.98677,3565.748,346451.9,6950.993,12682.62,59.68725,60.17424,59.66036,78.54546,0,0,13798.08,12682.62
0.5743396,-0.5743386,78.54707,-0.009712778,12682.62,12.25,10.00045,6721.521,593.2716,0,0.5742629,0.5743386,-7.58E-05,0.000184058,0.1116637,34.966,3651.454,346366.2,6950.997,12682.62,59.68725,60.17424,59.66036,78.54546,0,0,13798.08,12682.62
0.5743461,-0.5743328,78.54707,-0.009709995,12682.62,12.25,10.00045,6721.522,593.263,0,0.5742629,0.5743328,-6.99E-05,0.000184058,0.1116637,34.95598,3622.879,346394.8,6951,12682.62,59.68725,60.17424,59.66036,78.54546,0,0,13798.08,12682.62
0.5743262,-0.5743288,78.54707,-0.009713211,12682.63,12.25,10.00045,6721.522,593.2559,0,0.5742621,0.5743288,-6.66E-05,0.000184058,0.1116637,34.96756,3580.033,346437.6,6951.001,12682.63,59.68725,60.17424,59.66036,78.54546,0,0,13798.08,12682.63
0.5743188,-0.5743303,78.54707,-0.009714836,12682.63,12.25,10.00045,6721.522,593.2485,0,0.5742625,0.5743303,-6.78E-05,0.000184058,0.1116637,34.97341,3665.73,346351.9,6951.002,12682.63,59.68725,60.17424,59.66036,78.54546,0,0,13798.08,12682.63
0.5743354,-0.5743229,78.54707,-0.009711936,12682.63,12.25,10.00045,6721.523,593.2425,0,0.5742626,0.5743229,-6.03E-05,0.000184058,0.1116637,34.96297,3620.51,346394.7,6951.004,12682.63,59.68725,60.17424,59.66036,78.54546,0,0,13798.08,12682.63
0.5743168,-0.5743191,78.54707,-0.009716792,12682.64,12.25,10.00045,6721.523,593.2364,0,0.574262,0.5743191,-5.71E-05,0.000184058,0.1116637,34.98045,3580.046,346437.6,6951.006,12682.64,59.68725,60.17424,59.66036,78.54546,0,0,13798.08,12682.64
0.574304,-0.57432,78.54707,-0.009721703,12682.64,12.25,10.00045,6721.523,593.2295,0,0.5742622,0.57432,-5.78E-05,0.000184058,0.1116637,34.99813,3672.932,346344.7,6951.007,12682.64,59.68725,60.17424,59.66036,78.54546,0,0,13798.08,12682.64
0.5743399,-0.57432,78.54707,-0.009713446,12682.64,12.25,10.00045,6721.524,593.2234,0,0.5742628,0.57432,-5.72E-05,0.000184058,0.1116637,34.9684,3613.372,346404.2,6951.01,12682.64,59.68725,60.17424,59.66036,78.54546,0,0,13798.08,12682.64
0.5743401,-0.5743197,78.54707,-0.00971083,12682.65,12.25,10.00045,6721.525,593.216,0,0.5742626,0.5743197,-5.72E-05,0.000184058,0.1116637,34.95898,3580.016,346437.6,6951.013,12682.65,59.68725,60.17424,59.66036,78.54546,0,0,13798.08,12682.65
0.5743018,-0.5743247,78.54707,-0.009717526,12682.65,12.25,10.00045,6721.525,593.2086,0,0.5742622,0.5743247,-6.25E-05,0.000184058,0.1116637,34.98309,3537.156,346351.8,6951.013,12682.65,59.68725,60.17424,59.66036,78.54546,0,0,13798.08,12682.65
0.5743251,-0.5743248,78.54707,-0.009708802,12682.65,12.25,10.00045,6721.525,593.2016,0,0.5742626,0.5743248,-6.23E-05,0.000184058,0.1116637,34.95169,3627.593,346390,6951.016,12682.65,59.68725,60.17424,59.66036,78.54546,0,0,13798.08,12682.65
0.5743313,-0.5743166,78.54707,-0.009706215,12682.66,12.25,10.00045,6721.526,593.1959,0,0.5742624,0.5743166,-5.42E-05,0.000184058,0.1116637,34.94238,3587.133,346430.4,6951.018,12682.66,59.68725,60.17424,59.66036,78.54546,0,0,13798.08,12682.66
0.5743028,-0.5742552,78.54707,-0.009710975,12682.66,12.25,10.00045,6721.526,593.1895,0,0.5742618,0.5742552,6.62E-06,0.000184058,0.1116637,34.95951,3551.441,346466.1,6951.021,12682.66,59.68725,60.17424,59.66036,78.54546,0,0,13798.08,12682.66
0.5743042,-0.5743151,78.54707,-0.009711158,12682.66,12.25,10.00045,6721.526,593.1834,0,0.5742622,0.5743151,-5.29E-05,0.000184058,0.1116637,34.96017,3644.245,346373.3,6951.021,12682.66,59.68725,60.17424,59.66036,78.54546,0,0,13798.08,12682.66
0.5743197,-0.5743092,78.54707,-0.009708539,12682.67,12.25,10.00045,6721.527,593.1783,0,0.5742624,0.5743092,-4.68E-05,0.000184058,0.1116637,34.95074,3608.561,346409,6951.023,12682.67,59.68725,60.17424,59.66036,78.54546,0,0,13798.08,12682.67
0.5743144,-0.5743018,78.54707,-0.009711137,12682.67,12.25,10.00045,6721.527,593.1736,0,0.574262,0.5743018,-3.98E-05,0.000184058,0.1116637,34.96009,3572.877,346444.7,6951.025,12682.67,59.68725,60.17424,59.66036,78.54546,0,0,13798.08,12682.67
0.5742806,-0.5743048,78.54707,-0.009721072,12682.68,12.25,10.00045,6721.528,593.1681,0,0.5742618,0.5743048,-4.30E-05,0.000184058,0.1116637,34.99586,3537.166,346351.8,6951.025,12682.68,59.68725,60.17424,59.66036,78.54546,0,0,13798.08,12682.68
0.5743079,-0.5743029,78.54707,-0.009715799,12682.68,12.25,10.00045,6721.528,593.1641,0,0.5742622,0.5743029,-4.07E-05,0.000184058,0.1116637,34.97688,3620.517,346397,6951.028,12682.68,59.68725,60.17424,59.66036,78.54546,0,0,13798.08,12682.68
0.5743216,-0.5742977,78.54707,-0.009714556,12682.68,12.25,10.00045,6721.528,593.1599,0,0.5742622,0.5742977,-3.54E-05,0.000184058,0.1116637,34.9724,3572.891,346444.6,6951.031,12682.68,59.68725,60.17424,59.66036,78.54546,0,0,13798.08,12682.68
0.574307,-0.5743021,78.54707,-0.009716448,12682.69,12.25,10.00045,6721.529,593.154,0,0.5742617,0.5743021,-4.04E-05,0.000184058,0.1116637,34.97921,3534.779,346480.3,6951.034,12682.69,59.68725,60.17424,59.66036,78.54546,0,0,13798.08,12682.69
0.5743021,-0.5743105,78.54707,-0.009715405,12682.69,12.25,10.00045,6721.529,593.1478,0,0.5742622,0.5743105,-4.83E-05,0.000184058,0.1116637,34.97546,3627.629,346389.8,6951.035,12682.69,59.68725,60.17424,59.66036,78.54546,0,0,13798.08,12682.69
0.5743148,-0.5743102,78.54707,-0.009709124,12682.69,12.25,10.00045,6721.529,593.1419,0,0.5742623,0.5743102,-4.78E-05,0.000184058,0.1116637,34.95285,3601.405,346416,6951.038,12682.69,59.68725,60.17424,59.66036,78.54546,0,0,13798.08,12682.69
0.5743193,-0.5743036,78.54707,-0.0097063,12682.7,12.25,10.00045,6721.53,593.1368,0,0.5742623,0.5743036,-4.13E-05,0.000184058,0.1116637,34.94268,3572.835,346444.6,6951.04,12682.7,59.68725,60.17424,59.66036,78.54546,0,0,13798.08,12682.7
0.5742999,-0.5743015,78.54707,-0.009709014,12682.7,12.25,10.00045,6721.53,593.1318,0,0.5742617,0.5743015,-3.98E-05,0.000184058,0.1116637,34.95245,3537.142,346480.3,6951.042,12682.7,59.68725,60.17424,59.66036,78.54546,0,0,13798.08,12682.7
0.5742886,-0.5743034,78.54707,-0.00971078,12682.7,12.25,10.00045,6721.53,593.1268,0,0.5742619,0.5743034,-4.15E-05,0.000184058,0.1116637,34.95881,3627.557,346389.9,6951.042,12682.7,59.68725,60.17424,59.66036,78.54546,0,0,13798.08,12682.7
0.5743105,-0.574299,78.54707,-0.009705575,12682.71,12.25,10.00045,6721.531,593.1232,0,0.5742622,0.574299,-3.68E-05,0.000184058,0.1116637,34.94007,3587.102,346430.3,6951.045,12682.71,59.68725,60.17424,59.66036,78.54546,0,0,13798.08,12682.71
0.5743049,-0.574292,78.54707,-0.009707382,12682.71,12.25,10.00045,6721.531,593.1194,0,0.5742618,0.574292,-3.02E-05,0.000184058,0.1116637,34.94658,3551.423,346466,6951.047,12682.71,59.68725,60.17424,59.66036,78.54546,0,0,13798.08,12682.71
0.5742778,-0.5742944,78.54707,-0.009713581,12682.72,12.25,10.00045,6721.532,593.1147,0,0.5742615,0.5742944,-3.28E-05,0.000184058,0.1116637,34.96889,3522.867,346494.5,6951.047,12682.72,59.68725,60.17424,59.66036,78.54546,0,0,13798.08,12682.72
0.5742906,-0.5742955,78.54707,-0.009711593,12682.72,12.25,10.00045,6721.532,593.1109,0,0.5742619,0.5742955,-3.35E-05,0.000184058,0.1116637,34.96173,3615.684,346401.7,6951.05,12682.72,59.68725,60.17424,59.66036,78.54546,0,0,13798.08,12682.72
0.5743064,-0.5742883,78.54707,-0.00970991,12682.73,12.25,10.00045,6721.533,593.1083,0,0.574262,0.5742883,-2.63E-05,0.000184058,0.1116637,34.95568,3570.481,346446.9,6951.053,12682.73,59.68725,60.17424,59.66036,78.54546,0,0,13798.08,12682.73
0.5742873,-0.5742878,78.54707,-0.009715008,12682.73,12.25,10.00045,6721.533,593.1047,0,0.5742614,0.5742878,-2.64E-05,0.000184058,0.1116637,34.97403,3537.165,346480.2,6951.055,12682.73,59.68725,60.17424,59.66036,78.54546,0,0,13798.08,12682.73
0.5742759,-0.5742902,78.54707,-0.009719579,12682.73,12.25,10.00045,6721.533,593.1011,0,0.5742617,0.5742902,-2.85E-05,0.000184058,0.1116637,34.99048,3630.032,346387.3,6951.056,12682.73,59.68725,60.17424,59.66036,78.54546,0,0,13798.08,12682.73
0.5743033,-0.5742891,78.54707,-0.00971416,12682.74,12.25,10.00045,6721.534,593.0982,0,0.5742621,0.5742891,-2.71E-05,0.000184058,0.1116637,34.97097,3584.79,346432.6,6951.059,12682.74,59.68725,60.17424,59.66036,78.54546,0,0,13798.08,12682.74
0.5743067,-0.5742856,78.54707,-0.009713177,12682.74,12.25,10.00045,6721.534,593.0949,0,0.5742619,0.5742856,-2.37E-05,0.000184058,0.1116637,34.96743,3544.304,346473,6951.061,12682.74,59.68725,60.17424,59.66036,78.54546,0,0,13798.08,12682.74
0.5742761,-0.5742912,78.54707,-0.009717903,12682.75,12.25,10.00045,6721.535,593.0906,0,0.5742615,0.5742912,-2.97E-05,0.000184058,0.1116637,34.98445,3508.581,346508.8,6951.061,12682.75,59.68725,60.17424,59.66036,78.54546,0,0,13798.08,12682.75
0.5742952,-0.5742936,78.54707,-0.009712422,12682.75,12.25,10.00045,6721.535,593.0872,0,0.574262,0.5742936,-3.16E-05,0.000184058,0.1116637,34.96472,3594.283,346423,6951.064,12682.75,59.68725,60.17424,59.66036,78.54546,0,0,13798.08,12682.75
0.5743044,-0.574289,78.54707,-0.009709643,12682.75,12.25,10.00045,6721.535,593.0839,0,0.574262,0.574289,-2.69E-05,0.000184058,0.1116637,34.95472,3565.711,346451.6,6951.067,12682.75,59.68725,60.17424,59.66036,78.54546,0,0,13798.08,12682.75
0.5742934,-0.5742845,78.54707,-0.009711263,12682.76,12.25,10.00045,6721.536,593.0807,0,0.5742615,0.5742845,-2.30E-05,0.000184058,0.1116637,34.96054,3530.007,346487.3,6951.069,12682.76,59.68725,60.17424,59.66036,78.54546,0,0,13798.08,12682.76
0.5742763,-0.5742898,78.54707,-0.009714854,12682.76,12.25,10.00045,6721.536,593.0772,0,0.5742617,0.5742898,-2.82E-05,0.000184058,0.1116637,34.97348,3615.697,346401.6,6951.07,12682.76,59.68725,60.17424,59.66036,78.54546,0,0,13798.08,12682.76
0.5742989,-0.5742855,78.54707,-0.009709612,12682.76,12.25,10.00045,6721.536,593.075,0,0.574262,0.5742855,-2.36E-05,0.000184058,0.1116637,34.9546,3570.47,346446.8,6951.072,12682.76,59.68725,60.17424,59.66036,78.54546,0,0,13798.08,12682.76
0.5742943,-0.5742803,78.54707,-0.00971105,12682.77,12.25,10.00045,6721.537,593.0723,0,0.5742616,0.5742803,-1.87E-05,0.000184058,0.1116637,34.95978,3537.153,346480.1,6951.075,12682.77,59.68725,60.17424,59.66036,78.54546,0,0,13798.08,12682.77
0.5742613,-0.5742843,78.54707,-0.009719691,12682.77,12.25,10.00045,6721.537,593.069,0,0.5742614,0.5742843,-2.28E-05,0.000184058,0.1116637,34.99089,3501.44,346387.3,6951.075,12682.77,59.68725,60.17424,59.66036,78.54546,0,0,13798.08,12682.77
0.5742866,-0.5742846,78.54707,-0.009713649,12682.77,12.25,10.00045,6721.537,593.0666,0,0.5742618,0.5742846,-2.28E-05,0.000184058,0.1116637,34.96914,3591.914,346425.3,6951.078,12682.77,59.68725,60.17424,59.66036,78.54546,0,0,13798.08,12682.77
0.5742956,-0.574279,78.54707,-0.0097128,12682.78,12.25,10.00045,6721.538,593.0646,0,0.5742618,0.574279,-1.72E-05,0.000184058,0.1116637,34.96608,3558.594,346458.6,6951.081,12682.78,59.68725,60.17424,59.66036,78.54546,0,0,13798.08,12682.78
0.5742719,-0.574218,78.54707,-0.009718902,12682.78,12.25,10.00045,6721.538,593.0622,0,0.5742611,0.574218,4.31E-05,0.000184058,0.1116637,34.98805,3508.592,346508.6,6951.083,12682.78,59.68725,60.17424,59.66036,78.54546,0,0,13798.08,12682.78
0.5742781,-0.5742836,78.54707,-0.009717633,12682.78,12.25,10.00045,6721.538,593.0594,0,0.5742617,0.5742836,-2.19E-05,0.000184058,0.1116637,34.98348,3601.464,346415.8,6951.083,12682.78,59.68725,60.17424,59.66036,78.54546,0,0,13798.08,12682.78
0.5742936,-0.5742809,78.54707,-0.009714006,12682.79,12.25,10.00045,6721.539,593.0573,0,0.5742618,0.5742809,-1.90E-05,0.000184058,0.1116637,34.97042,3561.051,346449.1,6951.086,12682.79,59.68725,60.17424,59.66036,78.54546,0,0,13798.08,12682.79
0.5742868,-0.5742756,78.54707,-0.009715416,12682.79,12.25,10.00045,6721.539,593.0553,0,0.5742614,0.5742756,-1.42E-05,0.000184058,0.1116637,34.9755,3518.117,346499.1,6951.089,12682.79,59.68725,60.17424,59.66036,78.54546,0,0,13798.08,12682.79
0.5742684,-0.5742831,78.54707,-0.009719071,12682.79,12.25,10.00045,6721.539,593.0521,0,0.5742615,0.5742831,-2.16E-05,0.000184058,0.1116637,34.98866,3610.983,346406.2,6951.089,12682.79,59.68725,60.17424,59.66036,78.54546,0,0,13798.08,12682.79
0.5742896,-0.5742832,78.54707,-0.009712106,12682.8,12.25,10.00045,6721.54,593.0497,0,0.5742617,0.5742832,-2.16E-05,0.000184058,0.1116637,34.96358,3572.863,346444.3,6951.092,12682.8,59.68725,60.17424,59.66036,78.54546,0,0,13798.08,12682.8
0.5742969,-0.5742781,78.54707,-0.009710007,12682.8,12.25,10.00045,6721.541,593.0476,0,0.5742618,0.5742781,-1.63E-05,0.000184058,0.1116637,34.95603,3539.529,346477.6,6951.095,12682.8,59.68725,60.17424,59.66036,78.54546,0,0,13798.08,12682.8
0.5742708,-0.5742185,78.54707,-0.009714485,12682.81,12.25,10.00045,6721.541,593.0449,0,0.5742611,0.5742185,4.27E-05,0.000184058,0.1116637,34.97215,3503.823,346513.3,6951.097,12682.81,59.68725,60.17424,59.66036,78.54546,0,0,13798.08,12682.81
0.5742705,-0.574282,78.54707,-0.009714434,12682.81,12.25,10.00045,6721.541,593.0421,0,0.5742615,0.574282,-2.04E-05,0.000184058,0.1116637,34.97196,3601.416,346415.7,6951.098,12682.81,59.68725,60.17424,59.66036,78.54546,0,0,13798.08,12682.81
0.5742913,-0.574279,78.54707,-0.00970916,12682.81,12.25,10.00045,6721.542,593.0405,0,0.5742618,0.574279,-1.71E-05,0.000184058,0.1116637,34.95298,3560.943,346456.2,6951.1,12682.81,59.68725,60.17424,59.66036,78.54546,0,0,13798.08,12682.81
0.5742924,-0.5742735,78.54707,-0.009709693,12682.82,12.25,10.00045,6721.542,593.0385,0,0.5742616,0.5742735,-1.19E-05,0.000184058,0.1116637,34.9549,3530.008,346487.1,6951.103,12682.82,59.68725,60.17424,59.66036,78.54546,0,0,13798.08,12682.82
0.5742609,-0.5742773,78.54707,-0.009715875,12682.82,12.25,10.00045,6721.542,593.0359,0,0.5742612,0.5742773,-1.61E-05,0.000184058,0.1116637,34.97715,3496.682,346520.4,6951.103,12682.82,59.68725,60.17424,59.66036,78.54546,0,0,13798.08,12682.82
0.5742694,-0.5742784,78.54707,-0.009714362,12682.82,12.25,10.00045,6721.542,593.0337,0,0.5742615,0.5742784,-1.69E-05,0.000184058,0.1116637,34.9717,3596.66,346420.4,6951.106,12682.82,59.68725,60.17424,59.66036,78.54546,0,0,13798.08,12682.82
0.5742866,-0.574274,78.54707,-0.009711068,12682.83,12.25,10.00045,6721.543,593.0325,0,0.5742617,0.574274,-1.23E-05,0.000184058,0.1116637,34.95985,3560.961,346456.1,6951.108,12682.83,59.68725,60.17424,59.66036,78.54546,0,0,13798.08,12682.83
0.5742826,-0.5742681,78.54707,-0.00971319,12682.83,12.25,10.00045,6721.543,593.0313,0,0.5742614,0.5742681,-6.74E-06,0.000184058,0.1116637,34.96748,3525.264,346491.8,6951.111,12682.83,59.68725,60.17424,59.66036,78.54546,0,0,13798.08,12682.83
0.5742569,-0.5742716,78.54707,-0.009719389,12682.84,12.25,10.00045,6721.544,593.0293,0,0.5742611,0.5742716,-1.05E-05,0.000184058,0.1116637,34.9898,3496.692,346520.4,6951.11,12682.84,59.68725,60.17424,59.66036,78.54546,0,0,13798.08,12682.84
0.5742709,-0.5742741,78.54707,-0.009717125,12682.84,12.25,10.00045,6721.544,593.0277,0,0.5742615,0.5742741,-1.26E-05,0.000184058,0.1116637,34.98165,3589.562,346427.5,6951.114,12682.84,59.68725,60.17424,59.66036,78.54546,0,0,13798.08,12682.84
0.5742909,-0.5742691,78.54707,-0.009713615,12682.84,12.25,10.00045,6721.544,593.027,0,0.5742617,0.5742691,-7.44E-06,0.000184058,0.1116637,34.96902,3537.176,346477.5,6951.117,12682.84,59.68725,60.17424,59.66036,78.54546,0,0,13798.08,12682.84
0.5742756,-0.5742718,78.54707,-0.009715939,12682.85,12.25,10.00045,6721.545,593.025,0,0.5742612,0.5742718,-1.07E-05,0.000184058,0.1116637,34.97738,3503.834,346513.2,6951.119,12682.85,59.68725,60.17424,59.66036,78.54546,0,0,13798.08,12682.85
0.5742598,-0.5742763,78.54707,-0.009719262,12682.85,12.25,10.00045,6721.545,593.0225,0,0.5742614,0.5742763,-1.49E-05,0.000184058,0.1116637,34.98934,3603.843,346413.2,6951.12,12682.85,59.68725,60.17424,59.66036,78.54546,0,0,13798.08,12682.85
0.5742837,-0.5742762,78.54707,-0.009712524,12682.86,12.25,10.00045,6721.545,593.021,0,0.5742617,0.5742762,-1.45E-05,0.000184058,0.1116637,34.96508,3565.73,346451.3,6951.123,12682.86,59.68725,60.17424,59.66036,78.54546,0,0,13798.08,12682.86
0.574289,-0.5742709,78.54707,-0.009711035,12682.86,12.25,10.00045,6721.546,593.0197,0,0.5742616,0.5742709,-9.27E-06,0.000184058,0.1116637,34.95972,3532.399,346484.6,6951.125,12682.86,59.68725,60.17424,59.66036,78.54546,0,0,13798.08,12682.86
0.5742649,-0.5742114,78.54707,-0.009715806,12682.87,12.25,10.00045,6721.546,593.0177,0,0.5742611,0.5742114,4.96E-05,0.000184058,0.1116637,34.9769,3494.308,346522.7,6951.128,12682.87,59.68725,60.17424,59.66036,78.54546,0,0,13798.08,12682.87
0.5742685,-0.5742757,78.54707,-0.00971451,12682.87,12.25,10.00045,6721.546,593.0158,0,0.5742615,0.5742757,-1.43E-05,0.000184058,0.1116637,34.97224,3587.15,346429.8,6951.128,12682.87,59.68725,60.17424,59.66036,78.54546,0,0,13798.08,12682.87
0.5742862,-0.5742711,78.54707,-0.009710418,12682.87,12.25,10.00045,6721.547,593.0149,0,0.5742617,0.5742711,-9.42E-06,0.000184058,0.1116637,34.95751,3546.679,346470.3,6951.131,12682.87,59.68725,60.17424,59.66036,78.54546,0,0,13798.08,12682.87
0.5742801,-0.5742658,78.54707,-0.009712014,12682.88,12.25,10.00045,6721.548,593.0137,0,0.5742613,0.5742658,-4.47E-06,0.000184058,0.1116637,34.96325,3518.12,346498.8,6951.133,12682.88,59.68725,60.17424,59.66036,78.54546,0,0,13798.08,12682.88
0.5742542,-0.5742714,78.54707,-0.009718537,12682.88,12.25,10.00045,6721.548,593.012,0,0.5742612,0.5742714,-1.02E-05,0.000184058,0.1116637,34.98673,3603.831,346413.1,6951.134,12682.88,59.68725,60.17424,59.66036,78.54546,0,0,13798.08,12682.88
0.5742791,-0.5742699,78.54707,-0.009712601,12682.88,12.25,10.00045,6721.548,593.0113,0,0.5742618,0.5742699,-8.06E-06,0.000184058,0.1116637,34.96536,3558.595,346458.3,6951.137,12682.88,59.68725,60.17424,59.66036,78.54546,0,0,13798.08,12682.88
0.574284,-0.5742649,78.54707,-0.009712637,12682.89,12.25,10.00045,6721.549,593.0106,0,0.5742615,0.5742649,-3.45E-06,0.000184058,0.1116637,34.96549,3532.414,346484.5,6951.139,12682.89,59.68725,60.17424,59.66036,78.54546,0,0,13798.08,12682.89
0.5742514,-0.5742676,78.54707,-0.009720183,12682.89,12.25,10.00045,6721.549,593.0091,0,0.574261,0.5742676,-6.62E-06,0.000184058,0.1116637,34.99266,3489.556,346527.3,6951.139,12682.89,59.68725,60.17424,59.66036,78.54546,0,0,13798.08,12682.89
0.5742641,-0.57427,78.54707,-0.009718194,12682.89,12.25,10.00045,6721.549,593.0079,0,0.5742614,0.57427,-8.62E-06,0.000184058,0.1116637,34.9855,3587.195,346429.7,6951.142,12682.89,59.68725,60.17424,59.66036,78.54546,0,0,13798.08,12682.89
0.5742857,-0.5742687,78.54707,-0.009713182,12682.9,12.25,10.00045,6721.55,593.0071,0,0.5742617,0.5742687,-6.98E-06,0.000184058,0.1116637,34.96746,3546.702,346470.2,6951.145,12682.9,59.68725,60.17424,59.66036,78.54546,0,0,13798.08,12682.9
0.5742883,-0.5742666,78.54707,-0.009712256,12682.9,12.25,10.00045,6721.55,593.0059,0,0.5742615,0.5742666,-5.01E-06,0.000184058,0.1116637,34.96412,3515.743,346501.1,6951.147,12682.9,59.68725,60.17424,59.66036,78.54546,0,0,13798.08,12682.9
0.5742713,-0.5742702,78.54707,-0.009713595,12682.91,12.25,10.00045,6721.551,593.0037,0,0.5742611,0.5742702,-9.10E-06,0.000184058,0.1116637,34.96894,3496.693,346520.2,6951.15,12682.91,59.68725,60.17424,59.66036,78.54546,0,0,13798.08,12682.91
0.5742657,-0.574274,78.54707,-0.009713897,12682.91,12.25,10.00045,6721.551,593.002,0,0.5742614,0.574274,-1.26E-05,0.000184058,0.1116637,34.97003,3582.386,346434.4,6951.151,12682.91,59.68725,60.17424,59.66036,78.54546,0,0,13798.08,12682.91
0.5742832,-0.5742701,78.54707,-0.009709131,12682.91,12.25,10.00045,6721.551,593.0012,0,0.5742617,0.5742701,-8.42E-06,0.000184058,0.1116637,34.95287,3546.671,346470.2,6951.153,12682.91,59.68725,60.17424,59.66036,78.54546,0,0,13798.08,12682.91
0.5742794,-0.5742645,78.54707,-0.009709844,12682.92,12.25,10.00045,6721.552,593.0002,0,0.5742613,0.5742645,-3.20E-06,0.000184058,0.1116637,34.95544,3510.972,346505.8,6951.156,12682.92,59.68725,60.17424,59.66036,78.54546,0,0,13798.08,12682.92
0.5742489,-0.5742694,78.54707,-0.009716881,12682.92,12.25,10.00045,6721.552,592.9987,0,0.5742611,0.5742694,-8.21E-06,0.000184058,0.1116637,34.98077,3475.261,346415.4,6951.156,12682.92,59.68725,60.17424,59.66036,78.54546,0,0,13798.08,12682.92
0.5742723,-0.5742705,78.54707,-0.009710168,12682.92,12.25,10.00045,6721.552,592.9976,0,0.5742615,0.5742705,-9.00E-06,0.000184058,0.1116637,34.9566,3568.084,346448.7,6951.159,12682.92,59.68725,60.17424,59.66036,78.54546,0,0,13798.08,12682.92
0.5742835,-0.5742652,78.54707,-0.0097081,12682.93,12.25,10.00045,6721.553,592.9971,0,0.5742615,0.5742652,-3.62E-06,0.000184058,0.1116637,34.94916,3530.01,346484.4,6951.162,12682.93,59.68725,60.17424,59.66036,78.54546,0,0,13798.08,12682.93
0.574267,-0.5742654,78.54707,-0.009711308,12682.93,12.25,10.00045,6721.553,592.996,0,0.574261,0.5742654,-4.41E-06,0.000184058,0.1116637,34.96071,3496.692,346520.1,6951.164,12682.93,59.68725,60.17424,59.66036,78.54546,0,0,13798.08,12682.93
0.5742523,-0.5742688,78.54707,-0.009715288,12682.93,12.25,10.00045,6721.553,592.9946,0,0.5742612,0.5742688,-7.58E-06,0.000184058,0.1116637,34.97504,3596.657,346420.1,6951.165,12682.93,59.68725,60.17424,59.66036,78.54546,0,0,13798.08,12682.93
0.5742793,-0.5742678,78.54707,-0.009708711,12682.94,12.25,10.00045,6721.554,592.994,0,0.5742616,0.5742678,-6.21E-06,0.000184058,0.1116637,34.95136,3551.429,346465.3,6951.167,12682.94,59.68725,60.17424,59.66036,78.54546,0,0,13798.08,12682.94
0.5742817,-0.5742634,78.54707,-0.009708506,12682.94,12.25,10.00045,6721.555,592.9933,0,0.5742615,0.5742634,-1.92E-06,0.000184058,0.1116637,34.95062,3525.255,346491.5,6951.17,12682.94,59.68725,60.17424,59.66036,78.54546,0,0,13798.08,12682.94
0.5742582,-0.5742042,78.54707,-0.009713831,12682.95,12.25,10.00045,6721.555,592.9922,0,0.574261,0.5742042,5.68E-05,0.000184058,0.1116637,34.96979,3487.176,346529.5,6951.173,12682.95,59.68725,60.17424,59.66036,78.54546,0,0,13798.08,12682.95
0.574262,-0.5742688,78.54707,-0.00971296,12682.95,12.25,10.00045,6721.555,592.991,0,0.5742614,0.5742688,-7.48E-06,0.000184058,0.1116637,34.96666,3580,346436.7,6951.173,12682.95,59.68725,60.17424,59.66036,78.54546,0,0,13798.08,12682.95
0.5742782,-0.5742655,78.54707,-0.009709448,12682.95,12.25,10.00045,6721.556,592.9907,0,0.5742615,0.5742655,-4.00E-06,0.000184058,0.1116637,34.95401,3546.68,346470,6951.176,12682.95,59.68725,60.17424,59.66036,78.54546,0,0,13798.08,12682.95
0.5742777,-0.5742599,78.54707,-0.009710342,12682.96,12.25,10.00045,6721.556,592.9904,0,0.5742613,0.5742599,1.40E-06,0.000184058,0.1116637,34.95723,3518.127,346498.6,6951.178,12682.96,59.68725,60.17424,59.66036,78.54546,0,0,13798.08,12682.96
0.5742475,-0.5742635,78.54707,-0.009717342,12682.96,12.25,10.00045,6721.557,592.9893,0,0.574261,0.5742635,-2.52E-06,0.000184058,0.1116637,34.98243,3482.421,346534.3,6951.178,12682.96,59.68725,60.17424,59.66036,78.54546,0,0,13798.08,12682.96
0.5742546,-0.5742652,78.54707,-0.009716718,12682.96,12.25,10.00045,6721.557,592.9886,0,0.5742612,0.5742652,-4.01E-06,0.000184058,0.1116637,34.98018,3587.177,346429.5,6951.182,12682.96,59.68725,60.17424,59.66036,78.54546,0,0,13798.08,12682.96
0.5742744,-0.5742641,78.54707,-0.009712492,12682.97,12.25,10.00045,6721.557,592.9883,0,0.5742615,0.5742641,-2.59E-06,0.000184058,0.1116637,34.96497,3553.847,346462.8,6951.184,12682.97,59.68725,60.17424,59.66036,78.54546,0,0,13798.08,12682.97
0.5742793,-0.5742593,78.54707,-0.009712811,12682.97,12.25,10.00045,6721.558,592.9882,0,0.5742615,0.5742593,2.25E-06,0.000184058,0.1116637,34.96612,3522.908,346493.7,6951.187,12682.97,59.68725,60.17424,59.66036,78.54546,0,0,13798.08,12682.97
0.5742553,-0.5742021,78.54707,-0.009717925,12682.98,12.25,10.00045,6721.558,592.9874,0,0.5742608,0.5742021,5.88E-05,0.000184058,0.1116637,34.98453,3489.574,346527.1,6951.189,12682.98,59.68725,60.17424,59.66036,78.54546,0,0,13798.08,12682.98
0.5742624,-0.5742654,78.54707,-0.009716936,12682.98,12.25,10.00045,6721.558,592.9866,0,0.5742614,0.5742654,-4.00E-06,0.000184058,0.1116637,34.98097,3575.298,346441.3,6951.19,12682.98,59.68725,60.17424,59.66036,78.54546,0,0,13798.08,12682.98
0.5742834,-0.5742644,78.54707,-0.00971247,12682.98,12.25,10.00045,6721.559,592.9863,0,0.5742617,0.5742644,-2.74E-06,0.000184058,0.1116637,34.96489,3537.19,346479.4,6951.193,12682.98,59.68725,60.17424,59.66036,78.54546,0,0,13798.08,12682.98
0.5742791,-0.5742624,78.54707,-0.009711999,12682.99,12.25,10.00045,6721.559,592.9854,0,0.5742613,0.5742624,-1.06E-06,0.000184058,0.1116637,34.9632,3503.851,346512.7,6951.195,12682.99,59.68725,60.17424,59.66036,78.54546,0,0,13798.08,12682.99
0.5742458,-0.5742684,78.54707,-0.009718448,12683,12.25,10.00045,6721.56,592.9838,0,0.5742611,0.5742684,-7.28E-06,0.000184058,0.1116637,34.98641,3468.131,346422.3,6951.196,12683,59.68725,60.17424,59.66036,78.54546,0,0,13798.08,12683
0.5742709,-0.5742689,78.54707,-0.009710648,12683,12.25,10.00045,6721.56,592.983,0,0.5742615,0.5742689,-7.42E-06,0.000184058,0.1116637,34.95834,3560.963,346455.6,6951.199,12683,59.68725,60.17424,59.66036,78.54546,0,0,13798.08,12683
0.5742816,-0.5742649,78.54707,-0.009707543,12683,12.25,10.00045,6721.56,592.9825,0,0.5742615,0.5742649,-3.38E-06,0.000184058,0.1116637,34.94715,3532.395,346484.2,6951.201,12683,59.68725,60.17424,59.66036,78.54546,0,0,13798.08,12683
0.5742718,-0.5742615,78.54707,-0.009708753,12683.01,12.25,10.00045,6721.561,592.9818,0,0.5742611,0.5742615,-3.76E-07,0.000184058,0.1116637,34.95151,3496.697,346519.8,6951.204,12683.01,59.68725,60.17424,59.66036,78.54546,0,0,13798.08,12683.01
0.5742507,-0.5742673,78.54707,-0.009713227,12683.01,12.25,10.00045,6721.561,592.9804,0,0.5742612,0.5742673,-6.13E-06,0.000184058,0.1116637,34.96762,3589.504,346427,6951.204,12683.01,59.68725,60.17424,59.66036,78.54546,0,0,13798.08,12683.01
0.5742769,-0.5742657,78.54707,-0.009706066,12683.01,12.25,10.00045,6721.561,592.9801,0,0.5742615,0.5742657,-4.12E-06,0.000184058,0.1116637,34.94184,3544.278,346472.2,6951.207,12683.01,59.68725,60.17424,59.66036,78.54546,0,0,13798.08,12683.01
0.5742792,-0.5742609,78.54707,-0.009705404,12683.02,12.25,10.00045,6721.562,592.9797,0,0.5742614,0.5742609,4.85E-07,0.000184058,0.1116637,34.93945,3510.968,346505.5,6951.209,12683.02,59.68725,60.17424,59.66036,78.54546,0,0,13798.08,12683.02
0.5742556,-0.5742026,78.54707,-0.009709701,12683.02,12.25,10.00045,6721.563,592.9786,0,0.5742608,0.5742026,5.83E-05,0.000184058,0.1116637,34.95493,3482.417,346534.1,6951.212,12683.02,59.68725,60.17424,59.66036,78.54546,0,0,13798.08,12683.02
0.5742615,-0.5742675,78.54707,-0.00970829,12683.02,12.25,10.00045,6721.563,592.9776,0,0.5742614,0.5742675,-6.16E-06,0.000184058,0.1116637,34.94984,3572.821,346443.7,6951.213,12683.02,59.68725,60.17424,59.66036,78.54546,0,0,13798.08,12683.02
0.5742778,-0.5742647,78.54707,-0.009704187,12683.03,12.25,10.00045,6721.563,592.9773,0,0.5742615,0.5742647,-3.14E-06,0.000184058,0.1116637,34.93507,3539.509,346476.9,6951.215,12683.03,59.68725,60.17424,59.66036,78.54546,0,0,13798.08,12683.03
0.5742756,-0.5742597,78.54707,-0.009705017,12683.03,12.25,10.00045,6721.563,592.9769,0,0.5742612,0.5742597,1.51E-06,0.000184058,0.1116637,34.93806,3501.449,346515,6951.218,12683.03,59.68725,60.17424,59.66036,78.54546,0,0,13798.08,12683.03
0.5742488,-0.5742643,78.54707,-0.00970999,12683.04,12.25,10.00045,6721.564,592.9756,0,0.574261,0.5742643,-3.38E-06,0.000184058,0.1116637,34.95596,3475.279,346541.2,6951.218,12683.04,59.68725,60.17424,59.66036,78.54546,0,0,13798.08,12683.04
0.5742628,-0.5742663,78.54707,-0.009706609,12683.04,12.25,10.00045,6721.564,592.975,0,0.5742614,0.5742663,-4.92E-06,0.000184058,0.1116637,34.94379,3565.674,346448.4,6951.221,12683.04,59.68725,60.17424,59.66036,78.54546,0,0,13798.08,12683.04
0.5742779,-0.5742615,78.54707,-0.009703469,12683.04,12.25,10.00045,6721.564,592.9751,0,0.5742615,0.5742615,-3.84E-08,0.000184058,0.1116637,34.93248,3532.373,346484,6951.224,12683.04,59.68725,60.17424,59.66036,78.54546,0,0,13798.08,12683.04
0.5742611,-0.5742602,78.54707,-0.009707292,12683.05,12.25,10.00045,6721.565,592.9747,0,0.5742609,0.5742602,7.08E-07,0.000184058,0.1116637,34.94625,3489.56,346526.8,6951.226,12683.05,59.68725,60.17424,59.66036,78.54546,0,0,13798.08,12683.05
0.5742484,-0.5742635,78.54707,-0.009710964,12683.05,12.25,10.00045,6721.565,592.9739,0,0.5742611,0.5742635,-2.32E-06,0.000184058,0.1116637,34.95947,3587.103,346429.3,6951.227,12683.05,59.68725,60.17424,59.66036,78.54546,0,0,13798.08,12683.05
0.5742663,-0.5742642,78.54707,-0.009706367,12683.05,12.25,10.00045,6721.565,592.9736,0,0.5742614,0.5742642,-2.81E-06,0.000184058,0.1116637,34.94292,3560.926,346455.5,6951.229,12683.05,59.68725,60.17424,59.66036,78.54546,0,0,13798.08,12683.05
0.5742782,-0.57426,78.54707,-0.009704472,12683.06,12.25,10.00045,6721.566,592.9736,0,0.5742615,0.57426,1.49E-06,0.000184058,0.1116637,34.9361,3530.006,346486.4,6951.232,12683.06,59.68725,60.17424,59.66036,78.54546,0,0,13798.08,12683.06
0.574268,-0.5742578,78.54707,-0.009706785,12683.06,12.25,10.00045,6721.566,592.9733,0,0.574261,0.5742578,3.26E-06,0.000184058,0.1116637,34.94442,3496.704,346519.7,6951.234,12683.06,59.68725,60.17424,59.66036,78.54546,0,0,13798.08,12683.06
0.5742465,-0.5742634,78.54707,-0.009712307,12683.06,12.25,10.00045,6721.566,592.9724,0,0.5742611,0.5742634,-2.29E-06,0.000184058,0.1116637,34.96431,3589.497,346426.8,6951.235,12683.06,59.68725,60.17424,59.66036,78.54546,0,0,13798.08,12683.06
0.5742676,-0.5742645,78.54707,-0.009707035,12683.07,12.25,10.00045,6721.567,592.972,0,0.5742614,0.5742645,-3.09E-06,0.000184058,0.1116637,34.94533,3558.561,346457.8,6951.238,12683.07,59.68725,60.17424,59.66036,78.54546,0,0,13798.08,12683.07
0.5742749,-0.5742619,78.54707,-0.009705544,12683.07,12.25,10.00045,6721.567,592.9718,0,0.5742615,0.5742619,-4.21E-07,0.000184058,0.1116637,34.93996,3539.53,346476.8,6951.241,12683.07,59.68725,60.17424,59.66036,78.54546,0,0,13798.08,12683.07
0.5742657,-0.5742567,78.54707,-0.009707901,12683.08,12.25,10.00045,6721.568,592.9718,0,0.574261,0.5742567,4.30E-06,0.000184058,0.1116637,34.94844,3496.712,346519.6,6951.243,12683.08,59.68725,60.17424,59.66036,78.54546,0,0,13798.08,12683.08
0.5742403,-0.5742613,78.54707,-0.009715078,12683.08,12.25,10.00045,6721.568,592.9711,0,0.574261,0.5742613,-3.05E-07,0.000184058,0.1116637,34.97428,3468.151,346419.7,6951.243,12683.08,59.68725,60.17424,59.66036,78.54546,0,0,13798.08,12683.08
0.5742685,-0.5742618,78.54707,-0.009707903,12683.08,12.25,10.00045,6721.568,592.9711,0,0.5742614,0.5742618,-4.31E-07,0.000184058,0.1116637,34.94845,3551.44,346462.5,6951.246,12683.08,59.68725,60.17424,59.66036,78.54546,0,0,13798.08,12683.08
0.5742767,-0.5742577,78.54707,-0.00970674,12683.09,12.25,10.00045,6721.569,592.9713,0,0.5742614,0.5742577,3.69E-06,0.000184058,0.1116637,34.94426,3525.271,346491,6951.249,12683.09,59.68725,60.17424,59.66036,78.54546,0,0,13798.08,12683.09
0.5742657,-0.5742556,78.54707,-0.009709585,12683.09,12.25,10.00045,6721.57,592.9711,0,0.574261,0.5742556,5.33E-06,0.000184058,0.1116637,34.95451,3496.722,346519.5,6951.251,12683.09,59.68725,60.17424,59.66036,78.54546,0,0,13798.08,12683.09
0.5742521,-0.5742621,78.54707,-0.009712971,12683.09,12.25,10.00045,6721.57,592.9704,0,0.5742612,0.5742621,-9.83E-07,0.000184058,0.1116637,34.9667,3580.017,346436.3,6951.252,12683.09,59.68725,60.17424,59.66036,78.54546,0,0,13798.08,12683.09
0.5742645,-0.5742626,78.54707,-0.00970999,12683.1,12.25,10.00045,6721.57,592.9703,0,0.5742614,0.5742626,-1.16E-06,0.000184058,0.1116637,34.95596,3560.975,346455.3,6951.255,12683.1,59.68725,60.17424,59.66036,78.54546,0,0,13798.08,12683.1
0.5742782,-0.5742576,78.54707,-0.009708014,12683.1,12.25,10.00045,6721.571,592.9706,0,0.5742614,0.5742576,3.91E-06,0.000184058,0.1116637,34.94885,3522.905,346493.3,6951.257,12683.1,59.68725,60.17424,59.66036,78.54546,0,0,13798.08,12683.1
0.5742602,-0.5742587,78.54707,-0.009711568,12683.11,12.25,10.00045,6721.571,592.9702,0,0.5742609,0.5742587,2.13E-06,0.000184058,0.1116637,34.96165,3489.588,346526.6,6951.26,12683.11,59.68725,60.17424,59.66036,78.54546,0,0,13798.08,12683.11
0.574245,-0.574262,78.54707,-0.009715909,12683.11,12.25,10.00045,6721.571,592.9695,0,0.5742611,0.574262,-8.94E-07,0.000184058,0.1116637,34.97727,3589.557,346426.7,6951.26,12683.11,59.68725,60.17424,59.66036,78.54546,0,0,13798.08,12683.11
0.5742697,-0.5742625,78.54707,-0.009709655,12683.11,12.25,10.00045,6721.572,592.9694,0,0.5742614,0.5742625,-1.06E-06,0.000184058,0.1116637,34.95476,3551.466,346464.7,6951.263,12683.11,59.68725,60.17424,59.66036,78.54546,0,0,13798.08,12683.11
0.5742757,-0.5742573,78.54707,-0.00970872,12683.12,12.25,10.00045,6721.572,592.9695,0,0.5742614,0.5742573,4.12E-06,0.000184058,0.1116637,34.95139,3518.152,346498,6951.266,12683.12,59.68725,60.17424,59.66036,78.54546,0,0,13798.08,12683.12
0.5742649,-0.5742553,78.54707,-0.009711114,12683.13,12.25,10.00045,6721.573,592.9694,0,0.574261,0.5742553,5.67E-06,0.000184058,0.1116637,34.96001,3496.736,346519.4,6951.269,12683.13,59.68725,60.17424,59.66036,78.54546,0,0,13798.08,12683.13
0.5742446,-0.574261,78.54707,-0.009716582,12683.13,12.25,10.00045,6721.573,592.9688,0,0.5742611,0.574261,5.61E-08,0.000184058,0.1116637,34.97969,3589.57,346426.6,6951.269,12683.13,59.68725,60.17424,59.66036,78.54546,0,0,13798.08,12683.13
0.5742636,-0.574261,78.54707,-0.009711784,12683.13,12.25,10.00045,6721.573,592.9689,0,0.5742614,0.574261,4.12E-07,0.000184058,0.1116637,34.96243,3558.624,346457.5,6951.272,12683.13,59.68725,60.17424,59.66036,78.54546,0,0,13798.08,12683.13
0.5742751,-0.574258,78.54707,-0.009709937,12683.13,12.25,10.00045,6721.574,592.9692,0,0.5742614,0.574258,3.43E-06,0.000184058,0.1116637,34.95578,3532.443,346483.7,6951.274,12683.13,59.68725,60.17424,59.66036,78.54546,0,0,13798.08,12683.13
0.5742697,-0.5742542,78.54707,-0.009711784,12683.14,12.25,10.00045,6721.574,592.9692,0,0.5742611,0.5742542,6.93E-06,0.000184058,0.1116637,34.96242,3503.887,346512.3,6951.277,12683.14,59.68725,60.17424,59.66036,78.54546,0,0,13798.08,12683.14
0.5742409,-0.5742603,78.54707,-0.009719185,12683.15,12.25,10.00045,6721.575,592.9686,0,0.574261,0.5742603,6.67E-07,0.000184058,0.1116637,34.98906,3468.17,346421.8,6951.277,12683.15,59.68725,60.17424,59.66036,78.54546,0,0,13798.08,12683.15
0.5742636,-0.5742618,78.54707,-0.009713007,12683.15,12.25,10.00045,6721.575,592.9684,0,0.5742614,0.5742618,-4.15E-07,0.000184058,0.1116637,34.96683,3561.018,346455.1,6951.28,12683.15,59.68725,60.17424,59.66036,78.54546,0,0,13798.08,12683.15
0.5742773,-0.5742562,78.54707,-0.009711105,12683.15,12.25,10.00045,6721.575,592.9689,0,0.5742614,0.5742562,5.19E-06,0.000184058,0.1116637,34.95998,3515.793,346500.3,6951.283,12683.15,59.68725,60.17424,59.66036,78.54546,0,0,13798.08,12683.15
0.5742593,-0.5742582,78.54707,-0.009714389,12683.16,12.25,10.00045,6721.576,592.9684,0,0.5742608,0.5742582,2.64E-06,0.000184058,0.1116637,34.9718,3489.608,346526.5,6951.286,12683.16,59.68725,60.17424,59.66036,78.54546,0,0,13798.08,12683.16
0.5742496,-0.5742621,78.54707,-0.009716943,12683.16,12.25,10.00045,6721.576,592.9678,0,0.5742611,0.5742621,-9.46E-07,0.000184058,0.1116637,34.981,3580.076,346433.6,6951.286,12683.16,59.68725,60.17424,59.66036,78.54546,0,0,13798.08,12683.16
0.5742668,-0.5742606,78.54707,-0.009712867,12683.16,12.25,10.00045,6721.576,592.9681,0,0.5742614,0.5742606,8.25E-07,0.000184058,0.1116637,34.96632,3553.887,346462.2,6951.289,12683.16,59.68725,60.17424,59.66036,78.54546,0,0,13798.08,12683.16
0.574275,-0.5742561,78.54707,-0.009711951,12683.17,12.25,10.00045,6721.577,592.9685,0,0.5742614,0.5742561,5.31E-06,0.000184058,0.1116637,34.96302,3525.325,346490.7,6951.291,12683.17,59.68725,60.17424,59.66036,78.54546,0,0,13798.08,12683.17
0.5742649,-0.5742541,78.54707,-0.009714341,12683.17,12.25,10.00045,6721.578,592.9685,0,0.574261,0.5742541,6.87E-06,0.000184058,0.1116637,34.97163,3496.759,346519.3,6951.294,12683.17,59.68725,60.17424,59.66036,78.54546,0,0,13798.08,12683.17
0.5742446,-0.5742603,78.54707,-0.009719567,12683.17,12.25,10.00045,6721.578,592.9679,0,0.5742611,0.5742603,7.60E-07,0.000184058,0.1116637,34.99044,3589.624,346433.5,6951.294,12683.17,59.68725,60.17424,59.66036,78.54546,0,0,13798.08,12683.17
0.5742678,-0.5742601,78.54707,-0.009713819,12683.18,12.25,10.00045,6721.578,592.9681,0,0.5742614,0.5742601,1.37E-06,0.000184058,0.1116637,34.96975,3551.521,346464.5,6951.297,12683.18,59.68725,60.17424,59.66036,78.54546,0,0,13798.08,12683.18
0.5742754,-0.5742567,78.54707,-0.009712678,12683.18,12.25,10.00045,6721.579,592.9684,0,0.5742614,0.5742567,4.74E-06,0.000184058,0.1116637,34.96564,3525.334,346490.7,6951.3,12683.18,59.68725,60.17424,59.66036,78.54546,0,0,13798.08,12683.18
0.5742577,-0.5742567,78.54707,-0.009716653,12683.19,12.25,10.00045,6721.579,592.9682,0,0.5742608,0.5742567,4.17E-06,0.000184058,0.1116637,34.97995,3489.623,346526.4,6951.302,12683.19,59.68725,60.17424,59.66036,78.54546,0,0,13798.08,12683.19
0.574246,-0.5742612,78.54707,-0.009720058,12683.19,12.25,10.00045,6721.579,592.9676,0,0.5742611,0.5742612,-1.04E-07,0.000184058,0.1116637,34.99221,3587.257,346428.7,6951.303,12683.19,59.68725,60.17424,59.66036,78.54546,0,0,13798.08,12683.19
0.574267,-0.5742611,78.54707,-0.009714618,12683.19,12.25,10.00045,6721.58,592.9677,0,0.5742614,0.5742611,3.45E-07,0.000184058,0.1116637,34.97263,3553.911,346462,6951.306,12683.19,59.68725,60.17424,59.66036,78.54546,0,0,13798.08,12683.19
0.5742799,-0.5742578,78.54707,-0.009712077,12683.2,12.25,10.00045,6721.58,592.9679,0,0.5742615,0.5742578,3.69E-06,0.000184058,0.1116637,34.96348,3518.19,346497.8,6951.309,12683.2,59.68725,60.17424,59.66036,78.54546,0,0,13798.08,12683.2
0.5742555,-0.5742012,78.54707,-0.009715671,12683.2,12.25,10.00045,6721.581,592.9671,0,0.5742608,0.5742012,5.97E-05,0.000184058,0.1116637,34.97641,3477.71,346538.2,6951.311,12683.2,59.68725,60.17424,59.66036,78.54546,0,0,13798.08,12683.2
0.5742564,-0.5742651,78.54707,-0.009714057,12683.2,12.25,10.00045,6721.581,592.9662,0,0.5742614,0.5742651,-3.72E-06,0.000184058,0.1116637,34.9706,3568.168,346447.8,6951.312,12683.2,59.68725,60.17424,59.66036,78.54546,0,0,13798.08,12683.2
0.5742702,-0.5742637,78.54707,-0.009709863,12683.21,12.25,10.00045,6721.581,592.9661,0,0.5742615,0.5742637,-2.26E-06,0.000184058,0.1116637,34.95551,3549.109,346466.8,6951.314,12683.21,59.68725,60.17424,59.66036,78.54546,0,0,13798.08,12683.21
0.5742775,-0.5742581,78.54707,-0.009707963,12683.21,12.25,10.00045,6721.582,592.9662,0,0.5742614,0.5742581,3.23E-06,0.000184058,0.1116637,34.94867,3513.406,346502.5,6951.317,12683.21,59.68725,60.17424,59.66036,78.54546,0,0,13798.08,12683.21
0.5742542,-0.5742006,78.54707,-0.009711718,12683.22,12.25,10.00045,6721.582,592.9656,0,0.5742608,0.5742006,6.02E-05,0.000184058,0.1116637,34.96218,3477.706,346538.2,6951.319,12683.22,59.68725,60.17424,59.66036,78.54546,0,0,13798.08,12683.22
0.5742574,-0.5742644,78.54707,-0.009710419,12683.22,12.25,10.00045,6721.582,592.9648,0,0.5742613,0.5742644,-3.15E-06,0.000184058,0.1116637,34.95751,3570.508,346445.3,6951.32,12683.22,59.68725,60.17424,59.66036,78.54546,0,0,13798.08,12683.22
0.5742741,-0.5742622,78.54707,-0.009705967,12683.22,12.25,10.00045,6721.583,592.9648,0,0.5742615,0.5742622,-7.16E-07,0.000184058,0.1116637,34.94148,3539.565,346476.3,6951.323,12683.22,59.68725,60.17424,59.66036,78.54546,0,0,13798.08,12683.22
0.5742758,-0.5742576,78.54707,-0.009705302,12683.23,12.25,10.00045,6721.583,592.9648,0,0.5742613,0.5742576,3.75E-06,0.000184058,0.1116637,34.93909,3506.255,346509.6,6951.325,12683.23,59.68725,60.17424,59.66036,78.54546,0,0,13798.08,12683.23
0.5742629,-0.5742599,78.54707,-0.009707903,12683.23,12.25,10.00045,6721.583,592.9642,0,0.5742607,0.5742599,8.20E-07,0.000184058,0.1116637,34.94845,3482.463,346533.4,6951.328,12683.23,59.68725,60.17424,59.66036,78.54546,0,0,13798.08,12683.23
0.5742482,-0.5742639,78.54707,-0.009710636,12683.23,12.25,10.00045,6721.583,592.9633,0,0.5742611,0.5742639,-2.81E-06,0.000184058,0.1116637,34.95829,3582.384,346433.4,6951.329,12683.23,59.68725,60.17424,59.66036,78.54546,0,0,13798.08,12683.23
0.5742689,-0.5742634,78.54707,-0.009704671,12683.24,12.25,10.00045,6721.584,592.9631,0,0.5742614,0.5742634,-1.93E-06,0.000184058,0.1116637,34.93681,3549.064,346466.7,6951.332,12683.24,59.68725,60.17424,59.66036,78.54546,0,0,13798.08,12683.24
0.5742759,-0.5742571,78.54707,-0.00970332,12683.24,12.25,10.00045,6721.585,592.9634,0,0.5742614,0.5742571,4.24E-06,0.000184058,0.1116637,34.93195,3513.386,346502.4,6951.334,12683.24,59.68725,60.17424,59.66036,78.54546,0,0,13798.08,12683.24
0.5742592,-0.5742581,78.54707,-0.009706624,12683.25,12.25,10.00045,6721.585,592.963,0,0.5742608,0.5742581,2.76E-06,0.000184058,0.1116637,34.94384,3484.843,346530.9,6951.336,12683.25,59.68725,60.17424,59.66036,78.54546,0,0,13798.08,12683.25
0.5742408,-0.5742606,78.54707,-0.009711661,12683.25,12.25,10.00045,6721.586,592.9625,0,0.574261,0.5742606,3.56E-07,0.000184058,0.1116637,34.96198,3463.426,346426.3,6951.337,12683.25,59.68725,60.17424,59.66036,78.54546,0,0,13798.08,12683.25
0.5742646,-0.5742623,78.54707,-0.009705001,12683.25,12.25,10.00045,6721.586,592.9623,0,0.5742614,0.5742623,-9.05E-07,0.000184058,0.1116637,34.938,3556.199,346459.6,6951.34,12683.25,59.68725,60.17424,59.66036,78.54546,0,0,13798.08,12683.25
0.5742756,-0.5742587,78.54707,-0.009702852,12683.26,12.25,10.00045,6721.586,592.9626,0,0.5742616,0.5742587,2.89E-06,0.000184058,0.1116637,34.93027,3525.28,346490.5,6951.342,12683.26,59.68725,60.17424,59.66036,78.54546,0,0,13798.08,12683.26
0.5742713,-0.5742555,78.54707,-0.009703814,12683.26,12.25,10.00045,6721.587,592.9625,0,0.5742611,0.5742555,5.70E-06,0.000184058,0.1116637,34.93373,3499.117,346516.6,6951.345,12683.26,59.68725,60.17424,59.66036,78.54546,0,0,13798.08,12683.26
0.574244,-0.5742597,78.54707,-0.009709555,12683.27,12.25,10.00045,6721.587,592.9619,0,0.5742609,0.5742597,1.14E-06,0.000184058,0.1116637,34.9544,3470.572,346545.2,6951.345,12683.27,59.68725,60.17424,59.66036,78.54546,0,0,13798.08,12683.27
0.5742663,-0.5742626,78.54707,-0.009704412,12683.27,12.25,10.00045,6721.587,592.9616,0,0.5742614,0.5742626,-1.18E-06,0.000184058,0.1116637,34.93588,3553.822,346461.9,6951.348,12683.27,59.68725,60.17424,59.66036,78.54546,0,0,13798.08,12683.27
0.5742756,-0.5742594,78.54707,-0.009702305,12683.28,12.25,10.00045,6721.588,592.9617,0,0.5742615,0.5742594,2.07E-06,0.000184058,0.1116637,34.9283,3527.657,346488,6951.351,12683.28,59.68725,60.17424,59.66036,78.54546,0,0,13798.08,12683.28
0.5742669,-0.5742562,78.54707,-0.009704485,12683.28,12.25,10.00045,6721.588,592.9616,0,0.574261,0.5742562,4.83E-06,0.000184058,0.1116637,34.93615,3489.605,346526.1,6951.354,12683.28,59.68725,60.17424,59.66036,78.54546,0,0,13798.08,12683.28
0.5742413,-0.5742617,78.54707,-0.009710511,12683.29,12.25,10.00045,6721.589,592.9608,0,0.574261,0.5742617,-7.32E-07,0.000184058,0.1116637,34.95784,3463.433,346426.2,6951.354,12683.29,59.68725,60.17424,59.66036,78.54546,0,0,13798.08,12683.29
0.5742595,-0.5742627,78.54707,-0.00970504,12683.29,12.25,10.00045,6721.589,592.9606,0,0.5742613,0.5742627,-1.45E-06,0.000184058,0.1116637,34.93814,3560.954,346452.3,6951.357,12683.29,59.68725,60.17424,59.66036,78.54546,0,0,13798.08,12683.29
0.5742731,-0.5742593,78.54707,-0.009702082,12683.29,12.25,10.00045,6721.589,592.9609,0,0.5742614,0.5742593,2.14E-06,0.000184058,0.1116637,34.92749,3534.792,346480.8,6951.359,12683.29,59.68725,60.17424,59.66036,78.54546,0,0,13798.08,12683.29
0.5742697,-0.5742542,78.54707,-0.009703382,12683.3,12.25,10.00045,6721.59,592.9611,0,0.5742611,0.5742542,6.88E-06,0.000184058,0.1116637,34.93217,3499.123,346516.5,6951.362,12683.3,59.68725,60.17424,59.66036,78.54546,0,0,13798.08,12683.3
0.5742517,-0.574198,78.54707,-0.009706912,12683.3,12.25,10.00045,6721.59,592.9608,0,0.5742608,0.574198,6.28E-05,0.000184058,0.1116637,34.94488,3477.716,346537.9,6951.365,12683.3,59.68725,60.17424,59.66036,78.54546,0,0,13798.08,12683.3
0.5742497,-0.5742614,78.54707,-0.00970795,12683.3,12.25,10.00045,6721.59,592.9603,0,0.5742611,0.5742614,-2.74E-07,0.000184058,0.1116637,34.94862,3577.616,346438,6951.365,12683.3,59.68725,60.17424,59.66036,78.54546,0,0,13798.08,12683.3
0.5742743,-0.5742586,78.54707,-0.009702423,12683.31,12.25,10.00045,6721.591,592.9607,0,0.5742615,0.5742586,2.86E-06,0.000184058,0.1116637,34.92872,3532.422,346483.2,6951.368,12683.31,59.68725,60.17424,59.66036,78.54546,0,0,13798.08,12683.31
0.5742737,-0.5742552,78.54707,-0.009702751,12683.31,12.25,10.00045,6721.591,592.9608,0,0.5742612,0.5742552,6.00E-06,0.000184058,0.1116637,34.9299,3506.262,346509.3,6951.371,12683.31,59.68725,60.17424,59.66036,78.54546,0,0,13798.08,12683.31
0.574261,-0.5742578,78.54707,-0.009705932,12683.32,12.25,10.00045,6721.592,592.9605,0,0.5742607,0.5742578,2.87E-06,0.000184058,0.1116637,34.94135,3482.479,346533.1,6951.373,12683.32,59.68725,60.17424,59.66036,78.54546,0,0,13798.08,12683.32
0.5742523,-0.5742626,78.54707,-0.009707425,12683.32,12.25,10.00045,6721.592,592.9597,0,0.5742612,0.5742626,-1.39E-06,0.000184058,0.1116637,34.94673,3575.242,346440.3,6951.374,12683.32,59.68725,60.17424,59.66036,78.54546,0,0,13798.08,12683.32
0.5742671,-0.5742617,78.54707,-0.009703372,12683.32,12.25,10.00045,6721.593,592.9597,0,0.5742614,0.5742617,-2.96E-07,0.000184058,0.1116637,34.93214,3549.071,346466.5,6951.376,12683.32,59.68725,60.17424,59.66036,78.54546,0,0,13798.08,12683.32
0.5742747,-0.5742565,78.54707,-0.009702157,12683.33,12.25,10.00045,6721.593,592.9601,0,0.5742614,0.5742565,4.88E-06,0.000184058,0.1116637,34.92777,3520.535,346495,6951.379,12683.33,59.68725,60.17424,59.66036,78.54546,0,0,13798.08,12683.33
0.5742642,-0.5742542,78.54707,-0.009704717,12683.33,12.25,10.00045,6721.594,592.9601,0,0.574261,0.5742542,6.78E-06,0.000184058,0.1116637,34.93698,3491.999,346523.5,6951.381,12683.33,59.68725,60.17424,59.66036,78.54546,0,0,13798.08,12683.33
0.5742445,-0.5742599,78.54707,-0.009709606,12683.33,12.25,10.00045,6721.594,592.9597,0,0.574261,0.5742599,1.14E-06,0.000184058,0.1116637,34.95458,3582.391,346433.1,6951.382,12683.33,59.68725,60.17424,59.66036,78.54546,0,0,13798.08,12683.33
0.574259,-0.5742611,78.54707,-0.009705839,12683.34,12.25,10.00045,6721.594,592.9597,0,0.5742613,0.5742611,1.86E-07,0.000184058,0.1116637,34.94102,3563.354,346452.1,6951.385,12683.34,59.68725,60.17424,59.66036,78.54546,0,0,13798.08,12683.34
0.5742744,-0.5742573,78.54707,-0.009702844,12683.34,12.25,10.00045,6721.595,592.9601,0,0.5742615,0.5742573,4.24E-06,0.000184058,0.1116637,34.93024,3525.301,346490.2,6951.388,12683.34,59.68725,60.17424,59.66036,78.54546,0,0,13798.08,12683.34
0.5742701,-0.5742542,78.54707,-0.009703967,12683.35,12.25,10.00045,6721.595,592.9602,0,0.5742611,0.5742542,6.99E-06,0.000184058,0.1116637,34.93428,3499.139,346516.3,6951.39,12683.35,59.68725,60.17424,59.66036,78.54546,0,0,13798.08,12683.35
0.5742428,-0.5742585,78.54707,-0.009709843,12683.35,12.25,10.00045,6721.596,592.9597,0,0.5742608,0.5742585,2.35E-06,0.000184058,0.1116637,34.95544,3470.593,346544.9,6951.39,12683.35,59.68725,60.17424,59.66036,78.54546,0,0,13798.08,12683.35
0.5742563,-0.5742619,78.54707,-0.009706941,12683.35,12.25,10.00045,6721.596,592.9594,0,0.5742612,0.5742619,-6.33E-07,0.000184058,0.1116637,34.94499,3568.121,346447.3,6951.394,12683.35,59.68725,60.17424,59.66036,78.54546,0,0,13798.08,12683.35
0.5742728,-0.5742594,78.54707,-0.009703052,12683.36,12.25,10.00045,6721.596,592.9597,0,0.5742614,0.5742594,2.07E-06,0.000184058,0.1116637,34.93099,3534.817,346480.6,6951.396,12683.36,59.68725,60.17424,59.66036,78.54546,0,0,13798.08,12683.36
0.574271,-0.5742547,78.54707,-0.009704025,12683.36,12.25,10.00045,6721.597,592.9598,0,0.5742611,0.5742547,6.44E-06,0.000184058,0.1116637,34.93449,3496.764,346518.7,6951.398,12683.36,59.68725,60.17424,59.66036,78.54546,0,0,13798.08,12683.36
0.5742444,-0.5742596,78.54707,-0.009709083,12683.37,12.25,10.00045,6721.597,592.9592,0,0.5742609,0.5742596,1.24E-06,0.000184058,0.1116637,34.9527,3470.596,346544.8,6951.398,12683.37,59.68725,60.17424,59.66036,78.54546,0,0,13798.08,12683.37
0.5742587,-0.5742618,78.54707,-0.009705711,12683.37,12.25,10.00045,6721.597,592.9589,0,0.5742613,0.5742618,-5.51E-07,0.000184058,0.1116637,34.94056,3560.982,346452,6951.402,12683.37,59.68725,60.17424,59.66036,78.54546,0,0,13798.08,12683.37
0.574274,-0.5742573,78.54707,-0.009702533,12683.37,12.25,10.00045,6721.598,592.9595,0,0.5742614,0.5742573,4.08E-06,0.000184058,0.1116637,34.92912,3527.684,346487.7,6951.404,12683.37,59.68725,60.17424,59.66036,78.54546,0,0,13798.08,12683.37
0.5742689,-0.5742534,78.54707,-0.009704123,12683.38,12.25,10.00045,6721.598,592.9597,0,0.5742611,0.5742534,7.68E-06,0.000184058,0.1116637,34.93484,3499.148,346516.2,6951.407,12683.38,59.68725,60.17424,59.66036,78.54546,0,0,13798.08,12683.38
0.574251,-0.5741972,78.54707,-0.009707678,12683.38,12.25,10.00045,6721.599,592.9594,0,0.5742608,0.5741972,6.35E-05,0.000184058,0.1116637,34.94764,3477.739,346537.6,6951.41,12683.38,59.68725,60.17424,59.66036,78.54546,0,0,13798.08,12683.38
0.5742548,-0.5742611,78.54707,-0.009707146,12683.38,12.25,10.00045,6721.599,592.959,0,0.5742612,0.5742611,1.41E-07,0.000184058,0.1116637,34.94572,3570.507,346444.8,6951.41,12683.38,59.68725,60.17424,59.66036,78.54546,0,0,13798.08,12683.38
0.5742682,-0.5742601,78.54707,-0.009704068,12683.39,12.25,10.00045,6721.6,592.9593,0,0.5742614,0.5742601,1.33E-06,0.000184058,0.1116637,34.93465,3546.719,346468.6,6951.413,12683.39,59.68725,60.17424,59.66036,78.54546,0,0,13798.08,12683.39
0.5742748,-0.5742556,78.54707,-0.009702987,12683.39,12.25,10.00045,6721.6,592.9596,0,0.5742613,0.5742556,5.78E-06,0.000184058,0.1116637,34.93075,3513.422,346501.9,6951.416,12683.39,59.68725,60.17424,59.66036,78.54546,0,0,13798.08,12683.39
0.5742604,-0.5742572,78.54707,-0.009706587,12683.4,12.25,10.00045,6721.601,592.9594,0,0.5742607,0.5742572,3.44E-06,0.000184058,0.1116637,34.94371,3482.502,346532.8,6951.418,12683.4,59.68725,60.17424,59.66036,78.54546,0,0,13798.08,12683.4
0.5742458,-0.5742614,78.54707,-0.009709787,12683.4,12.25,10.00045,6721.601,592.9587,0,0.5742611,0.5742614,-3.14E-07,0.000184058,0.1116637,34.95523,3582.412,346432.9,6951.419,12683.4,59.68725,60.17424,59.66036,78.54546,0,0,13798.08,12683.4
0.5742585,-0.5742617,78.54707,-0.009706084,12683.41,12.25,10.00045,6721.601,592.9587,0,0.5742613,0.5742617,-4.00E-07,0.000184058,0.1116637,34.9419,3563.374,346451.9,6951.422,12683.41,59.68725,60.17424,59.66036,78.54546,0,0,13798.08,12683.41
0.5742695,-0.5742592,78.54707,-0.009703743,12683.41,12.25,10.00045,6721.602,592.959,0,0.5742614,0.5742592,2.27E-06,0.000184058,0.1116637,34.93348,3541.968,346473.3,6951.424,12683.41,59.68725,60.17424,59.66036,78.54546,0,0,13798.08,12683.41
0.5742745,-0.5742555,78.54707,-0.009703298,12683.42,12.25,10.00045,6721.602,592.9594,0,0.5742614,0.5742555,5.83E-06,0.000184058,0.1116637,34.93187,3520.565,346494.7,6951.427,12683.42,59.68725,60.17424,59.66036,78.54546,0,0,13798.08,12683.42
0.574258,-0.5742558,78.54707,-0.009706713,12683.42,12.25,10.00045,6721.603,592.9594,0,0.5742608,0.5742558,5.01E-06,0.000184058,0.1116637,34.94417,3484.887,346530.4,6951.43,12683.42,59.68725,60.17424,59.66036,78.54546,0,0,13798.08,12683.42
0.5742437,-0.5742599,78.54707,-0.00971076,12683.42,12.25,10.00045,6721.603,592.9589,0,0.574261,0.5742599,1.18E-06,0.000184058,0.1116637,34.95874,3584.803,346430.4,6951.43,12683.42,59.68725,60.17424,59.66036,78.54546,0,0,13798.08,12683.42
0.5742638,-0.5742601,78.54707,-0.009705567,12683.43,12.25,10.00045,6721.603,592.9591,0,0.5742614,0.5742601,1.31E-06,0.000184058,0.1116637,34.94004,3553.872,346461.3,6951.433,12683.43,59.68725,60.17424,59.66036,78.54546,0,0,13798.08,12683.43
0.5742726,-0.5742585,78.54707,-0.009703757,12683.43,12.25,10.00045,6721.604,592.9594,0,0.5742614,0.5742585,2.92E-06,0.000184058,0.1116637,34.93353,3534.841,346480.4,6951.436,12683.43,59.68725,60.17424,59.66036,78.54546,0,0,13798.08,12683.43
0.5742748,-0.5742538,78.54707,-0.009704066,12683.44,12.25,10.00045,6721.604,592.9597,0,0.5742612,0.5742538,7.38E-06,0.000184058,0.1116637,34.93464,3503.922,346511.3,6951.438,12683.44,59.68725,60.17424,59.66036,78.54546,0,0,13798.08,12683.44
0.5742514,-0.5741985,78.54707,-0.009708158,12683.44,12.25,10.00045,6721.604,592.9591,0,0.5742608,0.5741985,6.23E-05,0.000184058,0.1116637,34.94937,3477.754,346537.4,6951.441,12683.44,59.68725,60.17424,59.66036,78.54546,0,0,13798.08,12683.44
0.5742496,-0.5742612,78.54707,-0.009708974,12683.44,12.25,10.00045,6721.604,592.9587,0,0.5742611,0.5742612,-7.36E-08,0.000184058,0.1116637,34.9523,3577.667,346437.5,6951.441,12683.44,59.68725,60.17424,59.66036,78.54546,0,0,13798.08,12683.44
0.5742685,-0.5742614,78.54707,-0.009704078,12683.45,12.25,10.00045,6721.605,592.9587,0,0.5742614,0.5742614,6.15E-08,0.000184058,0.1116637,34.93468,3546.733,346468.4,6951.444,12683.45,59.68725,60.17424,59.66036,78.54546,0,0,13798.08,12683.45
0.5742749,-0.5742571,78.54707,-0.009702734,12683.45,12.25,10.00045,6721.605,592.959,0,0.5742614,0.5742571,4.30E-06,0.000184058,0.1116637,34.92984,3520.571,346494.6,6951.447,12683.45,59.68725,60.17424,59.66036,78.54546,0,0,13798.08,12683.45
0.5742688,-0.5742536,78.54707,-0.009704106,12683.46,12.25,10.00045,6721.606,592.9592,0,0.5742611,0.5742536,7.47E-06,0.000184058,0.1116637,34.93478,3499.167,346516,6951.449,12683.46,59.68725,60.17424,59.66036,78.54546,0,0,13798.08,12683.46
0.5742381,-0.574259,78.54707,-0.009712011,12683.46,12.25,10.00045,6721.607,592.9586,0,0.574261,0.574259,1.96E-06,0.000184058,0.1116637,34.96324,3463.479,346423.2,6951.45,12683.46,59.68725,60.17424,59.66036,78.54546,0,0,13798.08,12683.46
0.5742497,-0.5742599,78.54707,-0.00970871,12683.46,12.25,10.00045,6721.607,592.9587,0,0.5742611,0.5742599,1.17E-06,0.000184058,0.1116637,34.95135,3575.292,346439.8,6951.453,12683.46,59.68725,60.17424,59.66036,78.54546,0,0,13798.08,12683.46
0.5742628,-0.5742605,78.54707,-0.009705449,12683.47,12.25,10.00045,6721.607,592.9588,0,0.5742614,0.5742605,8.70E-07,0.000184058,0.1116637,34.93961,3556.257,346458.8,6951.456,12683.47,59.68725,60.17424,59.66036,78.54546,0,0,13798.08,12683.47
0.574275,-0.5742565,78.54707,-0.00970337,12683.47,12.25,10.00045,6721.608,592.9593,0,0.5742614,0.5742565,4.95E-06,0.000184058,0.1116637,34.93213,3525.338,346489.8,6951.458,12683.47,59.68725,60.17424,59.66036,78.54546,0,0,13798.08,12683.47
0.574273,-0.5742546,78.54707,-0.00970374,12683.48,12.25,10.00045,6721.608,592.9593,0,0.5742612,0.5742546,6.60E-06,0.000184058,0.1116637,34.93347,3506.309,346508.8,6951.461,12683.48,59.68725,60.17424,59.66036,78.54546,0,0,13798.08,12683.48
0.5742424,-0.5742583,78.54707,-0.009710305,12683.48,12.25,10.00045,6721.609,592.9588,0,0.5742608,0.5742583,2.54E-06,0.000184058,0.1116637,34.9571,3470.627,346544.4,6951.46,12683.48,59.68725,60.17424,59.66036,78.54546,0,0,13798.08,12683.48
0.5742512,-0.574262,78.54707,-0.009708449,12683.48,12.25,10.00045,6721.609,592.9584,0,0.5742612,0.574262,-8.34E-07,0.000184058,0.1116637,34.95042,3575.295,346439.8,6951.464,12683.48,59.68725,60.17424,59.66036,78.54546,0,0,13798.08,12683.48
0.5742583,-0.5742617,78.54707,-0.009706255,12683.49,12.25,10.00045,6721.609,592.9584,0,0.5742613,0.5742617,-3.65E-07,0.000184058,0.1116637,34.94252,3563.397,346451.6,6951.467,12683.49,59.68725,60.17424,59.66036,78.54546,0,0,13798.08,12683.49
0.5742718,-0.574258,78.54707,-0.009703448,12683.49,12.25,10.00045,6721.61,592.9589,0,0.5742614,0.574258,3.37E-06,0.000184058,0.1116637,34.93241,3534.854,346480.2,6951.47,12683.49,59.68725,60.17424,59.66036,78.54546,0,0,13798.08,12683.49
0.574272,-0.5742534,78.54707,-0.009704075,12683.5,12.25,10.00045,6721.61,592.9592,0,0.5742612,0.5742534,7.81E-06,0.000184058,0.1116637,34.93467,3506.317,346508.7,6951.472,12683.5,59.68725,60.17424,59.66036,78.54546,0,0,13798.08,12683.5
0.5742503,-0.5741968,78.54707,-0.009708389,12683.5,12.25,10.00045,6721.611,592.959,0,0.5742607,0.5741968,6.40E-05,0.000184058,0.1116637,34.9502,3477.771,346537.2,6951.475,12683.5,59.68725,60.17424,59.66036,78.54546,0,0,13798.08,12683.5
0.5742489,-0.5742603,78.54707,-0.009709391,12683.5,12.25,10.00045,6721.611,592.9587,0,0.5742611,0.5742603,8.49E-07,0.000184058,0.1116637,34.95381,3577.686,346437.3,6951.476,12683.5,59.68725,60.17424,59.66036,78.54546,0,0,13798.08,12683.5
0.5742684,-0.5742596,78.54707,-0.009704659,12683.51,12.25,10.00045,6721.611,592.959,0,0.5742614,0.5742596,1.86E-06,0.000184058,0.1116637,34.93677,3545.329,346469.6,6951.478,12683.51,59.68725,60.17424,59.66036,78.54546,0,0,13798.08,12683.51
0.5742753,-0.5742568,78.54707,-0.009703208,12683.51,12.25,10.00045,6721.612,592.9592,0,0.5742614,0.5742568,4.64E-06,0.000184058,0.1116637,34.93155,3520.589,346494.3,6951.481,12683.51,59.68725,60.17424,59.66036,78.54546,0,0,13798.08,12683.51
0.5742741,-0.5742538,78.54707,-0.009704067,12683.52,12.25,10.00045,6721.612,592.9593,0,0.5742612,0.5742538,7.41E-06,0.000184058,0.1116637,34.93464,3503.943,346511,6951.483,12683.52,59.68725,60.17424,59.66036,78.54546,0,0,13798.08,12683.52
0.5742512,-0.5741982,78.54707,-0.009708152,12683.52,12.25,10.00045,6721.613,592.9588,0,0.5742608,0.5741982,6.25E-05,0.000184058,0.1116637,34.94935,3477.775,346537.2,6951.486,12683.52,59.68725,60.17424,59.66036,78.54546,0,0,13798.08,12683.52
0.5742487,-0.574261,78.54707,-0.009709212,12683.52,12.25,10.00045,6721.613,592.9584,0,0.5742611,0.574261,1.25E-07,0.000184058,0.1116637,34.95316,3577.688,346437.2,6951.487,12683.52,59.68725,60.17424,59.66036,78.54546,0,0,13798.08,12683.52
0.5742683,-0.574261,78.54707,-0.00970428,12683.53,12.25,10.00045,6721.613,592.9586,0,0.5742614,0.574261,4.28E-07,0.000184058,0.1116637,34.93541,3546.756,346468.1,6951.49,12683.53,59.68725,60.17424,59.66036,78.54546,0,0,13798.08,12683.53
0.5742748,-0.5742568,78.54707,-0.009702943,12683.53,12.25,10.00045,6721.614,592.9588,0,0.5742614,0.5742568,4.53E-06,0.000184058,0.1116637,34.9306,3520.593,346494.3,6951.492,12683.53,59.68725,60.17424,59.66036,78.54546,0,0,13798.08,12683.53
0.5742687,-0.5742534,78.54707,-0.009704314,12683.54,12.25,10.00045,6721.615,592.959,0,0.5742611,0.5742534,7.63E-06,0.000184058,0.1116637,34.93553,3499.189,346515.7,6951.495,12683.54,59.68725,60.17424,59.66036,78.54546,0,0,13798.08,12683.54
0.5742424,-0.5742579,78.54707,-0.009709978,12683.54,12.25,10.00045,6721.615,592.9586,0,0.5742608,0.5742579,2.92E-06,0.000184058,0.1116637,34.95592,3470.642,346544.2,6951.495,12683.54,59.68725,60.17424,59.66036,78.54546,0,0,13798.08,12683.54
0.5742543,-0.5742602,78.54707,-0.009707429,12683.54,12.25,10.00045,6721.615,592.9585,0,0.5742612,0.5742602,9.93E-07,0.000184058,0.1116637,34.94674,3568.174,346446.7,6951.498,12683.54,59.68725,60.17424,59.66036,78.54546,0,0,13798.08,12683.54
0.5742665,-0.5742599,78.54707,-0.009704627,12683.55,12.25,10.00045,6721.616,592.9587,0,0.5742614,0.5742599,1.53E-06,0.000184058,0.1116637,34.93666,3549.141,346465.7,6951.501,12683.55,59.68725,60.17424,59.66036,78.54546,0,0,13798.08,12683.55
0.5742749,-0.5742564,78.54707,-0.009703401,12683.56,12.25,10.00045,6721.616,592.9591,0,0.5742614,0.5742564,5.05E-06,0.000184058,0.1116637,34.93224,3525.359,346489.5,6951.503,12683.56,59.68725,60.17424,59.66036,78.54546,0,0,13798.08,12683.56
0.5742648,-0.5742543,78.54707,-0.009705524,12683.56,12.25,10.00045,6721.617,592.9591,0,0.574261,0.5742543,6.62E-06,0.000184058,0.1116637,34.93989,3492.059,346522.8,6951.506,12683.56,59.68725,60.17424,59.66036,78.54546,0,0,13798.08,12683.56
0.5742422,-0.5742581,78.54707,-0.009710486,12683.57,12.25,10.00045,6721.617,592.9587,0,0.5742608,0.5742581,2.75E-06,0.000184058,0.1116637,34.95775,3470.648,346544.2,6951.506,12683.57,59.68725,60.17424,59.66036,78.54546,0,0,13798.08,12683.57
0.5742508,-0.5742617,78.54707,-0.009708792,12683.57,12.25,10.00045,6721.617,592.9583,0,0.5742612,0.5742617,-4.91E-07,0.000184058,0.1116637,34.95165,3575.32,346439.5,6951.509,12683.57,59.68725,60.17424,59.66036,78.54546,0,0,13798.08,12683.57
0.5742664,-0.5742607,78.54707,-0.009704676,12683.57,12.25,10.00045,6721.618,592.9585,0,0.5742614,0.5742607,6.66E-07,0.000184058,0.1116637,34.93684,3549.147,346465.6,6951.512,12683.57,59.68725,60.17424,59.66036,78.54546,0,0,13798.08,12683.57
0.5742734,-0.5742568,78.54707,-0.009703481,12683.58,12.25,10.00045,6721.618,592.9589,0,0.5742614,0.5742568,4.56E-06,0.000184058,0.1116637,34.93253,3527.742,346487,6951.515,12683.58,59.68725,60.17424,59.66036,78.54546,0,0,13798.08,12683.58
0.5742686,-0.574253,78.54707,-0.009705017,12683.58,12.25,10.00045,6721.619,592.9592,0,0.5742611,0.574253,8.11E-06,0.000184058,0.1116637,34.93806,3499.203,346515.5,6951.517,12683.58,59.68725,60.17424,59.66036,78.54546,0,0,13798.08,12683.58
0.574243,-0.5742573,78.54707,-0.00971041,12683.59,12.25,10.00045,6721.619,592.9588,0,0.5742608,0.5742573,3.51E-06,0.000184058,0.1116637,34.95747,3470.653,346544.1,6951.517,12683.59,59.68725,60.17424,59.66036,78.54546,0,0,13798.08,12683.59
0.5742488,-0.5742602,78.54707,-0.009709596,12683.59,12.25,10.00045,6721.619,592.9587,0,0.5742611,0.5742602,8.82E-07,0.000184058,0.1116637,34.95454,3577.709,346437,6951.521,12683.59,59.68725,60.17424,59.66036,78.54546,0,0,13798.08,12683.59
0.5742636,-0.5742599,78.54707,-0.009705926,12683.59,12.25,10.00045,6721.62,592.9589,0,0.5742614,0.5742599,1.48E-06,0.000184058,0.1116637,34.94133,3553.918,346460.8,6951.523,12683.59,59.68725,60.17424,59.66036,78.54546,0,0,13798.08,12683.59
0.5742725,-0.5742584,78.54707,-0.009704093,12683.6,12.25,10.00045,6721.62,592.9592,0,0.5742614,0.5742584,3.08E-06,0.000184058,0.1116637,34.93473,3534.886,346479.8,6951.526,12683.6,59.68725,60.17424,59.66036,78.54546,0,0,13798.08,12683.6
0.5742742,-0.5742535,78.54707,-0.009704559,12683.6,12.25,10.00045,6721.621,592.9595,0,0.5742612,0.5742535,7.69E-06,0.000184058,0.1116637,34.93641,3503.967,346510.7,6951.529,12683.6,59.68725,60.17424,59.66036,78.54546,0,0,13798.08,12683.6
0.5742513,-0.5741982,78.54707,-0.00970859,12683.61,12.25,10.00045,6721.621,592.9589,0,0.5742608,0.5741982,6.26E-05,0.000184058,0.1116637,34.95092,3477.797,346536.9,6951.531,12683.61,59.68725,60.17424,59.66036,78.54546,0,0,13798.08,12683.61
0.574244,-0.5742582,78.54707,-0.009710705,12683.61,12.25,10.00045,6721.622,592.9588,0,0.5742607,0.5742582,2.44E-06,0.000184058,0.1116637,34.95854,3468.279,346546.4,6951.531,12683.61,59.68725,60.17424,59.66036,78.54546,0,0,13798.08,12683.61
0.5742508,-0.5742617,78.54707,-0.00970885,12683.61,12.25,10.00045,6721.622,592.9584,0,0.5742612,0.5742617,-5.84E-07,0.000184058,0.1116637,34.95186,3575.332,346439.3,6951.535,12683.61,59.68725,60.17424,59.66036,78.54546,0,0,13798.08,12683.61
0.5742664,-0.5742608,78.54707,-0.00970465,12683.62,12.25,10.00045,6721.623,592.9586,0,0.5742614,0.5742608,6.34E-07,0.000184058,0.1116637,34.93674,3549.159,346465.5,6951.538,12683.62,59.68725,60.17424,59.66036,78.54546,0,0,13798.08,12683.62
0.5742737,-0.574257,78.54707,-0.009703311,12683.62,12.25,10.00045,6721.623,592.959,0,0.5742614,0.574257,4.42E-06,0.000184058,0.1116637,34.93192,3527.753,346486.8,6951.54,12683.62,59.68725,60.17424,59.66036,78.54546,0,0,13798.08,12683.62
0.5742686,-0.5742531,78.54707,-0.009704858,12683.63,12.25,10.00045,6721.624,592.9592,0,0.5742611,0.5742531,8.00E-06,0.000184058,0.1116637,34.93749,3499.214,346515.4,6951.543,12683.63,59.68725,60.17424,59.66036,78.54546,0,0,13798.08,12683.63
0.5742507,-0.5741969,78.54707,-0.009708368,12683.63,12.25,10.00045,6721.624,592.959,0,0.5742608,0.5741969,6.38E-05,0.000184058,0.1116637,34.95013,3477.803,346536.8,6951.545,12683.63,59.68725,60.17424,59.66036,78.54546,0,0,13798.08,12683.63
0.5742488,-0.5742604,78.54707,-0.009709381,12683.63,12.25,10.00045,6721.624,592.9587,0,0.5742611,0.5742604,7.05E-07,0.000184058,0.1116637,34.95377,3577.718,346436.8,6951.546,12683.63,59.68725,60.17424,59.66036,78.54546,0,0,13798.08,12683.63
0.574268,-0.5742596,78.54707,-0.009704829,12683.64,12.25,10.00045,6721.625,592.959,0,0.5742614,0.5742596,1.77E-06,0.000184058,0.1116637,34.93739,3546.79,346467.8,6951.549,12683.64,59.68725,60.17424,59.66036,78.54546,0,0,13798.08,12683.64
0.574275,-0.5742564,78.54707,-0.009703532,12683.64,12.25,10.00045,6721.625,592.9593,0,0.5742614,0.5742564,5.05E-06,0.000184058,0.1116637,34.93272,3520.624,346493.9,6951.552,12683.64,59.68725,60.17424,59.66036,78.54546,0,0,13798.08,12683.64
0.5742667,-0.5742544,78.54707,-0.009705962,12683.65,12.25,10.00045,6721.625,592.9593,0,0.574261,0.5742544,6.62E-06,0.000184058,0.1116637,34.94146,3489.704,346524.8,6951.554,12683.65,59.68725,60.17424,59.66036,78.54546,0,0,13798.08,12683.65
0.5742456,-0.5742612,78.54707,-0.009710411,12683.65,12.25,10.00045,6721.625,592.9585,0,0.5742611,0.5742612,-1.04E-07,0.000184058,0.1116637,34.95748,3582.483,346432,6951.555,12683.65,59.68725,60.17424,59.66036,78.54546,0,0,13798.08,12683.65
0.5742537,-0.5742614,78.54707,-0.009707863,12683.65,12.25,10.00045,6721.626,592.9584,0,0.5742612,0.5742614,-2.34E-07,0.000184058,0.1116637,34.9483,3570.582,346443.9,6951.558,12683.65,59.68725,60.17424,59.66036,78.54546,0,0,13798.08,12683.65
0.5742662,-0.5742598,78.54707,-0.009704916,12683.66,12.25,10.00045,6721.626,592.9587,0,0.5742614,0.5742598,1.64E-06,0.000184058,0.1116637,34.93769,3549.172,346465.3,6951.56,12683.66,59.68725,60.17424,59.66036,78.54546,0,0,13798.08,12683.66
0.5742744,-0.5742554,78.54707,-0.009703764,12683.66,12.25,10.00045,6721.627,592.9592,0,0.5742614,0.5742554,5.99E-06,0.000184058,0.1116637,34.93355,3520.632,346493.8,6951.563,12683.66,59.68725,60.17424,59.66036,78.54546,0,0,13798.08,12683.66
0.5742643,-0.5742535,78.54707,-0.009705918,12683.67,12.25,10.00045,6721.627,592.9594,0,0.574261,0.5742535,7.47E-06,0.000184058,0.1116637,34.94131,3492.089,346522.4,6951.565,12683.67,59.68725,60.17424,59.66036,78.54546,0,0,13798.08,12683.67
0.5742382,-0.5742589,78.54707,-0.009712849,12683.67,12.25,10.00045,6721.628,592.9589,0,0.574261,0.5742589,2.08E-06,0.000184058,0.1116637,34.96626,3463.533,346422.4,6951.566,12683.67,59.68725,60.17424,59.66036,78.54546,0,0,13798.08,12683.67
0.5742503,-0.5742602,78.54707,-0.009709352,12683.67,12.25,10.00045,6721.628,592.9589,0,0.5742611,0.5742602,9.46E-07,0.000184058,0.1116637,34.95367,3575.355,346439.1,6951.569,12683.67,59.68725,60.17424,59.66036,78.54546,0,0,13798.08,12683.67
0.5742629,-0.5742607,78.54707,-0.009706031,12683.68,12.25,10.00045,6721.628,592.9589,0,0.5742614,0.5742607,6.44E-07,0.000184058,0.1116637,34.94171,3556.317,346458.1,6951.572,12683.68,59.68725,60.17424,59.66036,78.54546,0,0,13798.08,12683.68
0.5742766,-0.5742558,78.54707,-0.009703765,12683.69,12.25,10.00045,6721.629,592.9595,0,0.5742614,0.5742558,5.60E-06,0.000184058,0.1116637,34.93355,3518.259,346496.2,6951.574,12683.69,59.68725,60.17424,59.66036,78.54546,0,0,13798.08,12683.69
0.5742729,-0.5742548,78.54707,-0.009704215,12683.69,12.25,10.00045,6721.63,592.9594,0,0.5742612,0.5742548,6.44E-06,0.000184058,0.1116637,34.93518,3506.366,346508,6951.577,12683.69,59.68725,60.17424,59.66036,78.54546,0,0,13798.08,12683.69
0.5742516,-0.574197,78.54707,-0.009708757,12683.7,12.25,10.00045,6721.63,592.959,0,0.5742608,0.574197,6.39E-05,0.000184058,0.1116637,34.95152,3475.439,346538.9,6951.58,12683.7,59.68725,60.17424,59.66036,78.54546,0,0,13798.08,12683.7
0.5742455,-0.5742612,78.54707,-0.009710253,12683.7,12.25,10.00045,6721.63,592.9585,0,0.5742611,0.5742612,-1.60E-07,0.000184058,0.1116637,34.95691,3582.493,346431.9,6951.58,12683.7,59.68725,60.17424,59.66036,78.54546,0,0,13798.08,12683.7
0.5742583,-0.5742615,78.54707,-0.009706432,12683.7,12.25,10.00045,6721.631,592.9585,0,0.5742613,0.5742615,-2.18E-07,0.000184058,0.1116637,34.94316,3561.074,346450.9,6951.583,12683.7,59.68725,60.17424,59.66036,78.54546,0,0,13798.08,12683.7
0.574272,-0.5742581,78.54707,-0.009703464,12683.71,12.25,10.00045,6721.631,592.959,0,0.5742614,0.5742581,3.30E-06,0.000184058,0.1116637,34.93247,3534.908,346479.4,6951.585,12683.71,59.68725,60.17424,59.66036,78.54546,0,0,13798.08,12683.71
0.5742686,-0.5742531,78.54707,-0.009704745,12683.71,12.25,10.00045,6721.632,592.9593,0,0.5742611,0.5742531,7.97E-06,0.000184058,0.1116637,34.93708,3499.235,346515.1,6951.588,12683.71,59.68725,60.17424,59.66036,78.54546,0,0,13798.08,12683.71
0.5742507,-0.5741969,78.54707,-0.009708247,12683.72,12.25,10.00045,6721.632,592.959,0,0.5742608,0.5741969,6.38E-05,0.000184058,0.1116637,34.94969,3477.824,346536.5,6951.591,12683.72,59.68725,60.17424,59.66036,78.54546,0,0,13798.08,12683.72
0.5742489,-0.5742604,78.54707,-0.009709253,12683.72,12.25,10.00045,6721.632,592.9587,0,0.5742611,0.5742604,6.85E-07,0.000184058,0.1116637,34.95331,3577.738,346436.6,6951.591,12683.72,59.68725,60.17424,59.66036,78.54546,0,0,13798.08,12683.72
0.5742643,-0.5742603,78.54707,-0.009705488,12683.72,12.25,10.00045,6721.633,592.9589,0,0.5742614,0.5742603,1.05E-06,0.000184058,0.1116637,34.93975,3553.947,346460.3,6951.594,12683.72,59.68725,60.17424,59.66036,78.54546,0,0,13798.08,12683.72
0.5742725,-0.5742586,78.54707,-0.009703705,12683.73,12.25,10.00045,6721.633,592.9591,0,0.5742614,0.5742586,2.80E-06,0.000184058,0.1116637,34.93334,3534.915,346479.4,6951.597,12683.73,59.68725,60.17424,59.66036,78.54546,0,0,13798.08,12683.73
0.5742765,-0.5742553,78.54707,-0.009703564,12683.73,12.25,10.00045,6721.634,592.9594,0,0.5742614,0.5742553,6.01E-06,0.000184058,0.1116637,34.93283,3511.132,346503.1,6951.6,12683.73,59.68725,60.17424,59.66036,78.54546,0,0,13798.08,12683.73
0.5742586,-0.5742574,78.54707,-0.009706595,12683.74,12.25,10.00045,6721.634,592.959,0,0.5742608,0.5742574,3.40E-06,0.000184058,0.1116637,34.94374,3484.967,346529.3,6951.602,12683.74,59.68725,60.17424,59.66036,78.54546,0,0,13798.08,12683.74
0.5742369,-0.5742599,78.54707,-0.009712194,12683.74,12.25,10.00045,6721.635,592.9586,0,0.574261,0.5742599,1.13E-06,0.000184058,0.1116637,34.9639,3463.55,346424.6,6951.603,12683.74,59.68725,60.17424,59.66036,78.54546,0,0,13798.08,12683.74
0.5742536,-0.5742605,78.54707,-0.009707834,12683.74,12.25,10.00045,6721.635,592.9586,0,0.5742612,0.5742605,6.44E-07,0.000184058,0.1116637,34.9482,3570.605,346443.6,6951.605,12683.74,59.68725,60.17424,59.66036,78.54546,0,0,13798.08,12683.74
0.5742695,-0.5742587,78.54707,-0.009704353,12683.75,12.25,10.00045,6721.635,592.959,0,0.5742614,0.5742587,2.69E-06,0.000184058,0.1116637,34.93567,3542.059,346472.2,6951.608,12683.75,59.68725,60.17424,59.66036,78.54546,0,0,13798.08,12683.75
0.5742747,-0.5742555,78.54707,-0.00970353,12683.75,12.25,10.00045,6721.636,592.9594,0,0.5742614,0.5742555,5.84E-06,0.000184058,0.1116637,34.93271,3520.652,346493.6,6951.611,12683.75,59.68725,60.17424,59.66036,78.54546,0,0,13798.08,12683.75
0.5742638,-0.5742536,78.54707,-0.009706059,12683.76,12.25,10.00045,6721.636,592.9595,0,0.574261,0.5742536,7.35E-06,0.000184058,0.1116637,34.94181,3492.112,346522.1,6951.613,12683.76,59.68725,60.17424,59.66036,78.54546,0,0,13798.08,12683.76
0.5742511,-0.5741973,78.54707,-0.009708486,12683.76,12.25,10.00045,6721.637,592.9592,0,0.5742608,0.5741973,6.34E-05,0.000184058,0.1116637,34.95055,3477.837,346536.3,6951.616,12683.76,59.68725,60.17424,59.66036,78.54546,0,0,13798.08,12683.76
0.5742437,-0.5742601,78.54707,-0.009711012,12683.76,12.25,10.00045,6721.637,592.9589,0,0.574261,0.5742601,9.44E-07,0.000184058,0.1116637,34.95964,3584.893,346429.3,6951.617,12683.76,59.68725,60.17424,59.66036,78.54546,0,0,13798.08,12683.76
0.5742654,-0.5742611,78.54707,-0.009705354,12683.77,12.25,10.00045,6721.638,592.959,0,0.5742614,0.5742611,2.54E-07,0.000184058,0.1116637,34.93927,3553.958,346460.2,6951.62,12683.77,59.68725,60.17424,59.66036,78.54546,0,0,13798.08,12683.77
0.5742725,-0.5742592,78.54707,-0.009703562,12683.77,12.25,10.00045,6721.638,592.9591,0,0.5742614,0.5742592,2.29E-06,0.000184058,0.1116637,34.93282,3534.926,346479.2,6951.623,12683.77,59.68725,60.17424,59.66036,78.54546,0,0,13798.08,12683.77
0.5742759,-0.5742557,78.54707,-0.00970326,12683.78,12.25,10.00045,6721.639,592.9593,0,0.5742614,0.5742557,5.64E-06,0.000184058,0.1116637,34.93174,3511.142,346503,6951.625,12683.78,59.68725,60.17424,59.66036,78.54546,0,0,13798.08,12683.78
0.5742585,-0.5742574,78.54707,-0.009706235,12683.78,12.25,10.00045,6721.639,592.9589,0,0.5742608,0.5742574,3.38E-06,0.000184058,0.1116637,34.94244,3484.978,346529.1,6951.628,12683.78,59.68725,60.17424,59.66036,78.54546,0,0,13798.08,12683.78
0.5742379,-0.5742595,78.54707,-0.009711667,12683.79,12.25,10.00045,6721.64,592.9586,0,0.5742609,0.5742595,1.48E-06,0.000184058,0.1116637,34.962,3463.562,346424.5,6951.628,12683.79,59.68725,60.17424,59.66036,78.54546,0,0,13798.08,12683.79
0.5742536,-0.5742607,78.54707,-0.009707364,12683.79,12.25,10.00045,6721.64,592.9586,0,0.5742612,0.5742607,5.35E-07,0.000184058,0.1116637,34.94651,3570.611,346443.5,6951.631,12683.79,59.68725,60.17424,59.66036,78.54546,0,0,13798.08,12683.79
0.5742665,-0.5742594,78.54707,-0.009704246,12683.79,12.25,10.00045,6721.64,592.9589,0,0.5742613,0.5742594,1.96E-06,0.000184058,0.1116637,34.93529,3546.823,346467.3,6951.634,12683.79,59.68725,60.17424,59.66036,78.54546,0,0,13798.08,12683.79
0.5742741,-0.5742571,78.54707,-0.009702953,12683.8,12.25,10.00045,6721.641,592.9592,0,0.5742614,0.5742571,4.31E-06,0.000184058,0.1116637,34.93063,3527.795,346486.3,6951.636,12683.8,59.68725,60.17424,59.66036,78.54546,0,0,13798.08,12683.8
0.5742728,-0.5742536,78.54707,-0.009703651,12683.8,12.25,10.00045,6721.641,592.9595,0,0.5742612,0.5742536,7.58E-06,0.000184058,0.1116637,34.93314,3504.014,346507.7,6951.639,12683.8,59.68725,60.17424,59.66036,78.54546,0,0,13798.08,12683.8
0.5742649,-0.5742546,78.54707,-0.009705021,12683.81,12.25,10.00045,6721.642,592.9592,0,0.574261,0.5742546,6.38E-06,0.000184058,0.1116637,34.93808,3492.121,346521.9,6951.642,12683.81,59.68725,60.17424,59.66036,78.54546,0,0,13798.08,12683.81
0.5742381,-0.5742593,78.54707,-0.009712036,12683.81,12.25,10.00045,6721.642,592.9587,0,0.574261,0.5742593,1.57E-06,0.000184058,0.1116637,34.96333,3463.569,346422,6951.642,12683.81,59.68725,60.17424,59.66036,78.54546,0,0,13798.08,12683.81
0.5742508,-0.5742617,78.54707,-0.009708267,12683.81,12.25,10.00045,6721.642,592.9585,0,0.5742612,0.5742617,-5.41E-07,0.000184058,0.1116637,34.94976,3575.376,346438.6,6951.645,12683.81,59.68725,60.17424,59.66036,78.54546,0,0,13798.08,12683.81
0.5742664,-0.5742608,78.54707,-0.009704149,12683.82,12.25,10.00045,6721.643,592.9586,0,0.5742614,0.5742608,6.37E-07,0.000184058,0.1116637,34.93494,3549.205,346464.8,6951.648,12683.82,59.68725,60.17424,59.66036,78.54546,0,0,13798.08,12683.82
0.5742718,-0.574258,78.54707,-0.009703206,12683.83,12.25,10.00045,6721.643,592.9589,0,0.5742614,0.574258,3.45E-06,0.000184058,0.1116637,34.93154,3534.937,346479,6951.651,12683.83,59.68725,60.17424,59.66036,78.54546,0,0,13798.08,12683.83
0.574272,-0.5742534,78.54707,-0.009703803,12683.83,12.25,10.00045,6721.644,592.9594,0,0.5742612,0.5742534,7.85E-06,0.000184058,0.1116637,34.93369,3506.399,346507.6,6951.653,12683.83,59.68725,60.17424,59.66036,78.54546,0,0,13798.08,12683.83
0.5742579,-0.5742556,78.54707,-0.009706581,12683.84,12.25,10.00045,6721.645,592.9592,0,0.5742608,0.5742556,5.18E-06,0.000184058,0.1116637,34.94369,3484.992,346529,6951.656,12683.84,59.68725,60.17424,59.66036,78.54546,0,0,13798.08,12683.84
0.5742389,-0.5742588,78.54707,-0.009712094,12683.84,12.25,10.00045,6721.645,592.9589,0,0.574261,0.5742588,2.11E-06,0.000184058,0.1116637,34.96354,3463.575,346421.9,6951.656,12683.84,59.68725,60.17424,59.66036,78.54546,0,0,13798.08,12683.84
0.5742552,-0.5742605,78.54707,-0.009707343,12683.84,12.25,10.00045,6721.645,592.9589,0,0.5742612,0.5742605,6.72E-07,0.000184058,0.1116637,34.94643,3568.249,346445.7,6951.659,12683.84,59.68725,60.17424,59.66036,78.54546,0,0,13798.08,12683.84
0.5742666,-0.5742602,78.54707,-0.009704514,12683.85,12.25,10.00045,6721.646,592.959,0,0.5742614,0.5742602,1.19E-06,0.000184058,0.1116637,34.93625,3549.215,346464.7,6951.662,12683.85,59.68725,60.17424,59.66036,78.54546,0,0,13798.08,12683.85
0.5742759,-0.5742571,78.54707,-0.009703095,12683.85,12.25,10.00045,6721.646,592.9594,0,0.5742615,0.5742571,4.35E-06,0.000184058,0.1116637,34.93114,3525.432,346488.5,6951.665,12683.85,59.68725,60.17424,59.66036,78.54546,0,0,13798.08,12683.85
0.5742729,-0.5742548,78.54707,-0.009703589,12683.86,12.25,10.00045,6721.646,592.9594,0,0.5742612,0.5742548,6.47E-06,0.000184058,0.1116637,34.93292,3506.405,346507.5,6951.667,12683.86,59.68725,60.17424,59.66036,78.54546,0,0,13798.08,12683.86
0.5742706,-0.5742543,78.54707,-0.009704247,12683.86,12.25,10.00045,6721.647,592.9593,0,0.5742611,0.5742543,6.85E-06,0.000184058,0.1116637,34.93529,3496.891,346517,6951.67,12683.86,59.68725,60.17424,59.66036,78.54546,0,0,13798.08,12683.86
0.5742511,-0.5741985,78.54707,-0.009707483,12683.87,12.25,10.00045,6721.647,592.9588,0,0.5742608,0.5741985,6.22E-05,0.000184058,0.1116637,34.94694,3477.861,346536,6951.673,12683.87,59.68725,60.17424,59.66036,78.54546,0,0,13798.08,12683.87
0.5742379,-0.5742594,78.54707,-0.009711415,12683.87,12.25,10.00045,6721.648,592.9586,0,0.5742609,0.5742594,1.51E-06,0.000184058,0.1116637,34.96109,3463.583,346424.2,6951.673,12683.87,59.68725,60.17424,59.66036,78.54546,0,0,13798.08,12683.87
0.5742536,-0.5742607,78.54707,-0.009707112,12683.87,12.25,10.00045,6721.648,592.9586,0,0.5742612,0.5742607,5.58E-07,0.000184058,0.1116637,34.9456,3570.629,346443.2,6951.676,12683.87,59.68725,60.17424,59.66036,78.54546,0,0,13798.08,12683.87
0.5742659,-0.5742592,78.54707,-0.009704184,12683.88,12.25,10.00045,6721.648,592.9589,0,0.5742613,0.5742592,2.09E-06,0.000184058,0.1116637,34.93506,3546.843,346467,6951.679,12683.88,59.68725,60.17424,59.66036,78.54546,0,0,13798.08,12683.88
0.5742741,-0.574257,78.54707,-0.009702846,12683.88,12.25,10.00045,6721.649,592.9593,0,0.5742614,0.574257,4.49E-06,0.000184058,0.1116637,34.93024,3527.815,346486,6951.682,12683.88,59.68725,60.17424,59.66036,78.54546,0,0,13798.08,12683.88
0.5742687,-0.5742531,78.54707,-0.009704426,12683.89,12.25,10.00045,6721.649,592.9595,0,0.5742611,0.5742531,7.92E-06,0.000184058,0.1116637,34.93594,3499.278,346514.5,6951.684,12683.89,59.68725,60.17424,59.66036,78.54546,0,0,13798.08,12683.89
0.5742512,-0.5741976,78.54707,-0.009707761,12683.89,12.25,10.00045,6721.65,592.9591,0,0.5742608,0.5741976,6.31E-05,0.000184058,0.1116637,34.94794,3477.868,346535.9,6951.687,12683.89,59.68725,60.17424,59.66036,78.54546,0,0,13798.08,12683.89
0.5742436,-0.5742602,78.54707,-0.009710337,12683.89,12.25,10.00045,6721.65,592.9587,0,0.574261,0.5742602,8.39E-07,0.000184058,0.1116637,34.95721,3584.917,346428.8,6951.688,12683.89,59.68725,60.17424,59.66036,78.54546,0,0,13798.08,12683.89
0.5742605,-0.5742619,78.54707,-0.009705761,12683.9,12.25,10.00045,6721.65,592.9587,0,0.5742613,0.5742619,-5.60E-07,0.000184058,0.1116637,34.94074,3561.121,346452.6,6951.69,12683.9,59.68725,60.17424,59.66036,78.54546,0,0,13798.08,12683.9
0.5742697,-0.5742601,78.54707,-0.009703441,12683.9,12.25,10.00045,6721.651,592.9588,0,0.5742614,0.5742601,1.38E-06,0.000184058,0.1116637,34.93238,3542.09,346471.6,6951.693,12683.9,59.68725,60.17424,59.66036,78.54546,0,0,13798.08,12683.9
0.5742741,-0.5742558,78.54707,-0.009702833,12683.91,12.25,10.00045,6721.651,592.9592,0,0.5742614,0.5742558,5.64E-06,0.000184058,0.1116637,34.9302,3520.687,346493,6951.696,12683.91,59.68725,60.17424,59.66036,78.54546,0,0,13798.08,12683.91
0.5742686,-0.574253,78.54707,-0.009704383,12683.91,12.25,10.00045,6721.652,592.9594,0,0.5742611,0.574253,8.07E-06,0.000184058,0.1116637,34.93578,3499.284,346514.4,6951.698,12683.91,59.68725,60.17424,59.66036,78.54546,0,0,13798.08,12683.91
0.5742579,-0.5742556,78.54707,-0.009706457,12683.92,12.25,10.00045,6721.653,592.9593,0,0.5742608,0.5742556,5.16E-06,0.000184058,0.1116637,34.94324,3485.013,346528.7,6951.701,12683.92,59.68725,60.17424,59.66036,78.54546,0,0,13798.08,12683.92
0.5742424,-0.5742577,78.54707,-0.009710093,12683.92,12.25,10.00045,6721.653,592.959,0,0.5742608,0.5742577,3.13E-06,0.000184058,0.1116637,34.95633,3470.738,346542.9,6951.701,12683.92,59.68725,60.17424,59.66036,78.54546,0,0,13798.08,12683.92
0.5742452,-0.5742597,78.54707,-0.009710153,12683.92,12.25,10.00045,6721.653,592.959,0,0.5742611,0.5742597,1.33E-06,0.000184058,0.1116637,34.95655,3582.55,346431.1,6951.705,12683.92,59.68725,60.17424,59.66036,78.54546,0,0,13798.08,12683.92
0.5742539,-0.574261,78.54707,-0.009707578,12683.93,12.25,10.00045,6721.654,592.9589,0,0.5742612,0.574261,2.46E-07,0.000184058,0.1116637,34.94728,3570.648,346443,6951.708,12683.93,59.68725,60.17424,59.66036,78.54546,0,0,13798.08,12683.93
0.5742685,-0.5742604,78.54707,-0.009704246,12683.93,12.25,10.00045,6721.654,592.9591,0,0.5742614,0.5742604,1.08E-06,0.000184058,0.1116637,34.93529,3546.859,346466.8,6951.71,12683.93,59.68725,60.17424,59.66036,78.54546,0,0,13798.08,12683.93
0.574275,-0.5742567,78.54707,-0.009702919,12683.94,12.25,10.00045,6721.655,592.9594,0,0.5742614,0.5742567,4.67E-06,0.000184058,0.1116637,34.93051,3520.695,346492.9,6951.713,12683.94,59.68725,60.17424,59.66036,78.54546,0,0,13798.08,12683.94
0.5742759,-0.5742556,78.54707,-0.009702903,12683.94,12.25,10.00045,6721.655,592.9594,0,0.5742614,0.5742556,5.71E-06,0.000184058,0.1116637,34.93045,3511.182,346502.4,6951.716,12683.94,59.68725,60.17424,59.66036,78.54546,0,0,13798.08,12683.94
0.5742648,-0.5742552,78.54707,-0.009704639,12683.95,12.25,10.00045,6721.656,592.9592,0,0.574261,0.5742552,5.78E-06,0.000184058,0.1116637,34.9367,3492.155,346521.4,6951.718,12683.95,59.68725,60.17424,59.66036,78.54546,0,0,13798.08,12683.95
0.5742423,-0.5742582,78.54707,-0.009709205,12683.96,12.25,10.00045,6721.656,592.9587,0,0.5742608,0.5742582,2.61E-06,0.000184058,0.1116637,34.95314,3470.745,346542.8,6951.718,12683.96,59.68725,60.17424,59.66036,78.54546,0,0,13798.08,12683.96
0.5742487,-0.5742604,78.54707,-0.009708328,12683.96,12.25,10.00045,6721.656,592.9587,0,0.5742611,0.5742604,7.40E-07,0.000184058,0.1116637,34.94998,3577.787,346435.8,6951.722,12683.96,59.68725,60.17424,59.66036,78.54546,0,0,13798.08,12683.96
0.5742587,-0.5742601,78.54707,-0.009705751,12683.96,12.25,10.00045,6721.657,592.9589,0,0.5742612,0.5742601,1.17E-06,0.000184058,0.1116637,34.9407,3561.135,346452.4,6951.724,12683.96,59.68725,60.17424,59.66036,78.54546,0,0,13798.08,12683.96
0.5742698,-0.5742591,78.54707,-0.009703384,12683.96,12.25,10.00045,6721.657,592.9592,0,0.5742614,0.5742591,2.33E-06,0.000184058,0.1116637,34.93218,3542.105,346471.4,6951.727,12683.96,59.68725,60.17424,59.66036,78.54546,0,0,13798.08,12683.96
0.574275,-0.5742564,78.54707,-0.009702768,12683.97,12.25,10.00045,6721.658,592.9595,0,0.5742614,0.5742564,4.99E-06,0.000184058,0.1116637,34.92996,3525.46,346488.1,6951.73,12683.97,59.68725,60.17424,59.66036,78.54546,0,0,13798.08,12683.97
0.5742735,-0.5742544,78.54707,-0.009703023,12683.98,12.25,10.00045,6721.658,592.9595,0,0.5742612,0.5742544,6.86E-06,0.000184058,0.1116637,34.93089,3506.433,346514.3,6951.732,12683.98,59.68725,60.17424,59.66036,78.54546,0,0,13798.08,12683.98
0.5742603,-0.5742572,78.54707,-0.009706216,12683.98,12.25,10.00045,6721.659,592.9593,0,0.5742607,0.5742572,3.46E-06,0.000184058,0.1116637,34.94238,3482.648,346530.8,6951.735,12683.98,59.68725,60.17424,59.66036,78.54546,0,0,13798.08,12683.98
0.5742441,-0.5742593,78.54707,-0.009708973,12683.99,12.25,10.00045,6721.66,592.9587,0,0.5742609,0.5742593,1.55E-06,0.000184058,0.1116637,34.9523,3470.752,346542.7,6951.735,12683.99,59.68725,60.17424,59.66036,78.54546,0,0,13798.08,12683.99
0.5742416,-0.5742605,78.54707,-0.009709668,12683.99,12.25,10.00045,6721.66,592.9586,0,0.574261,0.5742605,4.87E-07,0.000184058,0.1116637,34.9548,3582.553,346430.9,6951.738,12683.99,59.68725,60.17424,59.66036,78.54546,0,0,13798.08,12683.99
0.5742581,-0.5742605,78.54707,-0.009705749,12683.99,12.25,10.00045,6721.66,592.9587,0,0.5742612,0.5742605,7.24E-07,0.000184058,0.1116637,34.9407,3563.519,346449.9,6951.741,12683.99,59.68725,60.17424,59.66036,78.54546,0,0,13798.08,12683.99
0.5742695,-0.5742587,78.54707,-0.009703487,12684,12.25,10.00045,6721.661,592.9591,0,0.5742614,0.5742587,2.71E-06,0.000184058,0.1116637,34.93255,3542.114,346471.3,6951.744,12684,59.68725,60.17424,59.66036,78.54546,0,0,13798.08,12684
0.5742745,-0.5742554,78.54707,-0.01001876,12684,12.25,10.00045,4693.08,592.9595,0,0.5742614,0.5742554,5.95E-06,0.000184058,0.1116637,33.40333,3521.538,346492.1,6951.747,12684,59.68725,60.17424,59.66036,78.54546,0,0,13798.08,12684
0.5742605,-0.5742517,78.54707,-0.01175124,12684.01,12.25,10.00045,4693.081,592.9598,0,0.574261,0.5742517,9.25E-06,0.000184058,0.1116637,30.82833,3518.316,346496.6,6951.749,12684.01,59.68725,60.17424,59.66036,78.54546,0,0,13798.08,12684.01
0.5741954,-0.5742438,78.54707,-0.01477415,12684.01,12.25,10.00045,4693.081,592.9615,0,0.5742602,0.5742438,1.64E-05,0.000184058,0.1116637,28.6441,3661.507,346355.7,6951.749,12684.01,59.68725,60.17424,59.66036,78.54546,0,0,13798.08,12684.01
0.5741652,-0.5742114,78.54707,-0.01863813,12684.01,12.25,10.00045,4693.081,592.9692,0,0.5742596,0.5742114,4.82E-05,0.000184058,0.1116637,26.89991,3707.166,346312.8,6951.749,12684.01,59.68725,60.17424,59.66036,78.54546,0,0,13798.08,12684.01
0.5740561,-0.5741354,78.54707,-0.02355393,12684.02,12.25,10.00045,4693.082,592.9875,0,0.5742572,0.5741354,0.00012185,0.000184058,0.1116637,25.36482,3809.888,346213.8,6951.747,12684.02,59.68725,60.17424,59.66036,78.54546,0,0,13798.08,12684.02
0.5738879,-0.5740417,78.54707,-0.02927866,12684.02,12.25,10.00045,4693.082,593.0197,0,0.5742545,0.5740417,0.000212737,0.000184058,0.1116637,24.14119,4102.833,345925.3,6951.74,12684.02,59.68725,60.17424,59.66036,78.54546,0,0,13798.08,12684.02
0.5737188,-0.5738881,78.54707,-0.03540634,12684.02,12.25,10.00045,4693.083,593.0746,0,0.5742511,0.5738881,0.000362955,0.000184058,0.1116637,23.20065,4326.846,345705.9,6951.732,12684.02,59.68725,60.17424,59.66036,78.54546,0,0,13798.08,12684.02
0.5734267,-0.5736954,78.54707,-0.04201034,12684.02,12.25,10.00045,4693.083,593.1561,0,0.5742457,0.5736954,0.000550344,0.000184058,0.1116637,22.55098,4756.011,345281.9,6951.718,12684.02,59.68725,60.17424,59.66036,78.54546,0,0,13798.08,12684.02
0.5731887,-0.5734708,78.54707,-0.04822248,12684.03,12.25,10.00045,4693.083,593.2628,0,0.5742411,0.5734708,0.000770276,0.000184058,0.1116637,22.14795,5085.829,344957,6951.705,12684.03,59.68725,60.17424,59.66036,78.54546,0,0,13798.08,12684.03
0.5728069,-0.5731791,78.54707,-0.05510037,12684.03,12.25,10.00045,4693.083,593.4159,0,0.5742338,0.5731791,0.00105463,0.000184058,0.1116637,21.94306,5658.201,344390.1,6951.685,12684.03,59.68725,60.17424,59.66036,78.54546,0,0,13798.08,12684.03
0.572444,-0.572832,78.54707,-0.05712486,12684.03,12.25,10.00045,4693.083,593.6287,0,0.5742365,0.572832,0.001404482,0.000184058,0.1116637,21.90468,6191.539,343858.7,6951.663,12684.03,59.68725,60.17424,59.66036,78.54546,0,0,13798.08,12684.03
0.5720317,-0.5724292,78.54707,-0.0559702,12684.04,12.25,10.00045,4693.084,593.8979,0,0.574218,0.5724292,0.001788797,0.000184058,0.1116637,22.02137,6732.229,343317.7,6951.637,12684.04,59.68725,60.17424,59.66036,78.54546,0,0,13798.08,12684.04
0.5716867,-0.5720842,78.54707,-0.05424838,12684.04,12.25,10.00045,4693.084,594.1976,0,0.5741903,0.5720842,0.002106065,0.000184058,0.1116637,22.2361,7325.602,342723.5,6951.614,12684.04,59.68725,60.17424,59.66036,78.54546,0,0,13798.08,12684.04
0.5714265,-0.5717479,78.54707,-0.05266961,12684.04,12.25,10.00045,4693.084,594.5342,0,0.574206,0.5717479,0.002458136,0.000184058,0.1116637,22.51618,7789.859,342258.6,6951.593,12684.04,59.68725,60.17424,59.66036,78.54546,0,0,13798.08,12684.04
0.5711401,-0.5714495,78.54707,-0.04954224,12684.04,12.25,10.00045,4693.084,594.9368,0,0.5742007,0.5714495,0.002751284,0.000184058,0.1116637,22.88283,8383.455,341650.9,6951.572,12684.04,59.68725,60.17424,59.66036,78.54546,0,0,13798.08,12684.04
0.5709401,-0.5711735,78.54707,-0.04861944,12684.05,12.25,10.00045,4693.085,595.3687,0,0.5741966,0.5711735,0.003023075,0.000184058,0.1116637,23.27617,8843.765,341202.5,6951.556,12684.05,59.68725,60.17424,59.66036,78.54546,0,0,13798.08,12684.05
0.5707127,-0.5709572,78.54707,-0.04678301,12684.05,12.25,10.00045,4693.085,595.8066,0,0.5741922,0.5709572,0.003235011,0.000184058,0.1116637,23.67238,9369.053,340676.2,6951.541,12684.05,59.68725,60.17424,59.66036,78.54546,0,0,13798.08,12684.05
0.5705928,-0.570767,78.54707,-0.0447279,12684.05,12.25,10.00045,4693.085,596.2888,0,0.5741897,0.570767,0.00342262,0.000184058,0.1116637,24.09879,9770.93,340273,6951.53,12684.05,59.68725,60.17424,59.66036,78.54546,0,0,13798.08,12684.05
0.5704607,-0.5705922,78.54707,-0.04286219,12684.06,12.25,10.00045,4693.086,596.8023,0,0.5741866,0.5705922,0.003594391,0.000184058,0.1116637,24.5216,10159.82,339883,6951.521,12684.06,59.68725,60.17424,59.66036,78.54546,0,0,13798.08,12684.06
0.5703474,-0.5704767,78.54707,-0.04094917,12684.06,12.25,10.00045,4693.086,597.3185,0,0.5741848,0.5704767,0.003708065,0.000184058,0.1116637,24.94702,10640.49,339401.1,6951.513,12684.06,59.68725,60.17424,59.66036,78.54546,0,0,13798.08,12684.06
0.5703096,-0.5703786,78.54707,-0.03919467,12684.06,12.25,10.00045,4693.086,597.8258,0,0.5741838,0.5703786,0.003805251,0.000184058,0.1116637,25.32901,10957.83,339082.5,6951.508,12684.06,59.68725,60.17424,59.66036,78.54546,0,0,13798.08,12684.06
0.5702205,-0.5703127,78.54707,-0.03779079,12684.07,12.25,10.00045,4693.087,598.2935,0,0.5741822,0.5703127,0.003869476,0.000184058,0.1116637,25.67612,11215.54,338696.2,6951.504,12684.07,59.68725,60.17424,59.66036,78.54546,0,0,13798.08,12684.07
0.5702314,-0.5702673,78.54707,-0.03613887,12684.07,12.25,10.00045,4693.087,598.8121,0,0.5741823,0.5702673,0.003914998,0.000184058,0.1116637,26.03527,11622.58,338415.7,6951.503,12684.07,59.68725,60.17424,59.66036,78.54546,0,0,13798.08,12684.07
0.5702279,-0.5702282,78.54707,-0.03470789,12684.07,12.25,10.00045,4693.087,599.3228,0,0.5741819,0.5702282,0.003953676,0.000184058,0.1116637,26.37295,11878.57,338158.7,6951.504,12684.07,59.68725,60.17424,59.66036,78.54546,0,0,13798.08,12684.07
0.5702043,-0.5702254,78.54707,-0.03333244,12684.07,12.25,10.00045,4693.087,599.8433,0,0.5741817,0.5702254,0.003956304,0.000184058,0.1116637,26.7036,12252.79,337783.4,6951.503,12684.07,59.68725,60.17424,59.66036,78.54546,0,0,13798.08,12684.07
0.5702571,-0.5702286,78.54707,-0.0320163,12684.08,12.25,10.00045,4693.088,600.318,0,0.5741826,0.5702286,0.003954039,0.000184058,0.1116637,26.99271,12456,337579.3,6951.507,12684.08,59.68725,60.17424,59.66036,78.54546,0,0,13798.08,12684.08
0.5702732,-0.5702381,78.54707,-0.03085667,12684.08,12.25,10.00045,4693.088,600.8353,0,0.5741826,0.5702381,0.003944502,0.000184058,0.1116637,27.28452,12677.61,337356.8,6951.51,12684.08,59.68725,60.17424,59.66036,78.54546,0,0,13798.08,12684.08
0.5703035,-0.5702755,78.54707,-0.02964499,12684.08,12.25,10.00045,4693.088,601.3368,0,0.5741836,0.5702755,0.003908169,0.000184058,0.1116637,27.56769,13002.37,337031.1,6951.513,12684.08,59.68725,60.17424,59.66036,78.54546,0,0,13798.08,12684.08
0.5703793,-0.5703154,78.54707,-0.02839376,12684.09,12.25,10.00045,4693.089,601.8775,0,0.574185,0.5703154,0.003869546,0.000184058,0.1116637,27.84624,13216.78,336815.7,6951.519,12684.09,59.68725,60.17424,59.66036,78.54546,0,0,13798.08,12684.09
0.5704461,-0.5703612,78.54707,-0.02732777,12684.09,12.25,10.00045,4693.089,602.4005,0,0.5741861,0.5703612,0.003824881,0.000184058,0.1116637,28.10637,13412.49,336619.1,6951.524,12684.09,59.68725,60.17424,59.66036,78.54546,0,0,13798.08,12684.09
0.570483,-0.5704333,78.54707,-0.02633991,12684.1,12.25,10.00045,4693.09,602.9551,0,0.5741869,0.5704333,0.003753608,0.000184058,0.1116637,28.36956,13621.96,336408.8,6951.529,12684.1,59.68725,60.17424,59.66036,78.54546,0,0,13798.08,12684.1
0.5705768,-0.5705017,78.54707,-0.02530676,12684.1,12.25,10.00045,4693.09,603.4265,0,0.5741889,0.5705017,0.003687193,0.000184058,0.1116637,28.58831,13899.14,336130.7,6951.537,12684.1,59.68725,60.17424,59.66036,78.54546,0,0,13798.08,12684.1
0.5706668,-0.5705662,78.54707,-0.02441691,12684.1,12.25,10.00045,4693.09,603.8988,0,0.5741904,0.5705662,0.00362423,0.000184058,0.1116637,28.78854,14047.47,335981.7,6951.544,12684.1,59.68725,60.17424,59.66036,78.54546,0,0,13798.08,12684.1
0.5707322,-0.5706381,78.54707,-0.02372647,12684.11,12.25,10.00045,4693.091,604.3533,0,0.574192,0.5706381,0.003553921,0.000184058,0.1116637,28.97846,14182.93,335845.6,6951.552,12684.11,59.68725,60.17424,59.66036,78.54546,0,0,13798.08,12684.11
0.5708038,-0.5707314,78.54707,-0.02288141,12684.11,12.25,10.00045,4693.091,604.8313,0,0.5741933,0.5707314,0.003461914,0.000184058,0.1116637,29.17327,14455.99,335571.8,6951.559,12684.11,59.68725,60.17424,59.66036,78.54546,0,0,13798.08,12684.11
0.5709329,-0.5708101,78.54707,-0.02211174,12684.11,12.25,10.00045,4693.091,605.2672,0,0.5742141,0.5708101,0.00340398,0.000184058,0.1116637,29.34111,14575.54,335451.5,6951.567,12684.11,59.68725,60.17424,59.66036,78.54546,0,0,13798.08,12684.11
0.5710016,-0.5708883,78.54707,-0.02146009,12684.12,12.25,10.00045,4693.092,605.6926,0,0.5741969,0.5708883,0.003308514,0.000184058,0.1116637,29.49542,14692.49,335333.9,6951.575,12684.12,59.68725,60.17424,59.66036,78.54546,0,0,13798.08,12684.12
0.5710524,-0.5709764,78.54707,-0.02058944,12684.12,12.25,10.00045,4693.093,606.1106,0,0.574198,0.5709764,0.00322163,0.000184058,0.1116637,29.64399,14793.77,335226.8,6951.581,12684.12,59.68725,60.17424,59.66036,78.54546,0,0,13798.08,12684.12
0.571157,-0.5710615,78.54707,-0.02029776,12684.12,12.25,10.00045,4693.093,606.4815,0,0.5742002,0.5710615,0.003138694,0.000184058,0.1116637,29.77662,15005.42,335019.9,6951.59,12684.12,59.68725,60.17424,59.66036,78.54546,0,0,13798.08,12684.12
0.5712573,-0.5711425,78.54707,-0.01972114,12684.13,12.25,10.00045,4693.093,606.8792,0,0.574202,0.5711425,0.003059492,0.000184058,0.1116637,29.90525,15101.01,334923.8,6951.599,12684.13,59.68725,60.17424,59.66036,78.54546,0,0,13798.08,12684.13
0.5713359,-0.5712307,78.54707,-0.01925538,12684.13,12.25,10.00045,4693.094,607.2817,0,0.5742033,0.5712307,0.002972533,0.000184058,0.1116637,30.03409,15199,334825.3,6951.607,12684.13,59.68725,60.17424,59.66036,78.54546,0,0,13798.08,12684.13
0.5714144,-0.5713347,78.54707,-0.01876154,12684.14,12.25,10.00045,4693.094,607.704,0,0.5742051,0.5713347,0.002870419,0.000184058,0.1116637,30.16661,15312.55,334711.2,6951.614,12684.14,59.68725,60.17424,59.66036,78.54546,0,0,13798.08,12684.14
0.5715147,-0.5714258,78.54707,-0.01820408,12684.14,12.25,10.00045,4693.094,608.0565,0,0.5742072,0.5714258,0.002781458,0.000184058,0.1116637,30.27723,15510.85,334512.4,6951.624,12684.14,59.68725,60.17424,59.66036,78.54546,0,0,13798.08,12684.14
0.5716152,-0.5715054,78.54707,-0.01773604,12684.14,12.25,10.00045,4693.095,608.4075,0,0.5742091,0.5715054,0.00270372,0.000184058,0.1116637,30.37622,15581.8,334440.9,6951.632,12684.14,59.68725,60.17424,59.66036,78.54546,0,0,13798.08,12684.14
0.571685,-0.5715833,78.54707,-0.01742606,12684.15,12.25,10.00045,4693.095,608.7397,0,0.5742101,0.5715833,0.002626852,0.000184058,0.1116637,30.46826,15643.14,334379.3,6951.641,12684.15,59.68725,60.17424,59.66036,78.54546,0,0,13798.08,12684.15
0.5717475,-0.5716784,78.54707,-0.01703884,12684.15,12.25,10.00045,4693.096,609.0897,0,0.5742118,0.5716784,0.00253347,0.000184058,0.1116637,30.5666,15720.38,334177,6951.647,12684.15,59.68725,60.17424,59.66036,78.54546,0,0,13798.08,12684.15
0.5718511,-0.5717576,78.54707,-0.01661868,12684.15,12.25,10.00045,4693.096,609.3794,0,0.5742139,0.5717576,0.002456191,0.000184058,0.1116637,30.64719,15889.02,334132.5,6951.656,12684.15,59.68725,60.17424,59.66036,78.54546,0,0,13798.08,12684.15
0.5719435,-0.5718405,78.54707,-0.01623881,12684.16,12.25,10.00045,4693.096,609.7079,0,0.5742155,0.5718405,0.002375019,0.000184058,0.1116637,30.73101,15959.74,334061.4,6951.664,12684.16,59.68725,60.17424,59.66036,78.54546,0,0,13798.08,12684.16
0.572014,-0.5719129,78.54707,-0.01598351,12684.17,12.25,10.00045,4693.097,609.9991,0,0.5742167,0.5719129,0.002303729,0.000184058,0.1116637,30.80302,16010.24,334010.6,6951.672,12684.17,59.68725,60.17424,59.66036,78.54546,0,0,13798.08,12684.17
0.5720651,-0.5719992,78.54707,-0.01576211,12684.17,12.25,10.00045,4693.097,610.305,0,0.5742179,0.5719992,0.002218723,0.000184058,0.1116637,30.87895,16070.21,333950.3,6951.677,12684.17,59.68725,60.17424,59.66036,78.54546,0,0,13798.08,12684.17
0.5721542,-0.572077,78.54707,-0.0153785,12684.17,12.25,10.00045,4693.097,610.5763,0,0.5742198,0.572077,0.002142804,0.000184058,0.1116637,30.94746,16237.25,333782.9,6951.686,12684.17,59.68725,60.17424,59.66036,78.54546,0,0,13798.08,12684.17
0.5722424,-0.5721539,78.54707,-0.01505547,12684.17,12.25,10.00045,4693.098,610.8622,0,0.5742215,0.5721539,0.002067618,0.000184058,0.1116637,31.01347,16292.31,333727.5,6951.694,12684.17,59.68725,60.17424,59.66036,78.54546,0,0,13798.08,12684.17
0.5723189,-0.572218,78.54707,-0.01481843,12684.18,12.25,10.00045,4693.098,611.1158,0,0.5742228,0.572218,0.00200477,0.000184058,0.1116637,31.0693,16327.21,333692.3,6951.702,12684.18,59.68725,60.17424,59.66036,78.54546,0,0,13798.08,12684.18
0.5723567,-0.5722315,78.54707,-0.01470206,12684.19,12.25,10.00045,4693.099,611.3648,0,0.5742234,0.5722315,0.001991946,0.000184058,0.1116637,31.12468,16364.75,333654.5,6951.709,12684.19,59.68725,60.17424,59.66036,78.54546,0,0,13798.08,12684.19
0.5724237,-0.5723648,78.54707,-0.01441066,12684.19,12.25,10.00045,4693.099,611.6165,0,0.5742252,0.5723648,0.00186038,0.000184058,0.1116637,31.18314,16531.43,333487.5,6951.715,12684.19,59.68725,60.17424,59.66036,78.54546,0,0,13798.08,12684.19
0.572506,-0.5724344,78.54707,-0.0141336,12684.19,12.25,10.00045,4693.099,611.8641,0,0.5742267,0.5724344,0.001792275,0.000184058,0.1116637,31.23585,16574.1,333444.5,6951.722,12684.19,59.68725,60.17424,59.66036,78.54546,0,0,13798.08,12684.19
0.5725823,-0.5724912,78.54707,-0.01390885,12684.2,12.25,10.00045,4693.1,612.0845,0,0.5742283,0.5724912,0.001737114,0.000184058,0.1116637,31.28004,16598.26,333420.1,6951.729,12684.2,59.68725,60.17424,59.66036,78.54546,0,0,13798.08,12684.2
0.5726347,-0.5725538,78.54707,-0.0137603,12684.2,12.25,10.00045,4693.1,612.3144,0,0.5742289,0.5725538,0.001675137,0.000184058,0.1116637,31.32571,16635.67,333382.5,6951.736,12684.2,59.68725,60.17424,59.66036,78.54546,0,0,13798.08,12684.2
0.5726593,-0.5726162,78.54707,-0.01364332,12684.21,12.25,10.00045,4693.101,612.5187,0,0.57423,0.5726162,0.00161383,0.000184058,0.1116637,31.36962,16656.89,333235.2,6951.741,12684.21,59.68725,60.17424,59.66036,78.54546,0,0,13798.08,12684.21
0.5727342,-0.572684,78.54707,-0.01340634,12684.21,12.25,10.00045,4693.101,612.7449,0,0.5742313,0.572684,0.001547228,0.000184058,0.1116637,31.41544,16825.35,333192.4,6951.748,12684.21,59.68725,60.17424,59.66036,78.54546,0,0,13798.08,12684.21
0.5728163,-0.5727311,78.54707,-0.01319186,12684.21,12.25,10.00045,4693.102,612.924,0,0.5742407,0.5727311,0.00150964,0.000184058,0.1116637,31.4493,16830.95,333186.5,6951.754,12684.21,59.68725,60.17424,59.66036,78.54546,0,0,13798.08,12684.21
0.5728669,-0.5727894,78.54707,-0.01302362,12684.22,12.25,10.00045,4693.102,613.1337,0,0.5742337,0.5727894,0.00144427,0.000184058,0.1116637,31.48806,16869.14,333148.1,6951.761,12684.22,59.68725,60.17424,59.66036,78.54546,0,0,13798.08,12684.22
0.5728796,-0.5727753,78.54707,-0.01302356,12684.22,12.25,10.00045,4693.103,613.3011,0,0.5742216,0.5727753,0.001446304,0.000184058,0.1116637,31.51845,16871.12,333146.1,6951.767,12684.22,59.68725,60.17424,59.66036,78.54546,0,0,13798.08,12684.22
0.5729361,-0.5728929,78.54707,-0.01281157,12684.22,12.25,10.00045,4693.103,613.4704,0,0.5742353,0.5728929,0.001342313,0.000184058,0.1116637,31.5538,17012.78,333004.2,6951.771,12684.22,59.68725,60.17424,59.66036,78.54546,0,0,13798.08,12684.22
0.573,-0.572939,78.54707,-0.01262648,12684.23,12.25,10.00045,4693.103,613.6385,0,0.5742364,0.572939,0.001297356,0.000184058,0.1116637,31.58368,17026.59,332990.1,6951.777,12684.23,59.68725,60.17424,59.66036,78.54546,0,0,13798.08,12684.23
0.5730525,-0.5729825,78.54707,-0.01249649,12684.23,12.25,10.00045,4693.104,613.8079,0,0.5742373,0.5729825,0.001254714,0.000184058,0.1116637,31.612,17045.04,332971.5,6951.783,12684.23,59.68725,60.17424,59.66036,78.54546,0,0,13798.08,12684.23
0.5730928,-0.5730289,78.54707,-0.01241005,12684.24,12.25,10.00045,4693.104,613.974,0,0.5742379,0.5730289,0.001209035,0.000184058,0.1116637,31.64064,17069.12,332947.3,6951.789,12684.24,59.68725,60.17424,59.66036,78.54546,0,0,13798.08,12684.24
0.5730994,-0.5730771,78.54707,-0.01235915,12684.24,12.25,10.00045,4693.104,614.1199,0,0.5742385,0.5730771,0.001161371,0.000184058,0.1116637,31.66891,17074.95,332814.2,6951.792,12684.24,59.68725,60.17424,59.66036,78.54546,0,0,13798.08,12684.24
0.5731592,-0.5731225,78.54707,-0.01218814,12684.24,12.25,10.00045,4693.104,614.2744,0,0.5742396,0.5731225,0.001117139,0.000184058,0.1116637,31.69668,17218.89,332797.2,6951.799,12684.24,59.68725,60.17424,59.66036,78.54546,0,0,13798.08,12684.24
0.5732144,-0.5731583,78.54707,-0.01203869,12684.25,12.25,10.00045,4693.105,614.4115,0,0.5742406,0.5731583,0.001082265,0.000184058,0.1116637,31.71881,17222.57,332793.3,6951.804,12684.25,59.68725,60.17424,59.66036,78.54546,0,0,13798.08,12684.25
0.5732579,-0.5731969,78.54707,-0.01193657,12684.25,12.25,10.00045,4693.105,614.5554,0,0.5742413,0.5731969,0.0010444,0.000184058,0.1116637,31.74199,17241.11,332774.7,6951.81,12684.25,59.68725,60.17424,59.66036,78.54546,0,0,13798.08,12684.25
0.5732722,-0.5732326,78.54707,-0.01194825,12684.26,12.25,10.00045,4693.106,614.6822,0,0.5742414,0.5732326,0.001008798,0.000184058,0.1116637,31.76175,17242.34,332773.4,6951.814,12684.26,59.68725,60.17424,59.66036,78.54546,0,0,13798.08,12684.26
0.5732945,-0.5732723,78.54707,-0.01183459,12684.26,12.25,10.00045,4693.106,614.8072,0,0.5742423,0.5732723,0.00096995,0.000184058,0.1116637,31.7851,17372.78,332642.8,6951.817,12684.26,59.68725,60.17424,59.66036,78.54546,0,0,13798.08,12684.26
0.573345,-0.573311,78.54707,-0.01169326,12684.26,12.25,10.00045,4693.106,614.9333,0,0.5742433,0.573311,0.000932255,0.000184058,0.1116637,31.80757,17384.73,332630.7,6951.823,12684.26,59.68725,60.17424,59.66036,78.54546,0,0,13798.08,12684.26
0.5733895,-0.5733388,78.54707,-0.01157937,12684.27,12.25,10.00045,4693.107,615.0506,0,0.574244,0.5733388,0.000905198,0.000184058,0.1116637,31.82457,17385.83,332629.4,6951.828,12684.27,59.68725,60.17424,59.66036,78.54546,0,0,13798.08,12684.27
0.5734131,-0.5733636,78.54707,-0.01155662,12684.27,12.25,10.00045,4693.107,615.1614,0,0.5742442,0.5733636,0.000880578,0.000184058,0.1116637,31.83959,17383.14,332632.1,6951.833,12684.27,59.68725,60.17424,59.66036,78.54546,0,0,13798.08,12684.27
0.5734177,-0.5733996,78.54707,-0.01156353,12684.28,12.25,10.00045,4693.108,615.2698,0,0.5742446,0.5733996,0.000844986,0.000184058,0.1116637,31.85841,17386.42,332628.7,6951.834,12684.28,59.68725,60.17424,59.66036,78.54546,0,0,13798.08,12684.28
0.5734546,-0.5734339,78.54707,-0.01141567,12684.28,12.25,10.00045,4693.108,615.3795,0,0.5742455,0.5734339,0.000811538,0.000184058,0.1116637,31.87833,17517.99,332497,6951.84,12684.28,59.68725,60.17424,59.66036,78.54546,0,0,13798.08,12684.28
0.573496,-0.5734648,78.54707,-0.01130172,12684.28,12.25,10.00045,4693.108,615.4946,0,0.5742462,0.5734648,0.000781407,0.000184058,0.1116637,31.89596,17532.03,332482.8,6951.845,12684.28,59.68725,60.17424,59.66036,78.54546,0,0,13798.08,12684.28
0.5735355,-0.5734931,78.54707,-0.01120446,12684.29,12.25,10.00045,4693.109,615.5966,0,0.5742469,0.5734931,0.000753869,0.000184058,0.1116637,31.9118,17538.31,332476.4,6951.85,12684.29,59.68725,60.17424,59.66036,78.54546,0,0,13798.08,12684.29
0.5735636,-0.573517,78.54707,-0.01114355,12684.29,12.25,10.00045,4693.11,615.7035,0,0.5742474,0.573517,0.00073038,0.000184058,0.1116637,31.92603,17550.49,332464.1,6951.854,12684.29,59.68725,60.17424,59.66036,78.54546,0,0,13798.08,12684.29
0.5735754,-0.5735394,78.54707,-0.01115149,12684.3,12.25,10.00045,4693.11,615.7984,0,0.5742474,0.5735394,0.000707939,0.000184058,0.1116637,31.93855,17550.82,332463.8,6951.858,12684.3,59.68725,60.17424,59.66036,78.54546,0,0,13798.08,12684.3
0.5735983,-0.573571,78.54707,-0.01110119,12684.3,12.25,10.00045,4693.111,615.9031,0,0.5742478,0.573571,0.000676803,0.000184058,0.1116637,31.95486,17573.57,332440.9,6951.863,12684.3,59.68725,60.17424,59.66036,78.54546,0,0,13798.08,12684.3
0.5735999,-0.5735995,78.54707,-0.01105206,12684.31,12.25,10.00045,4693.111,615.9959,0,0.5742484,0.5735995,0.000648919,0.000184058,0.1116637,31.97108,17580.06,332305.9,6951.866,12684.31,59.68725,60.17424,59.66036,78.54546,0,0,13798.08,12684.31
0.5736398,-0.5736241,78.54707,-0.01093982,12684.31,12.25,10.00045,4693.111,616.0824,0,0.5742491,0.5736241,0.000625027,0.000184058,0.1116637,31.98515,17708.98,332305.3,6951.87,12684.31,59.68725,60.17424,59.66036,78.54546,0,0,13798.08,12684.31
0.5736696,-0.5736507,78.54707,-0.01086351,12684.31,12.25,10.00045,4693.112,616.174,0,0.5742497,0.5736507,0.000598955,0.000184058,0.1116637,31.99966,17726.47,332287.7,6951.875,12684.31,59.68725,60.17424,59.66036,78.54546,0,0,13798.08,12684.31
0.5737011,-0.5736676,78.54707,-0.01078305,12684.32,12.25,10.00045,4693.112,616.2548,0,0.5742502,0.5736676,0.000582611,0.000184058,0.1116637,32.00965,17725.75,332288.3,6951.879,12684.32,59.68725,60.17424,59.66036,78.54546,0,0,13798.08,12684.32
0.5737246,-0.573684,78.54707,-0.01073517,12684.32,12.25,10.00045,4693.113,616.3362,0,0.5742505,0.573684,0.000566565,0.000184058,0.1116637,32.01942,17729.69,332284.3,6951.883,12684.32,59.68725,60.17424,59.66036,78.54546,0,0,13798.08,12684.32
0.5737409,-0.573704,78.54707,-0.01070098,12684.33,12.25,10.00045,4693.113,616.4156,0,0.5742461,0.573704,0.00054213,0.000184058,0.1116637,32.0305,17737.2,332276.7,6951.887,12684.33,59.68725,60.17424,59.66036,78.54546,0,0,13798.08,12684.33
0.5737344,-0.5736642,78.54707,-0.01076269,12684.33,12.25,10.00045,4693.114,616.4858,0,0.5742506,0.5736642,0.00058632,0.000184058,0.1116637,32.04096,17734.38,332279.5,6951.891,12684.33,59.68725,60.17424,59.66036,78.54546,0,0,13798.08,12684.33
0.5737463,-0.5737463,78.54707,-0.01068163,12684.33,12.25,10.00045,4693.114,616.559,0,0.574254,0.5737463,0.000507725,0.000184058,0.1116637,32.05353,17864.83,332149,6951.893,12684.33,59.68725,60.17424,59.66036,78.54546,0,0,13798.08,12684.33
0.5737752,-0.573765,78.54707,-0.01059466,12684.34,12.25,10.00045,4693.114,616.6301,0,0.5742518,0.573765,0.000486724,0.000184058,0.1116637,32.06421,17868.75,332145,6951.897,12684.34,59.68725,60.17424,59.66036,78.54546,0,0,13798.08,12684.34
0.5738041,-0.5737811,78.54707,-0.01051788,12684.34,12.25,10.00045,4693.115,616.6943,0,0.5742524,0.5737811,0.000471284,0.000184058,0.1116637,32.07382,17866.08,332147.5,6951.901,12684.34,59.68725,60.17424,59.66036,78.54546,0,0,13798.08,12684.34
0.5738267,-0.5737945,78.54707,-0.01046382,12684.35,12.25,10.00045,4693.115,616.7613,0,0.5742527,0.5737945,0.000458085,0.000184058,0.1116637,32.08155,17869.01,332144.5,6951.905,12684.35,59.68725,60.17424,59.66036,78.54546,0,0,13798.08,12684.35
0.5738453,-0.5738072,78.54707,-0.01043147,12684.36,12.25,10.00045,4693.116,616.8212,0,0.5742529,0.5738072,0.000445751,0.000184058,0.1116637,32.08906,17865.43,332148.1,6951.908,12684.36,59.68725,60.17424,59.66036,78.54546,0,0,13798.08,12684.36
0.5738504,-0.5738214,78.54707,-0.01043729,12684.36,12.25,10.00045,4693.116,616.8871,0,0.5742528,0.5738214,0.000431402,0.000184058,0.1116637,32.09722,17874.89,332138.6,6951.912,12684.36,59.68725,60.17424,59.66036,78.54546,0,0,13798.08,12684.36
0.5738342,-0.5738383,78.54707,-0.01049716,12684.37,12.25,10.00045,4693.117,616.9424,0,0.5742528,0.5738383,0.000414472,0.000184058,0.1116637,32.10558,17865.86,332147.6,6951.913,12684.37,59.68725,60.17424,59.66036,78.54546,0,0,13798.08,12684.37
0.5738483,-0.5738549,78.54707,-0.01040993,12684.37,12.25,10.00045,4693.118,617.0043,0,0.5742533,0.5738549,0.000398304,0.000184058,0.1116637,32.11514,17878.6,332010.2,6951.917,12684.37,59.68725,60.17424,59.66036,78.54546,0,0,13798.08,12684.37
0.5738686,-0.5738711,78.54707,-0.01035265,12684.37,12.25,10.00045,4693.118,617.0627,0,0.5742536,0.5738711,0.000382553,0.000184058,0.1116637,32.12454,18012.87,332000.4,6951.921,12684.37,59.68725,60.17424,59.66036,78.54546,0,0,13798.08,12684.37
0.5738893,-0.5738846,78.54707,-0.01029324,12684.38,12.25,10.00045,4693.118,617.1206,0,0.574254,0.5738846,0.000369444,0.000184058,0.1116637,32.13258,18020.3,331992.9,6951.925,12684.38,59.68725,60.17424,59.66036,78.54546,0,0,13798.08,12684.38
0.5739149,-0.5738972,78.54707,-0.01022567,12684.38,12.25,10.00045,4693.119,617.169,0,0.5742545,0.5738972,0.00035728,0.000184058,0.1116637,32.13991,18013.95,331999.2,6951.929,12684.38,59.68725,60.17424,59.66036,78.54546,0,0,13798.08,12684.38
0.573932,-0.5739028,78.54707,-0.01018948,12684.39,12.25,10.00045,4693.119,617.2177,0,0.5742547,0.5739028,0.00035184,0.000184058,0.1116637,32.14407,18005.58,332007.5,6951.932,12684.39,59.68725,60.17424,59.66036,78.54546,0,0,13798.08,12684.39
0.5739447,-0.5739142,78.54707,-0.01015856,12684.39,12.25,10.00045,4693.12,617.2691,0,0.5742549,0.5739142,0.000340682,0.000184058,0.1116637,32.15107,18015.76,331997.3,6951.936,12684.39,59.68725,60.17424,59.66036,78.54546,0,0,13798.08,12684.39
0.5739478,-0.5739221,78.54707,-0.01017515,12684.4,12.25,10.00045,4693.12,617.3143,0,0.5742548,0.5739221,0.000332652,0.000184058,0.1116637,32.15593,18010.92,332002.1,6951.939,12684.4,59.68725,60.17424,59.66036,78.54546,0,0,13798.08,12684.4
0.5739471,-0.5739357,78.54707,-0.01019091,12684.4,12.25,10.00045,4693.121,617.3595,0,0.5742547,0.5739357,0.000318958,0.000184058,0.1116637,32.1627,18012.76,332000.2,6951.942,12684.4,59.68725,60.17424,59.66036,78.54546,0,0,13798.08,12684.4
0.5739404,-0.5739473,78.54707,-0.01022965,12684.41,12.25,10.00045,4693.121,617.4041,0,0.5742549,0.5739473,0.000307601,0.000184058,0.1116637,32.16976,18012,331998.5,6951.943,12684.41,59.68725,60.17424,59.66036,78.54546,0,0,13798.08,12684.41
0.5739521,-0.5739596,78.54707,-0.01012608,12684.41,12.25,10.00045,4693.121,617.4464,0,0.5742553,0.5739596,0.000295609,0.000184058,0.1116637,32.1771,18138.22,331874.7,6951.947,12684.41,59.68725,60.17424,59.66036,78.54546,0,0,13798.08,12684.41
0.5739697,-0.5739694,78.54707,-0.01007807,12684.41,12.25,10.00045,4693.122,617.4882,0,0.5742572,0.5739694,0.000287798,0.000184058,0.1116637,32.18312,18139.07,331873.8,6951.951,12684.41,59.68725,60.17424,59.66036,78.54546,0,0,13798.08,12684.41
0.5739917,-0.5739754,78.54707,-0.01001496,12684.42,12.25,10.00045,4693.122,617.5245,0,0.5742559,0.5739754,0.000280519,0.000184058,0.1116637,32.18728,18127.39,331885.3,6951.954,12684.42,59.68725,60.17424,59.66036,78.54546,0,0,13798.08,12684.42
0.5740067,-0.5739809,78.54707,-0.009983674,12684.42,12.25,10.00045,4693.123,617.5644,0,0.5742576,0.5739809,0.000276672,0.000184058,0.1116637,32.19138,18125.6,331887.1,6951.957,12684.42,59.68725,60.17424,59.66036,78.54546,0,0,13798.08,12684.42
0.5740134,-0.5739861,78.54707,-0.009971425,12684.43,12.25,10.00045,4693.123,617.6008,0,0.5742562,0.5739861,0.000270091,0.000184058,0.1116637,32.19507,18120.79,331891.9,6951.96,12684.43,59.68725,60.17424,59.66036,78.54546,0,0,13798.08,12684.43
0.5740177,-0.5739924,78.54707,-0.009983675,12684.43,12.25,10.00045,4693.124,617.6381,0,0.5742562,0.5739924,0.000263747,0.000184058,0.1116637,32.19913,18118.38,331894.3,6951.963,12684.43,59.68725,60.17424,59.66036,78.54546,0,0,13798.08,12684.43
0.5740181,-0.5740018,78.54707,-0.009981506,12684.44,12.25,10.00045,4693.124,617.6765,0,0.5742561,0.5740018,0.000254292,0.000184058,0.1116637,32.20469,18127.54,331885.1,6951.966,12684.44,59.68725,60.17424,59.66036,78.54546,0,0,13798.08,12684.44
0.5740021,-0.5740116,78.54707,-0.01002678,12684.44,12.25,10.00045,4693.125,617.7089,0,0.5742561,0.5740116,0.000244475,0.000184058,0.1116637,32.21004,18119.27,331893.4,6951.967,12684.44,59.68725,60.17424,59.66036,78.54546,0,0,13798.08,12684.44
0.5740141,-0.5740206,78.54707,-0.009944979,12684.44,12.25,10.00045,4693.125,617.7415,0,0.5742565,0.5740206,0.000235926,0.000184058,0.1116637,32.21582,18236.02,331776.5,6951.971,12684.44,59.68725,60.17424,59.66036,78.54546,0,0,13798.08,12684.44
0.5740345,-0.5740266,78.54707,-0.00988519,12684.45,12.25,10.00045,4693.125,617.7729,0,0.5742568,0.5740266,0.000230177,0.000184058,0.1116637,32.22013,18225.23,331787.3,6951.974,12684.45,59.68725,60.17424,59.66036,78.54546,0,0,13798.08,12684.45
0.5740471,-0.5740328,78.54707,-0.009849311,12684.45,12.25,10.00045,4693.125,617.806,0,0.5742571,0.5740328,0.000224269,0.000184058,0.1116637,32.22427,18226.11,331786.3,6951.977,12684.45,59.68725,60.17424,59.66036,78.54546,0,0,13798.08,12684.45
0.57406,-0.5740374,78.54707,-0.009819065,12684.46,12.25,10.00045,4693.126,617.8376,0,0.5742573,0.5740374,0.000219874,0.000184058,0.1116637,32.22761,18222.16,331790.2,6951.98,12684.46,59.68725,60.17424,59.66036,78.54546,0,0,13798.08,12684.46
0.5740656,-0.5740414,78.54707,-0.009805194,12684.46,12.25,10.00045,4693.126,617.8688,0,0.5742573,0.5740414,0.000215837,0.000184058,0.1116637,32.23114,18222.55,331789.8,6951.983,12684.46,59.68725,60.17424,59.66036,78.54546,0,0,13798.08,12684.46
0.574068,-0.5740445,78.54707,-0.009811383,12684.47,12.25,10.00045,4693.127,617.8987,0,0.5742572,0.5740445,0.00021275,0.000184058,0.1116637,32.23409,18220.3,331792,6951.986,12684.47,59.68725,60.17424,59.66036,78.54546,0,0,13798.08,12684.47
0.5740645,-0.5740496,78.54707,-0.00984061,12684.47,12.25,10.00045,4693.127,617.9282,0,0.574257,0.5740496,0.000207405,0.000184058,0.1116637,32.23711,18218.03,331794.3,6951.989,12684.47,59.68725,60.17424,59.66036,78.54546,0,0,13798.08,12684.47
0.5740566,-0.5739998,78.54707,-0.009867993,12684.48,12.25,10.00045,4693.128,617.9562,0,0.574257,0.5739998,0.000257099,0.000184058,0.1116637,32.24138,18215.24,331797.1,6951.992,12684.48,59.68725,60.17424,59.66036,78.54546,0,0,13798.08,12684.48
0.5740488,-0.5740655,78.54707,-0.009835411,12684.48,12.25,10.00045,4693.129,617.9841,0,0.5742572,0.5740655,0.000191691,0.000184058,0.1116637,32.24643,18212.39,331674.8,6951.993,12684.48,59.68725,60.17424,59.66036,78.54546,0,0,13798.08,12684.48
0.5740701,-0.5740728,78.54707,-0.009769181,12684.48,12.25,10.00045,4693.129,618.0091,0,0.5742576,0.5740728,0.000184751,0.000184058,0.1116637,32.25114,18324.91,331687.3,6951.996,12684.48,59.68725,60.17424,59.66036,78.54546,0,0,13798.08,12684.48
0.5740851,-0.5740769,78.54707,-0.009725393,12684.49,12.25,10.00045,4693.129,618.0343,0,0.5742579,0.5740769,0.000180939,0.000184058,0.1116637,32.25455,18316.78,331695.4,6952,12684.49,59.68725,60.17424,59.66036,78.54546,0,0,13798.08,12684.49
0.5740943,-0.57408,78.54707,-0.009700463,12684.49,12.25,10.00045,4693.13,618.061,0,0.574258,0.57408,0.000178001,0.000184058,0.1116637,32.25753,18317.33,331694.8,6952.002,12684.49,59.68725,60.17424,59.66036,78.54546,0,0,13798.08,12684.49
0.5741029,-0.5740787,78.54707,-0.009684933,12684.5,12.25,10.00045,4693.13,618.0856,0,0.574258,0.5740787,0.000179227,0.000184058,0.1116637,32.25812,18303.11,331709,6952.005,12684.5,59.68725,60.17424,59.66036,78.54546,0,0,13798.08,12684.5
0.574102,-0.5740815,78.54707,-0.00970772,12684.5,12.25,10.00045,4693.131,618.1086,0,0.5742578,0.5740815,0.00017632,0.000184058,0.1116637,32.26039,18292.13,331720,6952.008,12684.5,59.68725,60.17424,59.66036,78.54546,0,0,13798.08,12684.5
0.5741006,-0.5740867,78.54707,-0.009718311,12684.51,12.25,10.00045,4693.131,618.1342,0,0.5742577,0.5740867,0.000171041,0.000184058,0.1116637,32.26357,18292.98,331716.7,6952.011,12684.51,59.68725,60.17424,59.66036,78.54546,0,0,13798.08,12684.51
0.5740844,-0.5740957,78.54707,-0.009761701,12684.51,12.25,10.00045,4693.132,618.1554,0,0.5742577,0.5740957,0.000161991,0.000184058,0.1116637,32.26826,18283.81,331728.3,6952.011,12684.51,59.68725,60.17424,59.66036,78.54546,0,0,13798.08,12684.51
0.5740846,-0.5741013,78.54707,-0.009706445,12684.51,12.25,10.00045,4693.132,618.1782,0,0.5742565,0.5741013,0.000155168,0.000184058,0.1116637,32.27261,18402.29,331609.8,6952.015,12684.51,59.68725,60.17424,59.66036,78.54546,0,0,13798.08,12684.51
0.5741048,-0.5741055,78.54707,-0.009653548,12684.52,12.25,10.00045,4693.132,618.1991,0,0.5742583,0.5741055,0.000152734,0.000184058,0.1116637,32.27577,18392.92,331619.1,6952.018,12684.52,59.68725,60.17424,59.66036,78.54546,0,0,13798.08,12684.52
0.5741146,-0.5741086,78.54707,-0.009619473,12684.52,12.25,10.00045,4693.133,618.2214,0,0.5742573,0.5741086,0.000148609,0.000184058,0.1116637,32.27813,18386.01,331625.9,6952.021,12684.52,59.68725,60.17424,59.66036,78.54546,0,0,13798.08,12684.52
0.5741283,-0.5741095,78.54707,-0.009591002,12684.53,12.25,10.00045,4693.133,618.2416,0,0.5742586,0.5741095,0.000149085,0.000184058,0.1116637,32.27975,18376.46,331635.4,6952.024,12684.53,59.68725,60.17424,59.66036,78.54546,0,0,13798.08,12684.53
0.5741323,-0.5741093,78.54707,-0.009590671,12684.53,12.25,10.00045,4693.134,618.2617,0,0.5742573,0.5741093,0.000148103,0.000184058,0.1116637,32.28053,18362.26,331649.6,6952.026,12684.53,59.68725,60.17424,59.66036,78.54546,0,0,13798.08,12684.53
0.5741306,-0.574112,78.54707,-0.009608345,12684.54,12.25,10.00045,4693.134,618.2818,0,0.5742584,0.574112,0.000146358,0.000184058,0.1116637,32.28295,18359.42,331652.5,6952.029,12684.54,59.68725,60.17424,59.66036,78.54546,0,0,13798.08,12684.54
0.5741163,-0.5740595,78.54707,-0.009674602,12684.54,12.25,10.00045,4693.135,618.3002,0,0.5742589,0.5740595,0.000199427,0.000184058,0.1116637,32.28571,18344.74,331667.2,6952.032,12684.54,59.68725,60.17424,59.66036,78.54546,0,0,13798.08,12684.54
0.5741065,-0.5741247,78.54707,-0.009639971,12684.55,12.25,10.00045,4693.135,618.3192,0,0.5742583,0.5741247,0.000133666,0.000184058,0.1116637,32.28976,18341.46,331547.3,6952.033,12684.55,59.68725,60.17424,59.66036,78.54546,0,0,13798.08,12684.55
0.5741177,-0.5741283,78.54707,-0.009603963,12684.55,12.25,10.00045,4693.135,618.338,0,0.5742586,0.5741283,0.000130262,0.000184058,0.1116637,32.29269,18458.91,331552.9,6952.036,12684.55,59.68725,60.17424,59.66036,78.54546,0,0,13798.08,12684.55
0.5741298,-0.5741314,78.54707,-0.009568025,12684.55,12.25,10.00045,4693.136,618.3569,0,0.5742587,0.5741314,0.000127318,0.000184058,0.1116637,32.29509,18455.51,331556.3,6952.039,12684.55,59.68725,60.17424,59.66036,78.54546,0,0,13798.08,12684.55
0.5741419,-0.5741333,78.54707,-0.009531953,12684.56,12.25,10.00045,4693.136,618.3752,0,0.5742589,0.5741333,0.000125669,0.000184058,0.1116637,32.29703,18447.48,331564.3,6952.042,12684.56,59.68725,60.17424,59.66036,78.54546,0,0,13798.08,12684.56
0.5741516,-0.5741341,78.54707,-0.009506716,12684.56,12.25,10.00045,4693.137,618.3925,0,0.574259,0.5741341,0.000125025,0.000184058,0.1116637,32.29853,18436.84,331574.8,6952.045,12684.56,59.68725,60.17424,59.66036,78.54546,0,0,13798.08,12684.56
0.5741575,-0.5741356,78.54707,-0.009493987,12684.57,12.25,10.00045,4693.137,618.4109,0,0.5742591,0.5741356,0.000123519,0.000184058,0.1116637,32.30024,18435.57,331576.1,6952.048,12684.57,59.68725,60.17424,59.66036,78.54546,0,0,13798.08,12684.57
0.574158,-0.5741365,78.54707,-0.00949894,12684.57,12.25,10.00045,4693.138,618.4281,0,0.574259,0.5741365,0.000122542,0.000184058,0.1116637,32.30148,18431.7,331579.9,6952.05,12684.57,59.68725,60.17424,59.66036,78.54546,0,0,13798.08,12684.57
0.5741544,-0.5741369,78.54707,-0.009524454,12684.58,12.25,10.00045,4693.138,618.4448,0,0.5742589,0.5741369,0.000122011,0.000184058,0.1116637,32.3024,18425.38,331586.3,6952.053,12684.58,59.68725,60.17424,59.66036,78.54546,0,0,13798.08,12684.58
0.5741515,-0.5741395,78.54707,-0.009541237,12684.58,12.25,10.00045,4693.139,618.4623,0,0.5742587,0.5741395,0.000119233,0.000184058,0.1116637,32.30402,18426.07,331585.6,6952.056,12684.58,59.68725,60.17424,59.66036,78.54546,0,0,13798.08,12684.58
0.5741409,-0.5740869,78.54707,-0.009574804,12684.59,12.25,10.00045,4693.139,618.478,0,0.5742586,0.5740869,0.000171672,0.000184058,0.1116637,32.30677,18419.4,331592.3,6952.059,12684.59,59.68725,60.17424,59.66036,78.54546,0,0,13798.08,12684.59
0.5741302,-0.5741497,78.54707,-0.009550634,12684.59,12.25,10.00045,4693.14,618.4937,0,0.5742588,0.5741497,0.000109098,0.000184058,0.1116637,32.31023,18412.69,331473.5,6952.06,12684.59,59.68725,60.17424,59.66036,78.54546,0,0,13798.08,12684.59
0.5741444,-0.5741546,78.54707,-0.00950444,12684.59,12.25,10.00045,4693.14,618.5086,0,0.574259,0.5741546,0.000104458,0.000184058,0.1116637,32.3135,18528.95,331482.6,6952.063,12684.59,59.68725,60.17424,59.66036,78.54546,0,0,13798.08,12684.59
0.5741472,-0.5741568,78.54707,-0.009487513,12684.6,12.25,10.00045,4693.141,618.5247,0,0.5742583,0.5741568,0.000101506,0.000184058,0.1116637,32.31578,18528.93,331482.6,6952.065,12684.6,59.68725,60.17424,59.66036,78.54546,0,0,13798.08,12684.6
0.5741638,-0.5741576,78.54707,-0.009445822,12684.6,12.25,10.00045,4693.141,618.5388,0,0.5742594,0.5741576,0.000101763,0.000184058,0.1116637,32.31728,18517.24,331494.3,6952.068,12684.6,59.68725,60.17424,59.66036,78.54546,0,0,13798.08,12684.6
0.5741726,-0.5741575,78.54707,-0.009423862,12684.61,12.25,10.00045,4693.142,618.5536,0,0.5742599,0.5741575,0.000102515,0.000184058,0.1116637,32.31823,18507.95,331503.5,6952.071,12684.61,59.68725,60.17424,59.66036,78.54546,0,0,13798.08,12684.61
0.5741777,-0.5741581,78.54707,-0.009409568,12684.61,12.25,10.00045,4693.142,618.5681,0,0.5742595,0.5741581,0.000101402,0.000184058,0.1116637,32.31942,18503.04,331508.4,6952.074,12684.61,59.68725,60.17424,59.66036,78.54546,0,0,13798.08,12684.61
0.5741818,-0.5741605,78.54707,-0.009397399,12684.62,12.25,10.00045,4693.143,618.5836,0,0.5742596,0.5741605,9.91E-05,0.000184058,0.1116637,32.32127,18507.36,331504,6952.077,12684.62,59.68725,60.17424,59.66036,78.54546,0,0,13798.08,12684.62
0.5741823,-0.5741619,78.54707,-0.009393566,12684.62,12.25,10.00045,4693.143,618.598,0,0.5742596,0.5741619,9.77E-05,0.000184058,0.1116637,32.32317,18509.1,331502.3,6952.08,12684.62,59.68725,60.17424,59.66036,78.54546,0,0,13798.08,12684.62
0.5741829,-0.5741618,78.54707,-0.009396574,12684.63,12.25,10.00045,4693.144,618.6122,0,0.5742595,0.5741618,9.78E-05,0.000184058,0.1116637,32.32416,18508.46,331502.9,6952.083,12684.63,59.68725,60.17424,59.66036,78.54546,0,0,13798.08,12684.63
0.5741739,-0.5741624,78.54707,-0.009449032,12684.63,12.25,10.00045,4693.144,618.6247,0,0.5742592,0.5741624,9.68E-05,0.000184058,0.1116637,32.32449,18494,331517.4,6952.085,12684.63,59.68725,60.17424,59.66036,78.54546,0,0,13798.08,12684.63
0.5741625,-0.574109,78.54707,-0.00948628,12684.64,12.25,10.00045,4693.145,618.6372,0,0.574259,0.574109,0.000150073,0.000184058,0.1116637,32.32665,18486.16,331525.3,6952.088,12684.64,59.68725,60.17424,59.66036,78.54546,0,0,13798.08,12684.64
0.5741514,-0.5741714,78.54707,-0.009463802,12684.64,12.25,10.00045,4693.145,618.6497,0,0.5742592,0.5741714,8.78E-05,0.000184058,0.1116637,32.32965,18478.28,331407.6,6952.089,12684.64,59.68725,60.17424,59.66036,78.54546,0,0,13798.08,12684.64
0.5741651,-0.5741754,78.54707,-0.009418157,12684.64,12.25,10.00045,4693.145,618.6618,0,0.5742595,0.5741754,8.41E-05,0.000184058,0.1116637,32.33252,18593.48,331417.8,6952.092,12684.64,59.68725,60.17424,59.66036,78.54546,0,0,13798.08,12684.64
0.5741782,-0.5741771,78.54707,-0.009378253,12684.65,12.25,10.00045,4693.146,618.6733,0,0.5742597,0.5741771,8.25E-05,0.000184058,0.1116637,32.33453,18580.76,331430.5,6952.095,12684.65,59.68725,60.17424,59.66036,78.54546,0,0,13798.08,12684.65
0.5741867,-0.574177,78.54707,-0.00935573,12684.65,12.25,10.00045,4693.146,618.6854,0,0.5742598,0.574177,8.28E-05,0.000184058,0.1116637,32.33532,18572.66,331438.6,6952.098,12684.65,59.68725,60.17424,59.66036,78.54546,0,0,13798.08,12684.65
0.5741946,-0.5741752,78.54707,-0.009339463,12684.66,12.25,10.00045,4693.146,618.697,0,0.5742599,0.5741752,8.47E-05,0.000184058,0.1116637,32.33518,18557.74,331453.5,6952.1,12684.66,59.68725,60.17424,59.66036,78.54546,0,0,13798.08,12684.66
0.5741961,-0.5741746,78.54707,-0.009343183,12684.67,12.25,10.00045,4693.147,618.7086,0,0.5742598,0.5741746,8.52E-05,0.000184058,0.1116637,32.33569,18549.5,331461.7,6952.103,12684.67,59.68725,60.17424,59.66036,78.54546,0,0,13798.08,12684.67
0.5741863,-0.5741751,78.54707,-0.00939732,12684.67,12.25,10.00045,4693.147,618.7193,0,0.5742594,0.5741751,8.43E-05,0.000184058,0.1116637,32.33591,18534.38,331476.8,6952.105,12684.67,59.68725,60.17424,59.66036,78.54546,0,0,13798.08,12684.67
0.5741824,-0.5741798,78.54707,-0.009409294,12684.67,12.25,10.00045,4693.148,618.7307,0,0.5742593,0.5741798,7.96E-05,0.000184058,0.1116637,32.33808,18532.74,331478.5,6952.108,12684.67,59.68725,60.17424,59.66036,78.54546,0,0,13798.08,12684.67
0.574167,-0.5741832,78.54707,-0.009444506,12684.68,12.25,10.00045,4693.148,618.7412,0,0.5742599,0.5741832,7.67E-05,0.000184058,0.1116637,32.3405,18524.08,331487.2,6952.108,12684.68,59.68725,60.17424,59.66036,78.54546,0,0,13798.08,12684.68
0.5741696,-0.5741857,78.54707,-0.009392467,12684.68,12.25,10.00045,4693.148,618.7518,0,0.5742596,0.5741857,7.39E-05,0.000184058,0.1116637,32.34279,18640.97,331370.2,6952.112,12684.68,59.68725,60.17424,59.66036,78.54546,0,0,13798.08,12684.68
0.5741719,-0.5741868,78.54707,-0.00938399,12684.69,12.25,10.00045,4693.149,618.7636,0,0.5742596,0.5741868,7.28E-05,0.000184058,0.1116637,32.34395,18643.85,331367.3,6952.115,12684.69,59.68725,60.17424,59.66036,78.54546,0,0,13798.08,12684.69
0.5741823,-0.5741896,78.54707,-0.009351841,12684.69,12.25,10.00045,4693.149,618.7739,0,0.5742598,0.5741896,7.02E-05,0.000184058,0.1116637,32.34585,18637.34,331373.8,6952.118,12684.69,59.68725,60.17424,59.66036,78.54546,0,0,13798.08,12684.69
0.5741939,-0.5741909,78.54707,-0.009315384,12684.7,12.25,10.00045,4693.15,618.7841,0,0.57426,0.5741909,6.91E-05,0.000184058,0.1116637,32.34726,18626.3,331384.8,6952.121,12684.7,59.68725,60.17424,59.66036,78.54546,0,0,13798.08,12684.7
0.5742008,-0.5741916,78.54707,-0.009295275,12684.7,12.25,10.00045,4693.15,618.7942,0,0.5742601,0.5741916,6.84E-05,0.000184058,0.1116637,32.34852,18619.66,331391.4,6952.124,12684.7,59.68725,60.17424,59.66036,78.54546,0,0,13798.08,12684.7
0.5742086,-0.5741915,78.54707,-0.00927847,12684.71,12.25,10.00045,4693.151,618.804,0,0.5742602,0.5741915,6.87E-05,0.000184058,0.1116637,32.34887,18608.53,331402.5,6952.126,12684.71,59.68725,60.17424,59.66036,78.54546,0,0,13798.08,12684.71
0.5742095,-0.5741916,78.54707,-0.009275826,12684.71,12.25,10.00045,4693.152,618.8141,0,0.5742602,0.5741916,6.86E-05,0.000184058,0.1116637,32.34967,18608.62,331402.3,6952.129,12684.71,59.68725,60.17424,59.66036,78.54546,0,0,13798.08,12684.71
0.5742114,-0.5741909,78.54707,-0.009273345,12684.72,12.25,10.00045,4693.152,618.8242,0,0.5742601,0.5741909,6.92E-05,0.000184058,0.1116637,32.35005,18606.4,331404.6,6952.132,12684.72,59.68725,60.17424,59.66036,78.54546,0,0,13798.08,12684.72
0.574209,-0.5741895,78.54707,-0.009293539,12684.72,12.25,10.00045,4693.153,618.8336,0,0.57426,0.5741895,7.04E-05,0.000184058,0.1116637,32.34981,18597.38,331413.6,6952.134,12684.72,59.68725,60.17424,59.66036,78.54546,0,0,13798.08,12684.72
0.5742074,-0.5741909,78.54707,-0.00930302,12684.73,12.25,10.00045,4693.153,618.8431,0,0.5742599,0.5741909,6.90E-05,0.000184058,0.1116637,32.35103,18594.97,331416,6952.137,12684.73,59.68725,60.17424,59.66036,78.54546,0,0,13798.08,12684.73
0.5741907,-0.5741335,78.54707,-0.009377177,12684.73,12.25,10.00045,4693.154,618.8512,0,0.5742588,0.5741335,0.000125279,0.000184058,0.1116637,32.35226,18576.57,331434.4,6952.14,12684.73,59.68725,60.17424,59.66036,78.54546,0,0,13798.08,12684.73
0.5741794,-0.5741993,78.54707,-0.009347343,12684.74,12.25,10.00045,4693.154,618.8593,0,0.5742598,0.5741993,6.05E-05,0.000184058,0.1116637,32.35501,18569.34,331318.3,6952.141,12684.74,59.68725,60.17424,59.66036,78.54546,0,0,13798.08,12684.74
0.5741882,-0.5742012,78.54707,-0.009317671,12684.74,12.25,10.00045,4693.154,618.8678,0,0.5742599,0.5742012,5.88E-05,0.000184058,0.1116637,32.35665,18683.23,331327.7,6952.144,12684.74,59.68725,60.17424,59.66036,78.54546,0,0,13798.08,12684.74
0.574203,-0.5742021,78.54707,-0.009275334,12684.74,12.25,10.00045,4693.155,618.876,0,0.5742602,0.5742021,5.81E-05,0.000184058,0.1116637,32.35771,18669.21,331341.7,6952.146,12684.74,59.68725,60.17424,59.66036,78.54546,0,0,13798.08,12684.74
0.5742088,-0.5742022,78.54707,-0.009257452,12684.75,12.25,10.00045,4693.155,618.885,0,0.5742602,0.5742022,5.81E-05,0.000184058,0.1116637,32.35839,18664.35,331346.5,6952.149,12684.75,59.68725,60.17424,59.66036,78.54546,0,0,13798.08,12684.75
0.5742152,-0.5742024,78.54707,-0.009239868,12684.75,12.25,10.00045,4693.156,618.8934,0,0.5742604,0.5742024,5.79E-05,0.000184058,0.1116637,32.35917,18657.07,331353.8,6952.152,12684.75,59.68725,60.17424,59.66036,78.54546,0,0,13798.08,12684.75
0.5742203,-0.5742029,78.54707,-0.009227057,12684.76,12.25,10.00045,4693.156,618.9019,0,0.5742604,0.5742029,5.75E-05,0.000184058,0.1116637,32.3598,18652.07,331358.7,6952.155,12684.76,59.68725,60.17424,59.66036,78.54546,0,0,13798.08,12684.76
0.5742207,-0.5742029,78.54707,-0.009224109,12684.76,12.25,10.00045,4693.157,618.9103,0,0.5742604,0.5742029,5.75E-05,0.000184058,0.1116637,32.36079,18651.44,331359.3,6952.157,12684.76,59.68725,60.17424,59.66036,78.54546,0,0,13798.08,12684.76
0.5742208,-0.5742005,78.54707,-0.009232975,12684.77,12.25,10.00045,4693.157,618.9183,0,0.5742602,0.5742005,5.98E-05,0.000184058,0.1116637,32.36047,18641.74,331369,6952.16,12684.77,59.68725,60.17424,59.66036,78.54546,0,0,13798.08,12684.77
0.574216,-0.5741998,78.54707,-0.00926391,12684.77,12.25,10.00045,4693.158,618.9261,0,0.5742601,0.5741998,6.03E-05,0.000184058,0.1116637,32.36031,18632.05,331378.7,6952.163,12684.77,59.68725,60.17424,59.66036,78.54546,0,0,13798.08,12684.77
0.5742127,-0.5742015,78.54707,-0.009279508,12684.78,12.25,10.00045,4693.158,618.934,0,0.5742599,0.5742015,5.84E-05,0.000184058,0.1116637,32.36135,18628.98,331381.8,6952.166,12684.78,59.68725,60.17424,59.66036,78.54546,0,0,13798.08,12684.78
0.5741984,-0.5741459,78.54707,-0.009328457,12684.78,12.25,10.00045,4693.159,618.9413,0,0.5742597,0.5741459,0.000113819,0.000184058,0.1116637,32.36263,18619.06,331391.7,6952.168,12684.78,59.68725,60.17424,59.66036,78.54546,0,0,13798.08,12684.78
0.5741895,-0.5742095,78.54707,-0.009297715,12684.79,12.25,10.00045,4693.159,618.9481,0,0.57426,0.5742095,5.05E-05,0.000184058,0.1116637,32.36546,18608.92,331278.4,6952.169,12684.79,59.68725,60.17424,59.66036,78.54546,0,0,13798.08,12684.79
0.5741966,-0.5742114,78.54707,-0.009268731,12684.79,12.25,10.00045,4693.159,618.9551,0,0.5742596,0.5742114,4.83E-05,0.000184058,0.1116637,32.36734,18722.2,331288.5,6952.172,12684.79,59.68725,60.17424,59.66036,78.54546,0,0,13798.08,12684.79
0.5742086,-0.5742121,78.54707,-0.009238465,12684.79,12.25,10.00045,4693.16,618.9623,0,0.5742603,0.5742121,4.82E-05,0.000184058,0.1116637,32.36835,18714.36,331296.3,6952.175,12684.79,59.68725,60.17424,59.66036,78.54546,0,0,13798.08,12684.79
0.5742141,-0.5742123,78.54707,-0.009221667,12684.8,12.25,10.00045,4693.16,618.9698,0,0.5742604,0.5742123,4.81E-05,0.000184058,0.1116637,32.36899,18708.83,331301.8,6952.177,12684.8,59.68725,60.17424,59.66036,78.54546,0,0,13798.08,12684.8
0.5742218,-0.5742127,78.54707,-0.009200437,12684.8,12.25,10.00045,4693.161,618.9768,0,0.5742605,0.5742127,4.78E-05,0.000184058,0.1116637,32.36964,18700.93,331309.7,6952.18,12684.8,59.68725,60.17424,59.66036,78.54546,0,0,13798.08,12684.8
0.5742294,-0.5742117,78.54707,-0.009182619,12684.81,12.25,10.00045,4693.161,618.9838,0,0.5742606,0.5742117,4.89E-05,0.000184058,0.1116637,32.36964,18688.55,331322,6952.183,12684.81,59.68725,60.17424,59.66036,78.54546,0,0,13798.08,12684.81
0.5742303,-0.5742108,78.54707,-0.009182289,12684.81,12.25,10.00045,4693.162,618.9904,0,0.5742605,0.5742108,4.97E-05,0.000184058,0.1116637,32.36997,18680.54,331330,6952.186,12684.81,59.68725,60.17424,59.66036,78.54546,0,0,13798.08,12684.81
0.5742306,-0.5742107,78.54707,-0.009181037,12684.82,12.25,10.00045,4693.162,618.9977,0,0.5742605,0.5742107,4.98E-05,0.000184058,0.1116637,32.37062,18683.6,331326.9,6952.188,12684.82,59.68725,60.17424,59.66036,78.54546,0,0,13798.08,12684.82
0.574225,-0.5742088,78.54707,-0.009220742,12684.82,12.25,10.00045,4693.163,619.0039,0,0.5742602,0.5742088,5.14E-05,0.000184058,0.1116637,32.36982,18666.58,331344,6952.191,12684.82,59.68725,60.17424,59.66036,78.54546,0,0,13798.08,12684.82
0.5742214,-0.5742102,78.54707,-0.009238428,12684.83,12.25,10.00045,4693.164,619.0104,0,0.5742601,0.5742102,4.99E-05,0.000184058,0.1116637,32.37056,18662.93,331347.6,6952.194,12684.83,59.68725,60.17424,59.66036,78.54546,0,0,13798.08,12684.83
0.5741997,-0.5742151,78.54707,-0.009301639,12684.83,12.25,10.00045,4693.164,619.0159,0,0.57426,0.5742151,4.49E-05,0.000184058,0.1116637,32.37228,18645.64,331365,6952.193,12684.83,59.68725,60.17424,59.66036,78.54546,0,0,13798.08,12684.83
0.574198,-0.5742177,78.54707,-0.009257811,12684.84,12.25,10.00045,4693.165,619.0221,0,0.5742601,0.5742177,4.24E-05,0.000184058,0.1116637,32.37424,18641.81,331245.3,6952.197,12684.84,59.68725,60.17424,59.66036,78.54546,0,0,13798.08,12684.84
0.5742117,-0.5742202,78.54707,-0.009214432,12684.84,12.25,10.00045,4693.165,619.0276,0,0.5742604,0.5742202,4.02E-05,0.000184058,0.1116637,32.37627,18750.07,331260.4,6952.2,12684.84,59.68725,60.17424,59.66036,78.54546,0,0,13798.08,12684.84
0.5742168,-0.5742204,78.54707,-0.009200325,12684.84,12.25,10.00045,4693.165,619.0339,0,0.5742605,0.5742204,4.01E-05,0.000184058,0.1116637,32.37682,18746.2,331264.3,6952.203,12684.84,59.68725,60.17424,59.66036,78.54546,0,0,13798.08,12684.84
0.5742214,-0.5742207,78.54707,-0.009185747,12684.85,12.25,10.00045,4693.166,619.0402,0,0.5742607,0.5742207,4.01E-05,0.000184058,0.1116637,32.37728,18740.15,331270.3,6952.206,12684.85,59.68725,60.17424,59.66036,78.54546,0,0,13798.08,12684.85
0.5742298,-0.5742207,78.54707,-0.009164395,12684.85,12.25,10.00045,4693.166,619.046,0,0.5742607,0.5742207,4.00E-05,0.000184058,0.1116637,32.37767,18731.76,331278.7,6952.208,12684.85,59.68725,60.17424,59.66036,78.54546,0,0,13798.08,12684.85
0.5742365,-0.574219,78.54707,-0.009149266,12684.86,12.25,10.00045,4693.167,619.0519,0,0.5742607,0.574219,4.17E-05,0.000184058,0.1116637,32.37742,18718.92,331291.5,6952.211,12684.86,59.68725,60.17424,59.66036,78.54546,0,0,13798.08,12684.86
0.5742379,-0.5742183,78.54707,-0.009147828,12684.86,12.25,10.00045,4693.167,619.0575,0,0.5742607,0.5742183,4.24E-05,0.000184058,0.1116637,32.37758,18710.46,331299.9,6952.214,12684.86,59.68725,60.17424,59.66036,78.54546,0,0,13798.08,12684.86
0.5742335,-0.5742166,78.54707,-0.009187794,12684.87,12.25,10.00045,4693.167,619.0625,0,0.5742604,0.5742166,4.38E-05,0.000184058,0.1116637,32.3768,18690.64,331319.8,6952.216,12684.87,59.68725,60.17424,59.66036,78.54546,0,0,13798.08,12684.87
0.5742331,-0.5742178,78.54707,-0.009184925,12684.87,12.25,10.00045,4693.168,619.0683,0,0.5742604,0.5742178,4.26E-05,0.000184058,0.1116637,32.37764,18695.55,331314.8,6952.219,12684.87,59.68725,60.17424,59.66036,78.54546,0,0,13798.08,12684.87
0.5742216,-0.5742201,78.54707,-0.009233197,12684.88,12.25,10.00045,4693.168,619.0733,0,0.5742601,0.5742201,4.00E-05,0.000184058,0.1116637,32.37794,18684.69,331325.7,6952.222,12684.88,59.68725,60.17424,59.66036,78.54546,0,0,13798.08,12684.88
0.5742065,-0.5742222,78.54707,-0.009270982,12684.88,12.25,10.00045,4693.169,619.0782,0,0.5742601,0.5742222,3.79E-05,0.000184058,0.1116637,32.37925,18673.78,331336.6,6952.222,12684.88,59.68725,60.17424,59.66036,78.54546,0,0,13798.08,12684.88
0.5742046,-0.5742242,78.54707,-0.00922889,12684.89,12.25,10.00045,4693.169,619.0835,0,0.5742602,0.5742242,3.61E-05,0.000184058,0.1116637,32.38081,18669.55,331217.3,6952.225,12684.89,59.68725,60.17424,59.66036,78.54546,0,0,13798.08,12684.89
0.5742135,-0.5742263,78.54707,-0.009199755,12684.89,12.25,10.00045,4693.169,619.0884,0,0.5742604,0.5742263,3.41E-05,0.000184058,0.1116637,32.38245,18784.23,331226.1,6952.228,12684.89,59.68725,60.17424,59.66036,78.54546,0,0,13798.08,12684.89
0.5742254,-0.574228,78.54707,-0.009168235,12684.89,12.25,10.00045,4693.17,619.0931,0,0.5742607,0.574228,3.26E-05,0.000184058,0.1116637,32.38347,18770.85,331239.4,6952.231,12684.89,59.68725,60.17424,59.66036,78.54546,0,0,13798.08,12684.89
0.5742319,-0.5742279,78.54707,-0.009147322,12684.9,12.25,10.00045,4693.17,619.098,0,0.5742607,0.5742279,3.28E-05,0.000184058,0.1116637,32.38379,18762.1,331248.2,6952.234,12684.9,59.68725,60.17424,59.66036,78.54546,0,0,13798.08,12684.9
0.5742357,-0.574227,78.54707,-0.009137698,12684.9,12.25,10.00045,4693.171,619.1032,0,0.5742608,0.574227,3.37E-05,0.000184058,0.1116637,32.38382,18757.83,331252.4,6952.236,12684.9,59.68725,60.17424,59.66036,78.54546,0,0,13798.08,12684.9
0.5742415,-0.5742249,78.54707,-0.00912537,12684.91,12.25,10.00045,4693.171,619.1082,0,0.5742609,0.5742249,3.60E-05,0.000184058,0.1116637,32.3833,18744.63,331265.6,6952.239,12684.91,59.68725,60.17424,59.66036,78.54546,0,0,13798.08,12684.91
0.574243,-0.5742228,78.54707,-0.0091308,12684.91,12.25,10.00045,4693.172,619.1128,0,0.5742607,0.5742228,3.79E-05,0.000184058,0.1116637,32.38264,18729.12,331281.1,6952.242,12684.91,59.68725,60.17424,59.66036,78.54546,0,0,13798.08,12684.91
0.5742435,-0.5742226,78.54707,-0.009141533,12684.92,12.25,10.00045,4693.172,619.1176,0,0.5742607,0.5742226,3.80E-05,0.000184058,0.1116637,32.38269,18722.51,331287.7,6952.245,12684.92,59.68725,60.17424,59.66036,78.54546,0,0,13798.08,12684.92
0.5742273,-0.5742261,78.54707,-0.009206071,12684.92,12.25,10.00045,4693.173,619.1214,0,0.5742602,0.5742261,3.41E-05,0.000184058,0.1116637,32.38335,18706.78,331303.4,6952.247,12684.92,59.68725,60.17424,59.66036,78.54546,0,0,13798.08,12684.92
0.5742189,-0.574168,78.54707,-0.009226871,12684.93,12.25,10.00045,4693.173,619.1259,0,0.5742601,0.574168,9.22E-05,0.000184058,0.1116637,32.38417,18702.14,331308.1,6952.25,12684.93,59.68725,60.17424,59.66036,78.54546,0,0,13798.08,12684.93
0.5742077,-0.5742288,78.54707,-0.009201065,12684.93,12.25,10.00045,4693.174,619.1301,0,0.5742604,0.5742288,3.15E-05,0.000184058,0.1116637,32.38597,18690.84,331193.7,6952.25,12684.93,59.68725,60.17424,59.66036,78.54546,0,0,13798.08,12684.93
0.5742202,-0.5742307,78.54707,-0.009174043,12684.93,12.25,10.00045,4693.174,619.1343,0,0.5742605,0.5742307,2.98E-05,0.000184058,0.1116637,32.38741,18802.92,331213.9,6952.253,12684.93,59.68725,60.17424,59.66036,78.54546,0,0,13798.08,12684.93
0.5742284,-0.5742324,78.54707,-0.009146591,12684.94,12.25,10.00045,4693.175,619.1385,0,0.5742607,0.5742324,2.83E-05,0.000184058,0.1116637,32.38862,18793.6,331216.5,6952.256,12684.94,59.68725,60.17424,59.66036,78.54546,0,0,13798.08,12684.94
0.5742389,-0.5742329,78.54707,-0.009112285,12684.94,12.25,10.00045,4693.175,619.1427,0,0.5742608,0.5742329,2.79E-05,0.000184058,0.1116637,32.38912,18779.85,331230.2,6952.259,12684.94,59.68725,60.17424,59.66036,78.54546,0,0,13798.08,12684.94
0.5742459,-0.574231,78.54707,-0.009099356,12684.95,12.25,10.00045,4693.176,619.1467,0,0.5742609,0.574231,3.00E-05,0.000184058,0.1116637,32.38899,18763.93,331246.1,6952.262,12684.95,59.68725,60.17424,59.66036,78.54546,0,0,13798.08,12684.95
0.5742475,-0.5742294,78.54707,-0.009097798,12684.95,12.25,10.00045,4693.176,619.1511,0,0.5742609,0.5742294,3.15E-05,0.000184058,0.1116637,32.38883,18759.06,331251,6952.264,12684.95,59.68725,60.17424,59.66036,78.54546,0,0,13798.08,12684.95
0.5742485,-0.5742285,78.54707,-0.009099434,12684.96,12.25,10.00045,4693.177,619.1554,0,0.5742609,0.5742285,3.24E-05,0.000184058,0.1116637,32.38855,18754.24,331255.8,6952.267,12684.96,59.68725,60.17424,59.66036,78.54546,0,0,13798.08,12684.96
0.5742468,-0.5742273,78.54707,-0.009117298,12684.96,12.25,10.00045,4693.177,619.1593,0,0.5742607,0.5742273,3.34E-05,0.000184058,0.1116637,32.38818,18742.67,331267.3,6952.27,12684.96,59.68725,60.17424,59.66036,78.54546,0,0,13798.08,12684.96
0.5742452,-0.5742275,78.54707,-0.009137103,12684.97,12.25,10.00045,4693.178,619.1633,0,0.5742603,0.5742275,3.28E-05,0.000184058,0.1116637,32.38822,18735.46,331274.6,6952.272,12684.97,59.68725,60.17424,59.66036,78.54546,0,0,13798.08,12684.97
0.5742332,-0.5742316,78.54707,-0.009177713,12684.97,12.25,10.00045,4693.178,619.1666,0,0.5742604,0.5742316,2.87E-05,0.000184058,0.1116637,32.38929,18725.89,331284.1,6952.275,12684.97,59.68725,60.17424,59.66036,78.54546,0,0,13798.08,12684.97
0.5742165,-0.5742335,78.54707,-0.009022427,12684.98,12.25,10.00045,4693.179,619.1697,0,0.5742603,0.5742335,2.68E-05,0.000184058,0.1116637,32.39079,18713.97,331295.9,6952.275,12684.98,59.68725,60.17424,59.66036,78.54546,0,0,13798.08,12684.98
0.5742136,-0.5742347,78.54707,-0.009040121,12684.98,12.25,10.00045,4693.179,619.1735,0,0.5742604,0.5742347,2.58E-05,0.000184058,0.1116637,32.39184,18708.92,331175.3,6952.278,12684.98,59.68725,60.17424,59.66036,78.54546,0,0,13798.08,12684.98
0.5742204,-0.5742359,78.54707,-0.00911039,12684.98,12.25,10.00045,4693.179,619.1771,0,0.5742605,0.5742359,2.47E-05,0.000184058,0.1116637,32.39264,18827.28,331182.7,6952.281,12684.98,59.68725,60.17424,59.66036,78.54546,0,0,13798.08,12684.98
0.5742304,-0.5742376,78.54707,-0.009134969,12684.99,12.25,10.00045,4693.18,619.1804,0,0.5742607,0.5742376,2.31E-05,0.000184058,0.1116637,32.39378,18814.68,331195.3,6952.284,12684.99,59.68725,60.17424,59.66036,78.54546,0,0,13798.08,12684.99
0.574241,-0.5742391,78.54707,-0.00910361,12684.99,12.25,10.00045,4693.18,619.1837,0,0.5742609,0.5742391,2.18E-05,0.000184058,0.1116637,32.3947,18803.36,331206.5,6952.287,12684.99,59.68725,60.17424,59.66036,78.54546,0,0,13798.08,12684.99
0.5742468,-0.5742387,78.54707,-0.009087395,12685,12.25,10.00045,4693.181,619.187,0,0.574261,0.5742387,2.23E-05,0.000184058,0.1116637,32.39499,18793.59,331216.3,6952.29,12685,59.68725,60.17424,59.66036,78.54546,0,0,13798.08,12685
0.5742518,-0.5742364,78.54707,-0.009076868,12685,12.25,10.00045,4693.181,619.1903,0,0.574261,0.5742364,2.47E-05,0.000184058,0.1116637,32.39426,18781.71,331228.1,6952.292,12685,59.68725,60.17424,59.66036,78.54546,0,0,13798.08,12685
0.5742526,-0.5742366,78.54707,-0.009075099,12685.01,12.25,10.00045,4693.182,619.1939,0,0.574261,0.5742366,2.44E-05,0.000184058,0.1116637,32.39433,18783.05,331226.8,6952.295,12685.01,59.68725,60.17424,59.66036,78.54546,0,0,13798.08,12685.01
0.5742552,-0.574235,78.54707,-0.009074388,12685.01,12.25,10.00045,4693.182,619.1971,0,0.574261,0.574235,2.60E-05,0.000184058,0.1116637,32.3938,18770.96,331238.8,6952.298,12685.01,59.68725,60.17424,59.66036,78.54546,0,0,13798.08,12685.01
0.5742566,-0.574235,78.54707,-0.009072576,12685.02,12.25,10.00045,4693.183,619.2004,0,0.5742611,0.574235,2.60E-05,0.000184058,0.1116637,32.39404,18769.99,331239.8,6952.301,12685.02,59.68725,60.17424,59.66036,78.54546,0,0,13798.08,12685.02
0.5742538,-0.5742348,78.54707,-0.009089236,12685.02,12.25,10.00045,4693.183,619.2032,0,0.5742608,0.5742348,2.61E-05,0.000184058,0.1116637,32.39414,18760.05,331249.8,6952.303,12685.02,59.68725,60.17424,59.66036,78.54546,0,0,13798.08,12685.02
0.5742466,-0.5742355,78.54707,-0.009134143,12685.03,12.25,10.00045,4693.184,619.2057,0,0.5742606,0.5742355,2.51E-05,0.000184058,0.1116637,32.39392,18745.63,331264.2,6952.306,12685.03,59.68725,60.17424,59.66036,78.54546,0,0,13798.08,12685.03
0.5742398,-0.5742387,78.54707,-0.009156117,12685.04,12.25,10.00045,4693.184,619.2083,0,0.5742605,0.5742387,2.18E-05,0.000184058,0.1116637,32.39467,18742.26,331267.6,6952.309,12685.04,59.68725,60.17424,59.66036,78.54546,0,0,13798.08,12685.04
0.5742317,-0.5741805,78.54707,-0.009171561,12685.04,12.25,10.00045,4693.185,619.2109,0,0.5742604,0.5741805,7.99E-05,0.000184058,0.1116637,32.39503,18736.59,331273.2,6952.312,12685.04,59.68725,60.17424,59.66036,78.54546,0,0,13798.08,12685.04
0.5742244,-0.5742402,78.54707,-0.008998802,12685.04,12.25,10.00045,4693.186,619.2135,0,0.5742605,0.5742402,2.03E-05,0.000184058,0.1116637,32.39567,18730.95,331278.7,6952.312,12685.04,59.68725,60.17424,59.66036,78.54546,0,0,13798.08,12685.04
0.5742273,-0.5742428,78.54707,-0.00900131,12685.04,12.25,10.00045,4693.186,619.2159,0,0.5742607,0.5742428,1.79E-05,0.000184058,0.1116637,32.39751,18842.3,331167.3,6952.315,12685.04,59.68725,60.17424,59.66036,78.54546,0,0,13798.08,12685.04
0.5742262,-0.5742434,78.54707,-0.008999895,12685.05,12.25,10.00045,4693.186,619.2186,0,0.5742607,0.5742434,1.72E-05,0.000184058,0.1116637,32.39796,18845.52,331164.1,6952.318,12685.05,59.68725,60.17424,59.66036,78.54546,0,0,13798.08,12685.05
0.5742336,-0.5742456,78.54707,-0.009021492,12685.06,12.25,10.00045,4693.187,619.2208,0,0.5742608,0.5742456,1.52E-05,0.000184058,0.1116637,32.39911,18837.66,331172,6952.321,12685.06,59.68725,60.17424,59.66036,78.54546,0,0,13798.08,12685.06
0.5742413,-0.574246,78.54707,-0.009004251,12685.06,12.25,10.00045,4693.187,619.2231,0,0.574261,0.574246,1.49E-05,0.000184058,0.1116637,32.39989,18825.26,331182.1,6952.324,12685.06,59.68725,60.17424,59.66036,78.54546,0,0,13798.08,12685.06
0.5742497,-0.5742452,78.54707,-0.009075643,12685.07,12.25,10.00045,4693.188,619.2255,0,0.5742611,0.5742452,1.59E-05,0.000184058,0.1116637,32.39982,18815.14,331194.5,6952.326,12685.07,59.68725,60.17424,59.66036,78.54546,0,0,13798.08,12685.07
0.5742563,-0.5742433,78.54707,-0.009058994,12685.07,12.25,10.00045,4693.188,619.228,0,0.5742611,0.5742433,1.78E-05,0.000184058,0.1116637,32.39928,18800.5,331209.1,6952.329,12685.07,59.68725,60.17424,59.66036,78.54546,0,0,13798.08,12685.07
0.5742605,-0.5742424,78.54707,-0.009050409,12685.08,12.25,10.00045,4693.188,619.2303,0,0.5742611,0.5742424,1.88E-05,0.000184058,0.1116637,32.39899,18790.31,331219.3,6952.332,12685.08,59.68725,60.17424,59.66036,78.54546,0,0,13798.08,12685.08
0.5742628,-0.574243,78.54707,-0.009045437,12685.08,12.25,10.00045,4693.189,619.2327,0,0.5742612,0.574243,1.82E-05,0.000184058,0.1116637,32.39921,18788.96,331220.6,6952.334,12685.08,59.68725,60.17424,59.66036,78.54546,0,0,13798.08,12685.08
0.5742613,-0.5742439,78.54707,-0.009045628,12685.09,12.25,10.00045,4693.189,619.2347,0,0.5742612,0.5742439,1.73E-05,0.000184058,0.1116637,32.4001,18792.01,331217.6,6952.337,12685.09,59.68725,60.17424,59.66036,78.54546,0,0,13798.08,12685.09
0.5742615,-0.5742421,78.54707,-0.009050183,12685.09,12.25,10.00045,4693.19,619.2369,0,0.5742611,0.5742421,1.90E-05,0.000184058,0.1116637,32.39957,18786.27,331223.3,6952.34,12685.09,59.68725,60.17424,59.66036,78.54546,0,0,13798.08,12685.09
0.5742612,-0.574241,78.54707,-0.009058473,12685.1,12.25,10.00045,4693.19,619.2392,0,0.5742611,0.574241,2.01E-05,0.000184058,0.1116637,32.39894,18780.45,331229.1,6952.343,12685.1,59.68725,60.17424,59.66036,78.54546,0,0,13798.08,12685.1
0.5742601,-0.5742408,78.54707,-0.009068947,12685.1,12.25,10.00045,4693.191,619.2412,0,0.574261,0.5742408,2.02E-05,0.000184058,0.1116637,32.39889,18774.57,331235,6952.345,12685.1,59.68725,60.17424,59.66036,78.54546,0,0,13798.08,12685.1
0.574262,-0.5742407,78.54707,-0.009069206,12685.11,12.25,10.00045,4693.191,619.2433,0,0.574261,0.5742407,2.03E-05,0.000184058,0.1116637,32.39893,18773.13,331236.4,6952.348,12685.11,59.68725,60.17424,59.66036,78.54546,0,0,13798.08,12685.11
0.5742525,-0.5742425,78.54707,-0.009107066,12685.11,12.25,10.00045,4693.192,619.2448,0,0.5742607,0.5742425,1.83E-05,0.000184058,0.1116637,32.39939,18762.73,331246.8,6952.351,12685.11,59.68725,60.17424,59.66036,78.54546,0,0,13798.08,12685.11
0.5742445,-0.5742443,78.54707,-0.009136254,12685.12,12.25,10.00045,4693.192,619.2465,0,0.5742605,0.5742443,1.63E-05,0.000184058,0.1116637,32.39955,18756.87,331252.7,6952.354,12685.12,59.68725,60.17424,59.66036,78.54546,0,0,13798.08,12685.12
0.5742375,-0.5741854,78.54707,-0.009152961,12685.12,12.25,10.00045,4693.193,619.2482,0,0.5742605,0.5741854,7.51E-05,0.000184058,0.1116637,32.39977,18750.94,331258.6,6952.356,12685.12,59.68725,60.17424,59.66036,78.54546,0,0,13798.08,12685.12
0.5742316,-0.5742461,78.54707,-0.009000152,12685.13,12.25,10.00045,4693.193,619.2499,0,0.5742606,0.5742461,1.45E-05,0.000184058,0.1116637,32.40055,18744.93,331264.5,6952.356,12685.13,59.68725,60.17424,59.66036,78.54546,0,0,13798.08,12685.13
0.5742265,-0.5742479,78.54707,-0.009000421,12685.13,12.25,10.00045,4693.194,619.2515,0,0.5742607,0.5742479,1.28E-05,0.000184058,0.1116637,32.40151,18739.01,331144.6,6952.36,12685.13,59.68725,60.17424,59.66036,78.54546,0,0,13798.08,12685.13
0.5742338,-0.5742497,78.54707,-0.009000743,12685.13,12.25,10.00045,4693.194,619.2531,0,0.5742608,0.5742497,1.11E-05,0.000184058,0.1116637,32.40266,18856.61,331152.8,6952.363,12685.13,59.68725,60.17424,59.66036,78.54546,0,0,13798.08,12685.13
0.5742471,-0.5742512,78.54707,-0.009015197,12685.14,12.25,10.00045,4693.194,619.2545,0,0.5742611,0.5742512,9.83E-06,0.000184058,0.1116637,32.4039,18839.58,331169.8,6952.366,12685.14,59.68725,60.17424,59.66036,78.54546,0,0,13798.08,12685.14
0.5742421,-0.5742506,78.54707,-0.009001146,12685.14,12.25,10.00045,4693.195,619.2562,0,0.574261,0.5742506,1.03E-05,0.000184058,0.1116637,32.40356,18846.91,331162.4,6952.368,12685.14,59.68725,60.17424,59.66036,78.54546,0,0,13798.08,12685.14
0.5742468,-0.5742506,78.54707,-0.009017792,12685.15,12.25,10.00045,4693.195,619.2579,0,0.574261,0.5742506,1.04E-05,0.000184058,0.1116637,32.40357,18838.74,331170.6,6952.371,12685.15,59.68725,60.17424,59.66036,78.54546,0,0,13798.08,12685.15
0.5742517,-0.5742512,78.54707,-0.009052295,12685.15,12.25,10.00045,4693.196,619.2595,0,0.5742611,0.5742512,9.91E-06,0.000184058,0.1116637,32.40379,18834.88,331174.5,6952.374,12685.15,59.68725,60.17424,59.66036,78.54546,0,0,13798.08,12685.15
0.5742573,-0.5742511,78.54707,-0.009051493,12685.16,12.25,10.00045,4693.197,619.2611,0,0.5742612,0.5742511,1.02E-05,0.000184058,0.1116637,32.40386,18826.61,331182.7,6952.376,12685.16,59.68725,60.17424,59.66036,78.54546,0,0,13798.08,12685.16
0.574256,-0.5742519,78.54707,-0.009053887,12685.16,12.25,10.00045,4693.197,619.2625,0,0.5742612,0.5742519,9.30E-06,0.000184058,0.1116637,32.40449,18829.44,331179.9,6952.379,12685.16,59.68725,60.17424,59.66036,78.54546,0,0,13798.08,12685.16
0.5742641,-0.5742511,78.54707,-0.009035705,12685.17,12.25,10.00045,4693.198,619.2639,0,0.5742613,0.5742511,1.02E-05,0.000184058,0.1116637,32.40404,18814.52,331194.8,6952.382,12685.17,59.68725,60.17424,59.66036,78.54546,0,0,13798.08,12685.17
0.5742661,-0.5742491,78.54707,-0.009033411,12685.17,12.25,10.00045,4693.198,619.2653,0,0.5742612,0.5742491,1.22E-05,0.000184058,0.1116637,32.40333,18804.05,331205.2,6952.385,12685.17,59.68725,60.17424,59.66036,78.54546,0,0,13798.08,12685.17
0.5742661,-0.5742484,78.54707,-0.009034191,12685.18,12.25,10.00045,4693.199,619.2668,0,0.5742612,0.5742484,1.28E-05,0.000184058,0.1116637,32.40307,18804.67,331204.6,6952.388,12685.18,59.68725,60.17424,59.66036,78.54546,0,0,13798.08,12685.18
0.574267,-0.5742471,78.54707,-0.0090357,12685.18,12.25,10.00045,4693.199,619.2682,0,0.5742612,0.5742471,1.42E-05,0.000184058,0.1116637,32.40228,18796.4,331212.8,6952.39,12685.18,59.68725,60.17424,59.66036,78.54546,0,0,13798.08,12685.18
0.5742666,-0.5742466,78.54707,-0.009041639,12685.19,12.25,10.00045,4693.2,619.2695,0,0.5742612,0.5742466,1.45E-05,0.000184058,0.1116637,32.40238,18792.54,331216.7,6952.393,12685.19,59.68725,60.17424,59.66036,78.54546,0,0,13798.08,12685.19
0.5742665,-0.5742452,78.54707,-0.009055581,12685.19,12.25,10.00045,4693.2,619.2708,0,0.5742611,0.5742452,1.59E-05,0.000184058,0.1116637,32.4019,18784.26,331225,6952.396,12685.19,59.68725,60.17424,59.66036,78.54546,0,0,13798.08,12685.19
0.5742614,-0.5742463,78.54707,-0.009075738,12685.2,12.25,10.00045,4693.201,619.2717,0,0.574261,0.5742463,1.46E-05,0.000184058,0.1116637,32.40189,18780.38,331228.8,6952.398,12685.2,59.68725,60.17424,59.66036,78.54546,0,0,13798.08,12685.2
0.5742415,-0.5741906,78.54707,-0.009142711,12685.2,12.25,10.00045,4693.201,619.2725,0,0.5742605,0.5741906,7.00E-05,0.000184058,0.1116637,32.40195,18760.94,331248.3,6952.401,12685.2,59.68725,60.17424,59.66036,78.54546,0,0,13798.08,12685.2
0.5742338,-0.5742499,78.54707,-0.009000645,12685.21,12.25,10.00045,4693.202,619.2737,0,0.5742607,0.5742499,1.08E-05,0.000184058,0.1116637,32.40232,18754.8,331254.3,6952.401,12685.21,59.68725,60.17424,59.66036,78.54546,0,0,13798.08,12685.21
0.5742314,-0.5742514,78.54707,-0.00900095,12685.21,12.25,10.00045,4693.202,619.2748,0,0.5742608,0.5742514,9.46E-06,0.000184058,0.1116637,32.40342,18748.74,331136.8,6952.404,12685.21,59.68725,60.17424,59.66036,78.54546,0,0,13798.08,12685.21
0.574235,-0.5742525,78.54707,-0.009001154,12685.21,12.25,10.00045,4693.202,619.2759,0,0.5742608,0.5742525,8.32E-06,0.000184058,0.1116637,32.40415,18868.42,331140.7,6952.407,12685.21,59.68725,60.17424,59.66036,78.54546,0,0,13798.08,12685.21
0.5742421,-0.5742544,78.54707,-0.009001417,12685.22,12.25,10.00045,4693.203,619.2768,0,0.574261,0.5742544,6.58E-06,0.000184058,0.1116637,32.4051,18860.11,331149,6952.41,12685.22,59.68725,60.17424,59.66036,78.54546,0,0,13798.08,12685.22
0.5742496,-0.5742545,78.54707,-0.009001685,12685.22,12.25,10.00045,4693.203,619.2778,0,0.5742611,0.5742545,6.58E-06,0.000184058,0.1116637,32.4057,18847.4,331159.5,6952.413,12685.22,59.68725,60.17424,59.66036,78.54546,0,0,13798.08,12685.22
0.5742538,-0.5742537,78.54707,-0.009003062,12685.23,12.25,10.00045,4693.204,619.2791,0,0.5742612,0.5742537,7.41E-06,0.000184058,0.1116637,32.40553,18843.59,331165.5,6952.416,12685.23,59.68725,60.17424,59.66036,78.54546,0,0,13798.08,12685.23
0.5742548,-0.5742533,78.54707,-0.009003769,12685.23,12.25,10.00045,4693.204,619.2804,0,0.5742612,0.5742533,7.83E-06,0.000184058,0.1116637,32.40541,18841.91,331167.2,6952.418,12685.23,59.68725,60.17424,59.66036,78.54546,0,0,13798.08,12685.23
0.5742542,-0.5742542,78.54707,-0.009002884,12685.24,12.25,10.00045,4693.205,619.2816,0,0.5742612,0.5742542,7.00E-06,0.000184058,0.1116637,32.40576,18844.62,331164.4,6952.421,12685.24,59.68725,60.17424,59.66036,78.54546,0,0,13798.08,12685.24
0.5742602,-0.5742545,78.54707,-0.009041764,12685.24,12.25,10.00045,4693.205,619.2826,0,0.5742612,0.5742545,6.76E-06,0.000184058,0.1116637,32.40593,18836.27,331172.8,6952.424,12685.24,59.68725,60.17424,59.66036,78.54546,0,0,13798.08,12685.24
0.5742617,-0.574254,78.54707,-0.00903709,12685.25,12.25,10.00045,4693.206,619.2836,0,0.5742613,0.574254,7.27E-06,0.000184058,0.1116637,32.4062,18832.31,331176.7,6952.427,12685.25,59.68725,60.17424,59.66036,78.54546,0,0,13798.08,12685.25
0.5742615,-0.5742533,78.54707,-0.009038903,12685.25,12.25,10.00045,4693.206,619.2848,0,0.5742612,0.5742533,8.01E-06,0.000184058,0.1116637,32.40598,18832.86,331176.2,6952.429,12685.25,59.68725,60.17424,59.66036,78.54546,0,0,13798.08,12685.25
0.574264,-0.5742524,78.54707,-0.0090313,12685.26,12.25,10.00045,4693.207,619.286,0,0.5742614,0.5742524,8.99E-06,0.000184058,0.1116637,32.40545,18824.48,331184.5,6952.432,12685.26,59.68725,60.17424,59.66036,78.54546,0,0,13798.08,12685.26
0.5742649,-0.5742528,78.54707,-0.009030895,12685.26,12.25,10.00045,4693.208,619.2871,0,0.5742613,0.5742528,8.54E-06,0.000184058,0.1116637,32.40573,18827.17,331181.8,6952.435,12685.26,59.68725,60.17424,59.66036,78.54546,0,0,13798.08,12685.26
0.5742669,-0.5742531,78.54707,-0.009025104,12685.27,12.25,10.00045,4693.208,619.2881,0,0.5742614,0.5742531,8.26E-06,0.000184058,0.1116637,32.40581,18825.36,331183.6,6952.438,12685.27,59.68725,60.17424,59.66036,78.54546,0,0,13798.08,12685.27
0.5742688,-0.5742515,78.54707,-0.009020955,12685.27,12.25,10.00045,4693.208,619.2891,0,0.5742613,0.5742515,9.76E-06,0.000184058,0.1116637,32.4056,18814.74,331194.2,6952.44,12685.27,59.68725,60.17424,59.66036,78.54546,0,0,13798.08,12685.27
0.5742679,-0.5742484,78.54707,-0.009034689,12685.28,12.25,10.00045,4693.209,619.2902,0,0.5742612,0.5742484,1.27E-05,0.000184058,0.1116637,32.4044,18801.92,331207,6952.443,12685.28,59.68725,60.17424,59.66036,78.54546,0,0,13798.08,12685.28
0.5742662,-0.5742474,78.54707,-0.00904947,12685.28,12.25,10.00045,4693.209,619.2913,0,0.5742611,0.5742474,1.37E-05,0.000184058,0.1116637,32.40368,18795.74,331213.2,6952.446,12685.28,59.68725,60.17424,59.66036,78.54546,0,0,13798.08,12685.28
0.5742634,-0.5742473,78.54707,-0.009066508,12685.29,12.25,10.00045,4693.21,619.2922,0,0.574261,0.5742473,1.37E-05,0.000184058,0.1116637,32.40351,18789.55,331219.4,6952.448,12685.29,59.68725,60.17424,59.66036,78.54546,0,0,13798.08,12685.29
0.5742577,-0.5742478,78.54707,-0.009093637,12685.29,12.25,10.00045,4693.21,619.2931,0,0.5742608,0.5742478,1.30E-05,0.000184058,0.1116637,32.40323,18783.35,331225.6,6952.451,12685.29,59.68725,60.17424,59.66036,78.54546,0,0,13798.08,12685.29
0.5742642,-0.5742486,78.54707,-0.00906131,12685.3,12.25,10.00045,4693.211,619.2939,0,0.574261,0.5742486,1.24E-05,0.000184058,0.1116637,32.40421,18790.47,331218.4,6952.454,12685.3,59.68725,60.17424,59.66036,78.54546,0,0,13798.08,12685.3
0.574257,-0.5742484,78.54707,-0.009091666,12685.3,12.25,10.00045,4693.211,619.2947,0,0.5742608,0.5742484,1.24E-05,0.000184058,0.1116637,32.4039,18784.23,331224.7,6952.457,12685.3,59.68725,60.17424,59.66036,78.54546,0,0,13798.08,12685.3
0.5742435,-0.5741915,78.54707,-0.009134853,12685.31,12.25,10.00045,4693.212,619.2954,0,0.5742606,0.5741915,6.91E-05,0.000184058,0.1116637,32.40406,18771.29,331237.6,6952.459,12685.31,59.68725,60.17424,59.66036,78.54546,0,0,13798.08,12685.31
0.5742445,-0.5741925,78.54707,-0.009131257,12685.31,12.25,10.00045,4693.212,619.2964,0,0.5742607,0.5741925,6.81E-05,0.000184058,0.1116637,32.40403,18771.76,331237.2,6952.462,12685.31,59.68725,60.17424,59.66036,78.54546,0,0,13798.08,12685.31
0.5742321,-0.5742536,78.54707,-0.009001525,12685.32,12.25,10.00045,4693.213,619.2969,0,0.5742608,0.5742536,7.22E-06,0.000184058,0.1116637,32.40549,18758.85,331124.2,6952.462,12685.32,59.68725,60.17424,59.66036,78.54546,0,0,13798.08,12685.32
0.5742391,-0.574255,78.54707,-0.009001787,12685.32,12.25,10.00045,4693.213,619.2977,0,0.574261,0.574255,5.89E-06,0.000184058,0.1116637,32.40643,18876.2,331132.6,6952.465,12685.32,59.68725,60.17424,59.66036,78.54546,0,0,13798.08,12685.32
0.5742424,-0.5742558,78.54707,-0.009001964,12685.32,12.25,10.00045,4693.213,619.2984,0,0.574261,0.5742558,5.19E-06,0.000184058,0.1116637,32.40707,18872.19,331136.6,6952.468,12685.32,59.68725,60.17424,59.66036,78.54546,0,0,13798.08,12685.32
0.5742446,-0.5742566,78.54707,-0.00900202,12685.33,12.25,10.00045,4693.214,619.2991,0,0.574261,0.5742566,4.41E-06,0.000184058,0.1116637,32.40725,18869.09,331139.7,6952.471,12685.33,59.68725,60.17424,59.66036,78.54546,0,0,13798.08,12685.33
0.5742586,-0.5742548,78.54707,-0.009001886,12685.33,12.25,10.00045,4693.214,619.3003,0,0.5742613,0.5742548,6.57E-06,0.000184058,0.1116637,32.40654,18844.39,331164.3,6952.474,12685.33,59.68725,60.17424,59.66036,78.54546,0,0,13798.08,12685.33
0.5742635,-0.5742547,78.54707,-0.009003136,12685.34,12.25,10.00045,4693.215,619.3013,0,0.5742613,0.5742547,6.65E-06,0.000184058,0.1116637,32.40664,18840.43,331168.3,6952.477,12685.34,59.68725,60.17424,59.66036,78.54546,0,0,13798.08,12685.34
0.5742697,-0.5742526,78.54707,-0.009019777,12685.34,12.25,10.00045,4693.215,619.3023,0,0.5742614,0.5742526,8.75E-06,0.000184058,0.1116637,32.40594,18825.35,331183.4,6952.479,12685.34,59.68725,60.17424,59.66036,78.54546,0,0,13798.08,12685.34
0.5742701,-0.5742525,78.54707,-0.009017835,12685.35,12.25,10.00045,4693.216,619.303,0,0.5742614,0.5742525,8.77E-06,0.000184058,0.1116637,32.4062,18821.32,331187.4,6952.482,12685.35,59.68725,60.17424,59.66036,78.54546,0,0,13798.08,12685.35
0.5742713,-0.5742506,78.54707,-0.009028569,12685.36,12.25,10.00045,4693.216,619.3038,0,0.5742612,0.5742506,1.07E-05,0.000184058,0.1116637,32.40513,18806.24,331202.4,6952.485,12685.36,59.68725,60.17424,59.66036,78.54546,0,0,13798.08,12685.36
0.5742651,-0.5742497,78.54707,-0.009064182,12685.36,12.25,10.00045,4693.217,619.3043,0,0.574261,0.5742497,1.13E-05,0.000184058,0.1116637,32.40462,18795.56,331219.8,6952.487,12685.36,59.68725,60.17424,59.66036,78.54546,0,0,13798.08,12685.36
0.5742641,-0.5742489,78.54707,-0.009065017,12685.37,12.25,10.00045,4693.218,619.3051,0,0.574261,0.5742489,1.21E-05,0.000184058,0.1116637,32.40438,18795.98,331212.7,6952.49,12685.37,59.68725,60.17424,59.66036,78.54546,0,0,13798.08,12685.37
0.5742519,-0.5742512,78.54707,-0.009117627,12685.37,12.25,10.00045,4693.218,619.3057,0,0.5742607,0.5742512,9.53E-06,0.000184058,0.1116637,32.40395,18783.04,331225.7,6952.493,12685.37,59.68725,60.17424,59.66036,78.54546,0,0,13798.08,12685.37
0.5742461,-0.5741941,78.54707,-0.009125258,12685.38,12.25,10.00045,4693.219,619.3062,0,0.5742607,0.5741941,6.65E-05,0.000184058,0.1116637,32.40478,18776.79,331231.9,6952.496,12685.38,59.68725,60.17424,59.66036,78.54546,0,0,13798.08,12685.38
0.5742549,-0.5742492,78.54707,-0.00911497,12685.38,12.25,10.00045,4693.219,619.3071,0,0.5742608,0.5742492,1.16E-05,0.000184058,0.1116637,32.4043,18781.68,331227,6952.498,12685.38,59.68725,60.17424,59.66036,78.54546,0,0,13798.08,12685.38
0.5742458,-0.5741947,78.54707,-0.00912877,12685.39,12.25,10.00045,4693.22,619.3074,0,0.5742607,0.5741947,6.59E-05,0.000184058,0.1116637,32.40491,18777.57,331231.1,6952.501,12685.39,59.68725,60.17424,59.66036,78.54546,0,0,13798.08,12685.39
0.5742446,-0.5741938,78.54707,-0.00913183,12685.39,12.25,10.00045,4693.22,619.3083,0,0.5742606,0.5741938,6.69E-05,0.000184058,0.1116637,32.40452,18778.03,331230.6,6952.504,12685.39,59.68725,60.17424,59.66036,78.54546,0,0,13798.08,12685.39
0.5742326,-0.5742542,78.54707,-0.009001587,12685.4,12.25,10.00045,4693.221,619.3088,0,0.5742608,0.5742542,6.57E-06,0.000184058,0.1116637,32.40571,18765.11,331117.7,6952.504,12685.4,59.68725,60.17424,59.66036,78.54546,0,0,13798.08,12685.4
0.5742394,-0.5742552,78.54707,-0.009001773,12685.4,12.25,10.00045,4693.221,619.3095,0,0.574261,0.5742552,5.75E-06,0.000184058,0.1116637,32.40638,18882.46,331126.1,6952.507,12685.4,59.68725,60.17424,59.66036,78.54546,0,0,13798.08,12685.4
0.5742429,-0.5742561,78.54707,-0.009001938,12685.4,12.25,10.00045,4693.221,619.3102,0,0.574261,0.5742561,4.86E-06,0.000184058,0.1116637,32.40697,18878.44,331130.1,6952.51,12685.4,59.68725,60.17424,59.66036,78.54546,0,0,13798.08,12685.4
0.5742496,-0.5742576,78.54707,-0.009002135,12685.41,12.25,10.00045,4693.222,619.3107,0,0.5742611,0.5742576,3.53E-06,0.000184058,0.1116637,32.40768,18869.98,331138.5,6952.513,12685.41,59.68725,60.17424,59.66036,78.54546,0,0,13798.08,12685.41
0.5742564,-0.5742572,78.54707,-0.009002232,12685.41,12.25,10.00045,4693.222,619.3114,0,0.5742612,0.5742572,4.05E-06,0.000184058,0.1116637,32.40804,18859.32,331149.2,6952.516,12685.41,59.68725,60.17424,59.66036,78.54546,0,0,13798.08,12685.41
0.5742564,-0.5742565,78.54707,-0.009002182,12685.42,12.25,10.00045,4693.223,619.3123,0,0.5742612,0.5742565,4.67E-06,0.000184058,0.1116637,32.40785,18859.76,331148.7,6952.518,12685.42,59.68725,60.17424,59.66036,78.54546,0,0,13798.08,12685.42
0.5742664,-0.5742539,78.54707,-0.009025087,12685.42,12.25,10.00045,4693.223,619.3133,0,0.5742613,0.5742539,7.38E-06,0.000184058,0.1116637,32.40697,18838.09,331170.4,6952.521,12685.42,59.68725,60.17424,59.66036,78.54546,0,0,13798.08,12685.42
0.574269,-0.5742537,78.54707,-0.009018782,12685.43,12.25,10.00045,4693.224,619.3141,0,0.5742614,0.5742537,7.64E-06,0.000184058,0.1116637,32.40692,18834.04,331174.4,6952.524,12685.43,59.68725,60.17424,59.66036,78.54546,0,0,13798.08,12685.43
0.574271,-0.5742541,78.54707,-0.009013682,12685.43,12.25,10.00045,4693.224,619.3148,0,0.5742614,0.5742541,7.30E-06,0.000184058,0.1116637,32.40695,18832.11,331176.3,6952.526,12685.43,59.68725,60.17424,59.66036,78.54546,0,0,13798.08,12685.43
0.5742669,-0.5742556,78.54707,-0.009002903,12685.44,12.25,10.00045,4693.225,619.3152,0,0.5742614,0.5742556,5.80E-06,0.000184058,0.1116637,32.40799,18841.29,331167.1,6952.529,12685.44,59.68725,60.17424,59.66036,78.54546,0,0,13798.08,12685.44
0.5742688,-0.5742537,78.54707,-0.009017887,12685.44,12.25,10.00045,4693.225,619.3162,0,0.5742614,0.5742537,7.67E-06,0.000184058,0.1116637,32.40736,18835.04,331173.4,6952.532,12685.44,59.68725,60.17424,59.66036,78.54546,0,0,13798.08,12685.44
0.5742702,-0.5742523,78.54707,-0.009017087,12685.45,12.25,10.00045,4693.226,619.317,0,0.5742614,0.5742523,9.05E-06,0.000184058,0.1116637,32.40661,18828.78,331179.6,6952.535,12685.45,59.68725,60.17424,59.66036,78.54546,0,0,13798.08,12685.45
0.5742711,-0.5742515,78.54707,-0.009018499,12685.45,12.25,10.00045,4693.226,619.3178,0,0.5742613,0.5742515,9.81E-06,0.000184058,0.1116637,32.40634,18822.51,331185.9,6952.538,12685.45,59.68725,60.17424,59.66036,78.54546,0,0,13798.08,12685.45
0.5742728,-0.5742514,78.54707,-0.009016377,12685.46,12.25,10.00045,4693.227,619.3185,0,0.5742614,0.5742514,9.93E-06,0.000184058,0.1116637,32.40622,18820.6,331187.8,6952.54,12685.46,59.68725,60.17424,59.66036,78.54546,0,0,13798.08,12685.46
0.5742707,-0.5742513,78.54707,-0.009023171,12685.46,12.25,10.00045,4693.227,619.3191,0,0.5742612,0.5742513,9.93E-06,0.000184058,0.1116637,32.40647,18816.51,331191.8,6952.543,12685.46,59.68725,60.17424,59.66036,78.54546,0,0,13798.08,12685.46
0.5742682,-0.5742497,78.54707,-0.009037588,12685.47,12.25,10.00045,4693.228,619.3198,0,0.5742611,0.5742497,1.14E-05,0.000184058,0.1116637,32.40593,18810.13,331198.2,6952.545,12685.47,59.68725,60.17424,59.66036,78.54546,0,0,13798.08,12685.47
0.5742645,-0.5742491,78.54707,-0.009061066,12685.47,12.25,10.00045,4693.229,619.3204,0,0.574261,0.5742491,1.19E-05,0.000184058,0.1116637,32.40529,18803.84,331204.5,6952.548,12685.47,59.68725,60.17424,59.66036,78.54546,0,0,13798.08,12685.47
0.5742602,-0.5742497,78.54707,-0.009082451,12685.48,12.25,10.00045,4693.229,619.321,0,0.5742609,0.5742497,1.12E-05,0.000184058,0.1116637,32.40519,18797.55,331210.8,6952.551,12685.48,59.68725,60.17424,59.66036,78.54546,0,0,13798.08,12685.48
0.5742452,-0.5741933,78.54707,-0.009128243,12685.48,12.25,10.00045,4693.229,619.3214,0,0.5742607,0.5741933,6.74E-05,0.000184058,0.1116637,32.40552,18784.53,331223.8,6952.554,12685.48,59.68725,60.17424,59.66036,78.54546,0,0,13798.08,12685.48
0.5742396,-0.5742547,78.54707,-0.00900187,12685.49,12.25,10.00045,4693.23,619.3218,0,0.5742608,0.5742547,6.09E-06,0.000184058,0.1116637,32.40673,18778.13,331230.2,6952.554,12685.49,59.68725,60.17424,59.66036,78.54546,0,0,13798.08,12685.49
0.5742317,-0.5742555,78.54707,-0.009002118,12685.49,12.25,10.00045,4693.23,619.3222,0,0.5742607,0.5742555,5.19E-06,0.000184058,0.1116637,32.40762,18771.83,331112.9,6952.557,12685.49,59.68725,60.17424,59.66036,78.54546,0,0,13798.08,12685.49
0.5742335,-0.574255,78.54707,-0.009002016,12685.5,12.25,10.00045,4693.231,619.323,0,0.5742608,0.574255,5.83E-06,0.000184058,0.1116637,32.40726,18772.18,331110.3,6952.56,12685.5,59.68725,60.17424,59.66036,78.54546,0,0,13798.08,12685.5
0.5742345,-0.5742548,78.54707,-0.009001981,12685.5,12.25,10.00045,4693.231,619.3237,0,0.5742608,0.5742548,6.02E-06,0.000184058,0.1116637,32.40713,18772.57,331112.1,6952.563,12685.5,59.68725,60.17424,59.66036,78.54546,0,0,13798.08,12685.5
0.5742337,-0.5742552,78.54707,-0.009001967,12685.51,12.25,10.00045,4693.232,619.3243,0,0.5742608,0.5742552,5.63E-06,0.000184058,0.1116637,32.40708,18772.92,331109.5,6952.565,12685.51,59.68725,60.17424,59.66036,78.54546,0,0,13798.08,12685.51
0.5742407,-0.5742566,78.54707,-0.00900222,12685.51,12.25,10.00045,4693.232,619.3249,0,0.574261,0.5742566,4.35E-06,0.000184058,0.1116637,32.40799,18890.19,331118,6952.568,12685.51,59.68725,60.17424,59.66036,78.54546,0,0,13798.08,12685.51
0.5742389,-0.5742566,78.54707,-0.009002267,12685.51,12.25,10.00045,4693.232,619.3254,0,0.574261,0.5742566,4.32E-06,0.000184058,0.1116637,32.40816,18892.71,331115.5,6952.571,12685.51,59.68725,60.17424,59.66036,78.54546,0,0,13798.08,12685.51
0.5742457,-0.5742582,78.54707,-0.009002424,12685.52,12.25,10.00045,4693.233,619.3257,0,0.5742611,0.5742582,2.82E-06,0.000184058,0.1116637,32.40873,18884.22,331123.9,6952.574,12685.52,59.68725,60.17424,59.66036,78.54546,0,0,13798.08,12685.52
0.5742437,-0.5742574,78.54707,-0.009002459,12685.52,12.25,10.00045,4693.233,619.3264,0,0.574261,0.5742574,3.64E-06,0.000184058,0.1116637,32.40844,18884.59,331123.6,6952.577,12685.52,59.68725,60.17424,59.66036,78.54546,0,0,13798.08,12685.52
0.5742437,-0.574257,78.54707,-0.009002253,12685.53,12.25,10.00045,4693.234,619.327,0,0.574261,0.574257,4.01E-06,0.000184058,0.1116637,32.40811,18887.14,331121,6952.579,12685.53,59.68725,60.17424,59.66036,78.54546,0,0,13798.08,12685.53
0.5742502,-0.5742573,78.54707,-0.009002335,12685.53,12.25,10.00045,4693.234,619.3277,0,0.5742611,0.5742573,3.81E-06,0.000184058,0.1116637,32.40841,18878.65,331129.5,6952.582,12685.53,59.68725,60.17424,59.66036,78.54546,0,0,13798.08,12685.53
0.5742532,-0.5742578,78.54707,-0.009002446,12685.54,12.25,10.00045,4693.235,619.3282,0,0.5742612,0.5742578,3.38E-06,0.000184058,0.1116637,32.40881,18874.57,331133.5,6952.585,12685.54,59.68725,60.17424,59.66036,78.54546,0,0,13798.08,12685.54
0.5742551,-0.5742584,78.54707,-0.009002469,12685.54,12.25,10.00045,4693.235,619.3286,0,0.5742612,0.5742584,2.82E-06,0.000184058,0.1116637,32.40889,18872.7,331135.4,6952.588,12685.54,59.68725,60.17424,59.66036,78.54546,0,0,13798.08,12685.54
0.5742573,-0.574258,78.54707,-0.00900243,12685.55,12.25,10.00045,4693.236,619.3292,0,0.5742612,0.574258,3.24E-06,0.000184058,0.1116637,32.40875,18866.41,331139.4,6952.59,12685.55,59.68725,60.17424,59.66036,78.54546,0,0,13798.08,12685.55
0.5742573,-0.5742575,78.54707,-0.009002349,12685.55,12.25,10.00045,4693.236,619.3298,0,0.5742612,0.5742575,3.73E-06,0.000184058,0.1116637,32.40845,18869.07,331139,6952.593,12685.55,59.68725,60.17424,59.66036,78.54546,0,0,13798.08,12685.55
0.5742583,-0.5742569,78.54707,-0.009002279,12685.56,12.25,10.00045,4693.237,619.3306,0,0.5742612,0.5742569,4.36E-06,0.000184058,0.1116637,32.40821,18867.22,331140.8,6952.596,12685.56,59.68725,60.17424,59.66036,78.54546,0,0,13798.08,12685.56
0.5742612,-0.5742571,78.54707,-0.009002339,12685.56,12.25,10.00045,4693.237,619.3312,0,0.5742613,0.5742571,4.19E-06,0.000184058,0.1116637,32.40842,18863.15,331144.9,6952.599,12685.56,59.68725,60.17424,59.66036,78.54546,0,0,13798.08,12685.56
0.5742695,-0.5742562,78.54707,-0.009002245,12685.57,12.25,10.00045,4693.238,619.3319,0,0.5742614,0.5742562,5.15E-06,0.000184058,0.1116637,32.408,18848.02,331160,6952.602,12685.57,59.68725,60.17424,59.66036,78.54546,0,0,13798.08,12685.57
0.5742674,-0.5742562,78.54707,-0.00900237,12685.57,12.25,10.00045,4693.238,619.3323,0,0.5742614,0.5742562,5.10E-06,0.000184058,0.1116637,32.40844,18850.55,331157.4,6952.604,12685.57,59.68725,60.17424,59.66036,78.54546,0,0,13798.08,12685.57
0.5742673,-0.5742553,78.54707,-0.009002305,12685.58,12.25,10.00045,4693.239,619.3331,0,0.5742614,0.5742553,5.99E-06,0.000184058,0.1116637,32.40818,18850.89,331157.1,6952.607,12685.58,59.68725,60.17424,59.66036,78.54546,0,0,13798.08,12685.58
0.5742648,-0.5742556,78.54707,-0.009003175,12685.58,12.25,10.00045,4693.24,619.3337,0,0.5742613,0.5742556,5.73E-06,0.000184058,0.1116637,32.40824,18855.65,331152.3,6952.61,12685.58,59.68725,60.17424,59.66036,78.54546,0,0,13798.08,12685.58
0.5742676,-0.5742556,78.54707,-0.009002324,12685.59,12.25,10.00045,4693.24,619.3344,0,0.5742614,0.5742556,5.80E-06,0.000184058,0.1116637,32.40827,18851.57,331156.4,6952.612,12685.59,59.68725,60.17424,59.66036,78.54546,0,0,13798.08,12685.59
0.5742695,-0.5742561,78.54707,-0.009002337,12685.59,12.25,10.00045,4693.241,619.335,0,0.5742614,0.5742561,5.37E-06,0.000184058,0.1116637,32.40835,18849.61,331158.3,6952.615,12685.59,59.68725,60.17424,59.66036,78.54546,0,0,13798.08,12685.59
0.5742698,-0.5742553,78.54707,-0.009002742,12685.6,12.25,10.00045,4693.241,619.3355,0,0.5742614,0.5742553,6.06E-06,0.000184058,0.1116637,32.40852,18845.5,331162.4,6952.618,12685.6,59.68725,60.17424,59.66036,78.54546,0,0,13798.08,12685.6
0.5742708,-0.5742533,78.54707,-0.009002841,12685.6,12.25,10.00045,4693.242,619.3363,0,0.5742614,0.5742533,8.09E-06,0.000184058,0.1116637,32.40781,18839.2,331168.7,6952.621,12685.6,59.68725,60.17424,59.66036,78.54546,0,0,13798.08,12685.6
0.5742713,-0.5742518,78.54707,-0.009016297,12685.61,12.25,10.00045,4693.242,619.337,0,0.5742613,0.5742518,9.52E-06,0.000184058,0.1116637,32.40699,18832.91,331175,6952.623,12685.61,59.68725,60.17424,59.66036,78.54546,0,0,13798.08,12685.61
0.5742718,-0.5742522,78.54707,-0.009014586,12685.61,12.25,10.00045,4693.243,619.3376,0,0.5742613,0.5742522,9.13E-06,0.000184058,0.1116637,32.40721,18833.24,331174.6,6952.626,12685.61,59.68725,60.17424,59.66036,78.54546,0,0,13798.08,12685.61
0.5742727,-0.5742508,78.54707,-0.009022017,12685.62,12.25,10.00045,4693.243,619.3383,0,0.5742613,0.5742508,1.05E-05,0.000184058,0.1116637,32.40654,18824.66,331183.2,6952.629,12685.62,59.68725,60.17424,59.66036,78.54546,0,0,13798.08,12685.62
0.5742694,-0.5742511,78.54707,-0.009032907,12685.62,12.25,10.00045,4693.244,619.3387,0,0.5742612,0.5742511,1.01E-05,0.000184058,0.1116637,32.40686,18820.54,331187.3,6952.631,12685.62,59.68725,60.17424,59.66036,78.54546,0,0,13798.08,12685.62
0.5742704,-0.5742511,78.54707,-0.009022687,12685.63,12.25,10.00045,4693.244,619.3394,0,0.5742612,0.5742511,1.02E-05,0.000184058,0.1116637,32.40707,18827.48,331180.3,6952.634,12685.63,59.68725,60.17424,59.66036,78.54546,0,0,13798.08,12685.63
0.5742686,-0.5742499,78.54707,-0.009037693,12685.63,12.25,10.00045,4693.245,619.34,0,0.5742611,0.5742499,1.12E-05,0.000184058,0.1116637,32.4063,18821.17,331186.7,6952.637,12685.63,59.68725,60.17424,59.66036,78.54546,0,0,13798.08,12685.63
0.5742692,-0.5742502,78.54707,-0.009035665,12685.64,12.25,10.00045,4693.245,619.3406,0,0.5742611,0.5742502,1.10E-05,0.000184058,0.1116637,32.4064,18821.5,331186.3,6952.64,12685.64,59.68725,60.17424,59.66036,78.54546,0,0,13798.08,12685.64
0.5742703,-0.5742502,78.54707,-0.009035086,12685.64,12.25,10.00045,4693.246,619.3412,0,0.5742611,0.5742502,1.09E-05,0.000184058,0.1116637,32.40619,18819.57,331188.2,6952.643,12685.64,59.68725,60.17424,59.66036,78.54546,0,0,13798.08,12685.64
0.5742695,-0.5742511,78.54707,-0.009032486,12685.65,12.25,10.00045,4693.246,619.3417,0,0.5742612,0.5742511,1.01E-05,0.000184058,0.1116637,32.40692,18822.07,331185.7,6952.646,12685.65,59.68725,60.17424,59.66036,78.54546,0,0,13798.08,12685.65
0.5742645,-0.57425,78.54707,-0.009056225,12685.65,12.25,10.00045,4693.247,619.3422,0,0.574261,0.57425,1.10E-05,0.000184058,0.1116637,32.40639,18815.74,331192,6952.648,12685.65,59.68725,60.17424,59.66036,78.54546,0,0,13798.08,12685.65
0.5742601,-0.5742501,78.54707,-0.009081829,12685.66,12.25,10.00045,4693.247,619.3428,0,0.5742608,0.5742501,1.07E-05,0.000184058,0.1116637,32.40591,18809.39,331198.4,6952.651,12685.66,59.68725,60.17424,59.66036,78.54546,0,0,13798.08,12685.66
0.5742615,-0.5742503,78.54707,-0.00900673,12685.67,12.25,10.00045,4693.248,619.3434,0,0.5742609,0.5742503,1.06E-05,0.000184058,0.1116637,32.40594,18809.67,331198,6952.653,12685.67,59.68725,60.17424,59.66036,78.54546,0,0,13798.08,12685.67
0.5742654,-0.57425,78.54707,-0.009057597,12685.67,12.25,10.00045,4693.248,619.3441,0,0.574261,0.57425,1.10E-05,0.000184058,0.1116637,32.40594,18816.64,331191.1,6952.656,12685.67,59.68725,60.17424,59.66036,78.54546,0,0,13798.08,12685.67
0.5742612,-0.5742512,78.54707,-0.009075696,12685.67,12.25,10.00045,4693.249,619.3444,0,0.5742609,0.5742512,9.69E-06,0.000184058,0.1116637,32.40639,18810.26,331197.5,6952.659,12685.67,59.68725,60.17424,59.66036,78.54546,0,0,13798.08,12685.67
0.574262,-0.5742514,78.54707,-0.009079311,12685.68,12.25,10.00045,4693.249,619.3448,0,0.5742609,0.5742514,9.57E-06,0.000184058,0.1116637,32.40626,18808.36,331199.4,6952.662,12685.68,59.68725,60.17424,59.66036,78.54546,0,0,13798.08,12685.68
0.5742547,-0.574254,78.54707,-0.009103196,12685.69,12.25,10.00045,4693.25,619.345,0,0.5742608,0.574254,6.70E-06,0.000184058,0.1116637,32.40661,18804.19,331203.5,6952.665,12685.69,59.68725,60.17424,59.66036,78.54546,0,0,13798.08,12685.69
0.574254,-0.574253,78.54707,-0.009105644,12685.69,12.25,10.00045,4693.25,619.3456,0,0.5742607,0.574253,7.73E-06,0.000184058,0.1116637,32.40622,18804.49,331203.2,6952.667,12685.69,59.68725,60.17424,59.66036,78.54546,0,0,13798.08,12685.69
0.5742458,-0.574194,78.54707,-0.009125795,12685.7,12.25,10.00045,4693.251,619.346,0,0.5742607,0.574194,6.66E-05,0.000184058,0.1116637,32.40622,18798.12,331209.6,6952.67,12685.7,59.68725,60.17424,59.66036,78.54546,0,0,13798.08,12685.7
0.57424,-0.5742549,78.54707,-0.009001991,12685.7,12.25,10.00045,4693.251,619.3464,0,0.5742608,0.5742549,5.87E-06,0.000184058,0.1116637,32.40717,18791.72,331215.9,6952.67,12685.7,59.68725,60.17424,59.66036,78.54546,0,0,13798.08,12685.7
0.5742487,-0.574192,78.54707,-0.009123706,12685.71,12.25,10.00045,4693.252,619.3471,0,0.5742604,0.574192,6.84E-05,0.000184058,0.1116637,32.40649,18796.52,331211.2,6952.676,12685.71,59.68725,60.17424,59.66036,78.54546,0,0,13798.08,12685.71
0.5742401,-0.5742557,78.54707,-0.009002049,12685.71,12.25,10.00045,4693.252,619.3472,0,0.5742608,0.5742557,5.06E-06,0.000184058,0.1116637,32.40738,18792.32,331215.3,6952.676,12685.71,59.68725,60.17424,59.66036,78.54546,0,0,13798.08,12685.71
0.5742387,-0.5742548,78.54707,-0.009001941,12685.72,12.25,10.00045,4693.253,619.3477,0,0.5742608,0.5742548,5.96E-06,0.000184058,0.1116637,32.40699,18792.63,331214.9,6952.678,12685.72,59.68725,60.17424,59.66036,78.54546,0,0,13798.08,12685.72
0.5742457,-0.5741939,78.54707,-0.009126821,12685.72,12.25,10.00045,4693.253,619.3486,0,0.5742607,0.5741939,6.68E-05,0.000184058,0.1116637,32.40594,18799.65,331208,6952.684,12685.72,59.68725,60.17424,59.66036,78.54546,0,0,13798.08,12685.72
0.5742471,-0.5741952,78.54707,-0.009120341,12685.73,12.25,10.00045,4693.254,619.3492,0,0.5742607,0.5741952,6.55E-05,0.000184058,0.1116637,32.4062,18799.98,331207.6,6952.687,12685.73,59.68725,60.17424,59.66036,78.54546,0,0,13798.08,12685.73
0.5742564,-0.5742534,78.54707,-0.009109397,12685.73,12.25,10.00045,4693.254,619.3499,0,0.5742605,0.5742534,7.12E-06,0.000184058,0.1116637,32.40578,18804.76,331202.8,6952.689,12685.73,59.68725,60.17424,59.66036,78.54546,0,0,13798.08,12685.73
0.5742472,-0.5741963,78.54707,-0.009118353,12685.74,12.25,10.00045,4693.255,619.35,0,0.5742607,0.5741963,6.44E-05,0.000184058,0.1116637,32.40681,18800.58,331207,6952.692,12685.74,59.68725,60.17424,59.66036,78.54546,0,0,13798.08,12685.74
0.5742458,-0.5741953,78.54707,-0.009122182,12685.74,12.25,10.00045,4693.255,619.3505,0,0.5742607,0.5741953,6.54E-05,0.000184058,0.1116637,32.40666,18800.87,331206.7,6952.695,12685.74,59.68725,60.17424,59.66036,78.54546,0,0,13798.08,12685.74
0.5742383,-0.5742545,78.54707,-0.009001955,12685.75,12.25,10.00045,4693.256,619.351,0,0.5742608,0.5742545,6.30E-06,0.000184058,0.1116637,32.40704,18794.46,331213,6952.695,12685.75,59.68725,60.17424,59.66036,78.54546,0,0,13798.08,12685.75
0.574247,-0.574195,78.54707,-0.009119174,12685.75,12.25,10.00045,4693.256,619.3518,0,0.5742607,0.574195,6.56E-05,0.000184058,0.1116637,32.40654,18801.49,331206,6952.701,12685.75,59.68725,60.17424,59.66036,78.54546,0,0,13798.08,12685.75
0.5742458,-0.574194,78.54707,-0.009123756,12685.76,12.25,10.00045,4693.257,619.3524,0,0.5742607,0.574194,6.66E-05,0.000184058,0.1116637,32.40648,18801.79,331205.7,6952.704,12685.76,59.68725,60.17424,59.66036,78.54546,0,0,13798.08,12685.76
0.5742474,-0.5741962,78.54707,-0.009116122,12685.76,12.25,10.00045,4693.257,619.3527,0,0.5742607,0.5741962,6.45E-05,0.000184058,0.1116637,32.40717,18802.01,331205.5,6952.706,12685.76,59.68725,60.17424,59.66036,78.54546,0,0,13798.08,12685.76
0.574238,-0.574255,78.54707,-0.009002152,12685.77,12.25,10.00045,4693.258,619.353,0,0.5742607,0.574255,5.72E-06,0.000184058,0.1116637,32.40775,18795.59,331211.8,6952.706,12685.77,59.68725,60.17424,59.66036,78.54546,0,0,13798.08,12685.77
0.5742341,-0.5742557,78.54707,-0.00900231,12685.77,12.25,10.00045,4693.258,619.3536,0,0.5742608,0.5742557,5.13E-06,0.000184058,0.1116637,32.40831,18789.26,331092.3,6952.709,12685.77,59.68725,60.17424,59.66036,78.54546,0,0,13798.08,12685.77
0.5742356,-0.5742556,78.54707,-0.009002299,12685.78,12.25,10.00045,4693.259,619.3542,0,0.5742609,0.5742556,5.27E-06,0.000184058,0.1116637,32.40828,18789.58,331094.2,6952.712,12685.78,59.68725,60.17424,59.66036,78.54546,0,0,13798.08,12685.78
0.5742342,-0.5742559,78.54707,-0.009002297,12685.78,12.25,10.00045,4693.259,619.3547,0,0.5742608,0.5742559,4.94E-06,0.000184058,0.1116637,32.40827,18789.87,331091.7,6952.715,12685.78,59.68725,60.17424,59.66036,78.54546,0,0,13798.08,12685.78
0.5742413,-0.5742577,78.54707,-0.009002586,12685.78,12.25,10.00045,4693.259,619.355,0,0.574261,0.5742577,3.30E-06,0.000184058,0.1116637,32.40931,18907.06,331100.3,6952.718,12685.78,59.68725,60.17424,59.66036,78.54546,0,0,13798.08,12685.78
0.5742332,-0.5742567,78.54707,-0.009002457,12685.79,12.25,10.00045,4693.26,619.3556,0,0.574261,0.5742567,4.27E-06,0.000184058,0.1116637,32.40885,18790.39,331093.4,6952.72,12685.79,59.68725,60.17424,59.66036,78.54546,0,0,13798.08,12685.79
0.5742394,-0.5742567,78.54707,-0.009002521,12685.79,12.25,10.00045,4693.26,619.3561,0,0.574261,0.5742567,4.22E-06,0.000184058,0.1116637,32.40907,18909.83,331097.5,6952.723,12685.79,59.68725,60.17424,59.66036,78.54546,0,0,13798.08,12685.79
0.5742355,-0.5742556,78.54707,-0.009002333,12685.8,12.25,10.00045,4693.262,619.3569,0,0.5742609,0.5742556,5.26E-06,0.000184058,0.1116637,32.4084,18790.98,331092.8,6952.726,12685.8,59.68725,60.17424,59.66036,78.54546,0,0,13798.08,12685.8
0.5742396,-0.5742569,78.54707,-0.00900248,12685.8,12.25,10.00045,4693.262,619.3573,0,0.574261,0.5742569,4.02E-06,0.000184058,0.1116637,32.40893,18910.41,331096.8,6952.729,12685.8,59.68725,60.17424,59.66036,78.54546,0,0,13798.08,12685.8
0.5742415,-0.5742576,78.54707,-0.009002592,12685.81,12.25,10.00045,4693.262,619.3577,0,0.574261,0.5742576,3.42E-06,0.000184058,0.1116637,32.40933,18908.47,331098.8,6952.731,12685.81,59.68725,60.17424,59.66036,78.54546,0,0,13798.08,12685.81
0.5742446,-0.5742581,78.54707,-0.009002753,12685.81,12.25,10.00045,4693.263,619.3581,0,0.574261,0.5742581,2.95E-06,0.000184058,0.1116637,32.40991,18904.32,331102.9,6952.734,12685.81,59.68725,60.17424,59.66036,78.54546,0,0,13798.08,12685.81
0.5742492,-0.5742579,78.54707,-0.009002732,12685.82,12.25,10.00045,4693.263,619.3587,0,0.5742611,0.5742579,3.25E-06,0.000184058,0.1116637,32.40984,18897.98,331109.3,6952.737,12685.82,59.68725,60.17424,59.66036,78.54546,0,0,13798.08,12685.82
0.5742495,-0.5742576,78.54707,-0.009002668,12685.82,12.25,10.00045,4693.264,619.3593,0,0.5742611,0.5742576,3.54E-06,0.000184058,0.1116637,32.4096,18896.06,331111.2,6952.74,12685.82,59.68725,60.17424,59.66036,78.54546,0,0,13798.08,12685.82
0.5742583,-0.5742581,78.54707,-0.009002731,12685.83,12.25,10.00045,4693.264,619.3599,0,0.5742612,0.5742581,3.20E-06,0.000184058,0.1116637,32.40983,18885.31,331121.9,6952.743,12685.83,59.68725,60.17424,59.66036,78.54546,0,0,13798.08,12685.83
0.5742599,-0.5742581,78.54707,-0.00900275,12685.83,12.25,10.00045,4693.265,619.3604,0,0.5742613,0.5742581,3.14E-06,0.000184058,0.1116637,32.4099,18883.37,331123.8,6952.746,12685.83,59.68725,60.17424,59.66036,78.54546,0,0,13798.08,12685.83
0.5742583,-0.5742586,78.54707,-0.009002866,12685.84,12.25,10.00045,4693.265,619.3608,0,0.5742612,0.5742586,2.64E-06,0.000184058,0.1116637,32.41032,18885.84,331121.3,6952.749,12685.84,59.68725,60.17424,59.66036,78.54546,0,0,13798.08,12685.84
0.5742558,-0.5742595,78.54707,-0.009002874,12685.84,12.25,10.00045,4693.266,619.361,0,0.5742612,0.5742595,1.72E-06,0.000184058,0.1116637,32.41034,18890.54,331116.6,6952.751,12685.84,59.68725,60.17424,59.66036,78.54546,0,0,13798.08,12685.84
0.5742531,-0.5742589,78.54707,-0.009002812,12685.85,12.25,10.00045,4693.266,619.3615,0,0.5742612,0.5742589,2.25E-06,0.000184058,0.1116637,32.41013,18890.81,331116.3,6952.754,12685.85,59.68725,60.17424,59.66036,78.54546,0,0,13798.08,12685.85
0.5742581,-0.5742583,78.54707,-0.009002731,12685.85,12.25,10.00045,4693.267,619.3621,0,0.5742612,0.5742583,3.01E-06,0.000184058,0.1116637,32.40983,18886.68,331120.4,6952.757,12685.85,59.68725,60.17424,59.66036,78.54546,0,0,13798.08,12685.85
0.5742554,-0.5742581,78.54707,-0.009002695,12685.86,12.25,10.00045,4693.267,619.3626,0,0.5742612,0.5742581,3.07E-06,0.000184058,0.1116637,32.4097,18891.39,331115.7,6952.759,12685.86,59.68725,60.17424,59.66036,78.54546,0,0,13798.08,12685.86
0.5742584,-0.5742587,78.54707,-0.009002824,12685.86,12.25,10.00045,4693.268,619.363,0,0.5742612,0.5742587,2.58E-06,0.000184058,0.1116637,32.41017,18887.17,331119.9,6952.762,12685.86,59.68725,60.17424,59.66036,78.54546,0,0,13798.08,12685.86
0.5742601,-0.574259,78.54707,-0.009002813,12685.87,12.25,10.00045,4693.268,619.3633,0,0.5742613,0.574259,2.24E-06,0.000184058,0.1116637,32.41013,18885.24,331121.8,6952.765,12685.87,59.68725,60.17424,59.66036,78.54546,0,0,13798.08,12685.87
0.5742587,-0.5742589,78.54707,-0.009002817,12685.87,12.25,10.00045,4693.269,619.3636,0,0.5742612,0.5742589,2.38E-06,0.000184058,0.1116637,32.40997,18885.53,331119.3,6952.768,12685.87,59.68725,60.17424,59.66036,78.54546,0,0,13798.08,12685.87
0.574258,-0.5742582,78.54707,-0.00900267,12685.88,12.25,10.00045,4693.269,619.3642,0,0.5742612,0.5742582,3.02E-06,0.000184058,0.1116637,32.40961,18888.02,331119,6952.771,12685.88,59.68725,60.17424,59.66036,78.54546,0,0,13798.08,12685.88
0.5742592,-0.5742577,78.54707,-0.0090026,12685.88,12.25,10.00045,4693.27,619.3648,0,0.5742612,0.5742577,3.58E-06,0.000184058,0.1116637,32.40936,18886.11,331120.9,6952.773,12685.88,59.68725,60.17424,59.66036,78.54546,0,0,13798.08,12685.88
0.5742539,-0.5742584,78.54707,-0.009002675,12685.89,12.25,10.00045,4693.27,619.3652,0,0.5742612,0.5742584,2.76E-06,0.000184058,0.1116637,32.40963,18895.21,331111.8,6952.776,12685.89,59.68725,60.17424,59.66036,78.54546,0,0,13798.08,12685.89
0.5742558,-0.5742593,78.54707,-0.009002761,12685.89,12.25,10.00045,4693.271,619.3655,0,0.5742612,0.5742593,1.88E-06,0.000184058,0.1116637,32.40994,18893.27,331113.7,6952.779,12685.89,59.68725,60.17424,59.66036,78.54546,0,0,13798.08,12685.89
0.574258,-0.5742588,78.54707,-0.009002817,12685.9,12.25,10.00045,4693.271,619.366,0,0.5742612,0.5742588,2.45E-06,0.000184058,0.1116637,32.41014,18889.12,331117.8,6952.782,12685.9,59.68725,60.17424,59.66036,78.54546,0,0,13798.08,12685.9
0.574258,-0.574258,78.54707,-0.00900274,12685.9,12.25,10.00045,4693.272,619.3666,0,0.5742612,0.574258,3.22E-06,0.000184058,0.1116637,32.40987,18889.38,331117.6,6952.784,12685.9,59.68725,60.17424,59.66036,78.54546,0,0,13798.08,12685.9
0.5742549,-0.5742577,78.54707,-0.00900269,12685.91,12.25,10.00045,4693.272,619.3672,0,0.5742612,0.5742577,3.46E-06,0.000184058,0.1116637,32.40968,18894.08,331112.8,6952.787,12685.91,59.68725,60.17424,59.66036,78.54546,0,0,13798.08,12685.91
0.5742546,-0.5742584,78.54707,-0.009002831,12685.91,12.25,10.00045,4693.273,619.3677,0,0.5742612,0.5742584,2.74E-06,0.000184058,0.1116637,32.40997,18896.56,331110.4,6952.79,12685.91,59.68725,60.17424,59.66036,78.54546,0,0,13798.08,12685.91
0.574264,-0.5742586,78.54707,-0.009002817,12685.92,12.25,10.00045,4693.273,619.3681,0,0.5742614,0.5742586,2.72E-06,0.000184058,0.1116637,32.41014,18881.32,331125.6,6952.792,12685.92,59.68725,60.17424,59.66036,78.54546,0,0,13798.08,12685.92
0.574262,-0.5742585,78.54707,-0.009002912,12685.92,12.25,10.00045,4693.274,619.3685,0,0.5742613,0.5742585,2.80E-06,0.000184058,0.1116637,32.41048,18883.77,331123.1,6952.795,12685.92,59.68725,60.17424,59.66036,78.54546,0,0,13798.08,12685.92
0.5742653,-0.574257,78.54707,-0.009002768,12685.93,12.25,10.00045,4693.274,619.3691,0,0.5742614,0.574257,4.31E-06,0.000184058,0.1116637,32.40996,18877.4,331129.5,6952.798,12685.93,59.68725,60.17424,59.66036,78.54546,0,0,13798.08,12685.93
0.5742684,-0.5742561,78.54707,-0.009002606,12685.93,12.25,10.00045,4693.275,619.3698,0,0.5742615,0.5742561,5.38E-06,0.000184058,0.1116637,32.40938,18868.84,331138,6952.801,12685.93,59.68725,60.17424,59.66036,78.54546,0,0,13798.08,12685.93
0.5742685,-0.5742565,78.54707,-0.009002689,12685.94,12.25,10.00045,4693.275,619.3702,0,0.5742614,0.5742565,4.88E-06,0.000184058,0.1116637,32.40968,18871.29,331135.6,6952.804,12685.94,59.68725,60.17424,59.66036,78.54546,0,0,13798.08,12685.94
0.5742674,-0.5742576,78.54707,-0.009002776,12685.94,12.25,10.00045,4693.276,619.3706,0,0.5742614,0.5742576,3.81E-06,0.000184058,0.1116637,32.41,18875.93,331130.9,6952.807,12685.94,59.68725,60.17424,59.66036,78.54546,0,0,13798.08,12685.94
0.5742685,-0.5742571,78.54707,-0.009002827,12685.95,12.25,10.00045,4693.276,619.371,0,0.5742614,0.5742571,4.30E-06,0.000184058,0.1116637,32.41018,18871.76,331135.1,6952.809,12685.95,59.68725,60.17424,59.66036,78.54546,0,0,13798.08,12685.95
0.5742654,-0.5742571,78.54707,-0.00900282,12685.95,12.25,10.00045,4693.277,619.3715,0,0.5742614,0.5742571,4.27E-06,0.000184058,0.1116637,32.41015,18878.63,331128.2,6952.812,12685.95,59.68725,60.17424,59.66036,78.54546,0,0,13798.08,12685.95
0.5742616,-0.5742573,78.54707,-0.00900279,12685.96,12.25,10.00045,4693.277,619.372,0,0.5742612,0.5742573,3.95E-06,0.000184058,0.1116637,32.41004,18883.33,331123.4,6952.815,12685.96,59.68725,60.17424,59.66036,78.54546,0,0,13798.08,12685.96
0.5742623,-0.5742579,78.54707,-0.00900282,12685.96,12.25,10.00045,4693.278,619.3725,0,0.5742613,0.5742579,3.41E-06,0.000184058,0.1116637,32.41015,18885.78,331121,6952.817,12685.96,59.68725,60.17424,59.66036,78.54546,0,0,13798.08,12685.96
0.5742674,-0.5742574,78.54707,-0.009002762,12685.97,12.25,10.00045,4693.278,619.373,0,0.5742614,0.5742574,4.04E-06,0.000184058,0.1116637,32.40994,18877.19,331129.6,6952.82,12685.97,59.68725,60.17424,59.66036,78.54546,0,0,13798.08,12685.97
0.5742584,-0.5742589,78.54707,-0.009002994,12685.97,12.25,10.00045,4693.279,619.3732,0,0.5742612,0.5742589,2.36E-06,0.000184058,0.1116637,32.41078,18892.87,331113.8,6952.823,12685.97,59.68725,60.17424,59.66036,78.54546,0,0,13798.08,12685.97
0.5742621,-0.5742578,78.54707,-0.009002871,12685.98,12.25,10.00045,4693.279,619.3738,0,0.5742613,0.5742578,3.53E-06,0.000184058,0.1116637,32.41034,18886.49,331120.2,6952.826,12685.98,59.68725,60.17424,59.66036,78.54546,0,0,13798.08,12685.98
0.5742578,-0.574258,78.54707,-0.00900282,12685.98,12.25,10.00045,4693.28,619.3743,0,0.5742612,0.574258,3.29E-06,0.000184058,0.1116637,32.41015,18891.15,331115.5,6952.829,12685.98,59.68725,60.17424,59.66036,78.54546,0,0,13798.08,12685.98
0.5742624,-0.574258,78.54707,-0.00900281,12685.99,12.25,10.00045,4693.28,619.3749,0,0.5742613,0.574258,3.34E-06,0.000184058,0.1116637,32.41012,18886.97,331119.7,6952.832,12685.99,59.68725,60.17424,59.66036,78.54546,0,0,13798.08,12685.99
0.574264,-0.574258,78.54707,-0.009002812,12686,12.25,10.00045,4693.281,619.3754,0,0.5742614,0.574258,3.37E-06,0.000184058,0.1116637,32.41012,18885.02,331121.7,6952.834,12686,59.68725,60.17424,59.66036,78.54546,0,0,13798.08,12686
0.5742586,-0.574259,78.54707,-0.009002969,12686,12.25,10.00045,4693.281,619.3757,0,0.5742612,0.574259,2.31E-06,0.000184058,0.1116637,32.41069,18894.07,331112.6,6952.837,12686,59.68725,60.17424,59.66036,78.54546,0,0,13798.08,12686
0.5742642,-0.5742592,78.54707,-0.009002942,12686,12.25,10.00045,4693.282,619.376,0,0.5742614,0.5742592,2.12E-06,0.000184058,0.1116637,32.41059,18885.49,331121.1,6952.84,12686,59.68725,60.17424,59.66036,78.54546,0,0,13798.08,12686
0.5742624,-0.5742589,78.54707,-0.00900291,12686.01,12.25,10.00045,4693.283,619.3763,0,0.5742613,0.5742589,2.42E-06,0.000184058,0.1116637,32.41048,18885.72,331118.7,6952.843,12686.01,59.68725,60.17424,59.66036,78.54546,0,0,13798.08,12686.01
0.5742657,-0.5742576,78.54707,-0.009002757,12686.02,12.25,10.00045,4693.283,619.3769,0,0.5742614,0.5742576,3.78E-06,0.000184058,0.1116637,32.40993,18881.54,331125.1,6952.845,12686.02,59.68725,60.17424,59.66036,78.54546,0,0,13798.08,12686.02
0.5742695,-0.5742561,78.54707,-0.009002601,12686.02,12.25,10.00045,4693.284,619.3775,0,0.5742614,0.5742561,5.31E-06,0.000184058,0.1116637,32.40931,18872.95,331133.6,6952.848,12686.02,59.68725,60.17424,59.66036,78.54546,0,0,13798.08,12686.02
0.5742688,-0.574257,78.54707,-0.009002715,12686.03,12.25,10.00045,4693.284,619.3778,0,0.5742614,0.574257,4.41E-06,0.000184058,0.1116637,32.40977,18875.38,331131.2,6952.851,12686.03,59.68725,60.17424,59.66036,78.54546,0,0,13798.08,12686.03
0.5742706,-0.5742572,78.54707,-0.009002702,12686.03,12.25,10.00045,4693.285,619.3781,0,0.5742614,0.5742572,4.26E-06,0.000184058,0.1116637,32.40973,18873.42,331133.1,6952.854,12686.03,59.68725,60.17424,59.66036,78.54546,0,0,13798.08,12686.03
0.5742686,-0.5742574,78.54707,-0.009002699,12686.04,12.25,10.00045,4693.285,619.3784,0,0.5742614,0.5742574,4.01E-06,0.000184058,0.1116637,32.40971,18875.85,331130.7,6952.856,12686.04,59.68725,60.17424,59.66036,78.54546,0,0,13798.08,12686.04
0.5742623,-0.5742581,78.54707,-0.009002724,12686.04,12.25,10.00045,4693.286,619.3788,0,0.5742613,0.5742581,3.22E-06,0.000184058,0.1116637,32.40981,18889.31,331117.2,6952.859,12686.04,59.68725,60.17424,59.66036,78.54546,0,0,13798.08,12686.04
0.5742596,-0.5742581,78.54707,-0.0090027,12686.05,12.25,10.00045,4693.286,619.3793,0,0.5742613,0.5742581,3.21E-06,0.000184058,0.1116637,32.40971,18893.95,331112.6,6952.862,12686.05,59.68725,60.17424,59.66036,78.54546,0,0,13798.08,12686.05
0.5742586,-0.5742587,78.54707,-0.009002792,12686.05,12.25,10.00045,4693.287,619.3796,0,0.5742612,0.5742587,2.52E-06,0.000184058,0.1116637,32.41005,18896.37,331110.1,6952.865,12686.05,59.68725,60.17424,59.66036,78.54546,0,0,13798.08,12686.05
0.5742645,-0.5742592,78.54707,-0.009002825,12686.06,12.25,10.00045,4693.287,619.3799,0,0.5742614,0.5742592,2.20E-06,0.000184058,0.1116637,32.41017,18887.77,331118.7,6952.868,12686.06,59.68725,60.17424,59.66036,78.54546,0,0,13798.08,12686.06
0.5742624,-0.5742589,78.54707,-0.009002906,12686.06,12.25,10.00045,4693.288,619.3802,0,0.5742613,0.5742589,2.39E-06,0.000184058,0.1116637,32.41046,18890.17,331116.3,6952.87,12686.06,59.68725,60.17424,59.66036,78.54546,0,0,13798.08,12686.06
0.5742585,-0.5742585,78.54707,-0.009002853,12686.07,12.25,10.00045,4693.288,619.3807,0,0.5742612,0.5742585,2.75E-06,0.000184058,0.1116637,32.41027,18897,331109.4,6952.873,12686.07,59.68725,60.17424,59.66036,78.54546,0,0,13798.08,12686.07
0.574263,-0.5742576,78.54707,-0.009002768,12686.07,12.25,10.00045,4693.289,619.3813,0,0.5742613,0.5742576,3.76E-06,0.000184058,0.1116637,32.40995,18888.38,331118.1,6952.875,12686.07,59.68725,60.17424,59.66036,78.54546,0,0,13798.08,12686.07
0.5742626,-0.5742584,78.54707,-0.00900285,12686.08,12.25,10.00045,4693.289,619.3817,0,0.5742613,0.5742584,2.96E-06,0.000184058,0.1116637,32.41026,18890.78,331115.6,6952.878,12686.08,59.68725,60.17424,59.66036,78.54546,0,0,13798.08,12686.08
0.574268,-0.5742583,78.54707,-0.009002828,12686.08,12.25,10.00045,4693.29,619.3821,0,0.5742614,0.5742583,3.12E-06,0.000184058,0.1116637,32.41018,18882.12,331124.3,6952.881,12686.08,59.68725,60.17424,59.66036,78.54546,0,0,13798.08,12686.08
0.574266,-0.5742584,78.54707,-0.009016704,12686.09,12.25,10.00045,4693.29,619.3824,0,0.5742614,0.5742584,2.95E-06,0.000184058,0.1116637,32.41065,18884.53,331121.8,6952.884,12686.09,59.68725,60.17424,59.66036,78.54546,0,0,13798.08,12686.09
0.5742708,-0.5742557,78.54707,-0.009002686,12686.09,12.25,10.00045,4693.291,619.3831,0,0.5742614,0.5742557,5.71E-06,0.000184058,0.1116637,32.40967,18871.49,331134.9,6952.887,12686.09,59.68725,60.17424,59.66036,78.54546,0,0,13798.08,12686.09
0.5742682,-0.5742566,78.54707,-0.009002705,12686.1,12.25,10.00045,4693.291,619.3834,0,0.5742615,0.5742566,4.87E-06,0.000184058,0.1116637,32.40974,18876.1,331130.3,6952.89,12686.1,59.68725,60.17424,59.66036,78.54546,0,0,13798.08,12686.1
0.5742691,-0.5742569,78.54707,-0.009002762,12686.1,12.25,10.00045,4693.292,619.3839,0,0.5742614,0.5742569,4.47E-06,0.000184058,0.1116637,32.40994,18878.5,331127.8,6952.892,12686.1,59.68725,60.17424,59.66036,78.54546,0,0,13798.08,12686.1
0.574268,-0.5742581,78.54707,-0.009002864,12686.11,12.25,10.00045,4693.292,619.3842,0,0.5742614,0.5742581,3.29E-06,0.000184058,0.1116637,32.41031,18883.1,331123.2,6952.895,12686.11,59.68725,60.17424,59.66036,78.54546,0,0,13798.08,12686.11
0.574262,-0.574259,78.54707,-0.00900306,12686.11,12.25,10.00045,4693.292,619.3843,0,0.5742614,0.574259,2.35E-06,0.000184058,0.1116637,32.41101,18889.24,331117.1,6952.898,12686.11,59.68725,60.17424,59.66036,78.54546,0,0,13798.08,12686.11
0.5742624,-0.5742568,78.54707,-0.009002754,12686.12,12.25,10.00045,4693.293,619.3851,0,0.5742613,0.5742568,4.45E-06,0.000184058,0.1116637,32.40992,18892.37,331113.9,6952.901,12686.12,59.68725,60.17424,59.66036,78.54546,0,0,13798.08,12686.12
0.5742624,-0.5742576,78.54707,-0.009002785,12686.12,12.25,10.00045,4693.294,619.3856,0,0.5742613,0.5742576,3.73E-06,0.000184058,0.1116637,32.41003,18890.35,331115.9,6952.903,12686.12,59.68725,60.17424,59.66036,78.54546,0,0,13798.08,12686.12
0.5742592,-0.5742589,78.54707,-0.009002902,12686.13,12.25,10.00045,4693.294,619.3859,0,0.5742613,0.5742589,2.34E-06,0.000184058,0.1116637,32.41045,18899.36,331106.9,6952.906,12686.13,59.68725,60.17424,59.66036,78.54546,0,0,13798.08,12686.13
0.5742568,-0.5742595,78.54707,-0.009002974,12686.13,12.25,10.00045,4693.295,619.3862,0,0.5742612,0.5742595,1.70E-06,0.000184058,0.1116637,32.41071,18903.97,331102.3,6952.909,12686.13,59.68725,60.17424,59.66036,78.54546,0,0,13798.08,12686.13
0.5742592,-0.5742596,78.54707,-0.009003086,12686.14,12.25,10.00045,4693.295,619.3865,0,0.5742613,0.5742596,1.66E-06,0.000184058,0.1116637,32.41111,18899.74,331106.5,6952.912,12686.14,59.68725,60.17424,59.66036,78.54546,0,0,13798.08,12686.14
0.574259,-0.5742589,78.54707,-0.009002989,12686.14,12.25,10.00045,4693.296,619.387,0,0.5742612,0.5742589,2.39E-06,0.000184058,0.1116637,32.41076,18899.92,331106.3,6952.915,12686.14,59.68725,60.17424,59.66036,78.54546,0,0,13798.08,12686.14
0.5742547,-0.5742587,78.54707,-0.009002907,12686.15,12.25,10.00045,4693.296,619.3873,0,0.5742612,0.5742587,2.46E-06,0.000184058,0.1116637,32.41047,18904.51,331101.7,6952.917,12686.15,59.68725,60.17424,59.66036,78.54546,0,0,13798.08,12686.15
0.5742505,-0.5742591,78.54707,-0.009002875,12686.15,12.25,10.00045,4693.297,619.3877,0,0.5742611,0.5742591,2.03E-06,0.000184058,0.1116637,32.41035,18913.51,331092.7,6952.92,12686.15,59.68725,60.17424,59.66036,78.54546,0,0,13798.08,12686.15
0.5742524,-0.5742596,78.54707,-0.00900296,12686.16,12.25,10.00045,4693.297,619.388,0,0.5742612,0.5742596,1.56E-06,0.000184058,0.1116637,32.41066,18911.5,331094.7,6952.923,12686.16,59.68725,60.17424,59.66036,78.54546,0,0,13798.08,12686.16
0.5742505,-0.5742597,78.54707,-0.009003015,12686.16,12.25,10.00045,4693.298,619.3882,0,0.5742611,0.5742597,1.46E-06,0.000184058,0.1116637,32.41085,18913.88,331092.3,6952.926,12686.16,59.68725,60.17424,59.66036,78.54546,0,0,13798.08,12686.16
0.5742522,-0.5742604,78.54707,-0.009003023,12686.17,12.25,10.00045,4693.298,619.3884,0,0.5742612,0.5742604,7.33E-07,0.000184058,0.1116637,32.41088,18911.86,331094.3,6952.929,12686.17,59.68725,60.17424,59.66036,78.54546,0,0,13798.08,12686.17
0.5742456,-0.5742592,78.54707,-0.009002855,12686.17,12.25,10.00045,4693.299,619.3886,0,0.574261,0.5742592,1.88E-06,0.000184058,0.1116637,32.41028,18918.65,331087.5,6952.931,12686.17,59.68725,60.17424,59.66036,78.54546,0,0,13798.08,12686.17
0.5742406,-0.5742581,78.54707,-0.009002634,12686.18,12.25,10.00045,4693.299,619.3891,0,0.574261,0.5742581,2.84E-06,0.000184058,0.1116637,32.40948,18927.64,331078.4,6952.934,12686.18,59.68725,60.17424,59.66036,78.54546,0,0,13798.08,12686.18
0.5742424,-0.5742582,78.54707,-0.009002665,12686.18,12.25,10.00045,4693.3,619.3895,0,0.574261,0.5742582,2.76E-06,0.000184058,0.1116637,32.4096,18925.6,331080.5,6952.937,12686.18,59.68725,60.17424,59.66036,78.54546,0,0,13798.08,12686.18
0.5742355,-0.5742574,78.54707,-0.009002537,12686.19,12.25,10.00045,4693.301,619.3898,0,0.5742609,0.5742574,3.51E-06,0.000184058,0.1116637,32.40913,18808.81,331071.5,6952.939,12686.19,59.68725,60.17424,59.66036,78.54546,0,0,13798.08,12686.19
0.5742373,-0.5742583,78.54707,-0.009002585,12686.2,12.25,10.00045,4693.301,619.3899,0,0.5742609,0.5742583,2.66E-06,0.000184058,0.1116637,32.40931,18809,331073.5,6952.942,12686.2,59.68725,60.17424,59.66036,78.54546,0,0,13798.08,12686.2
0.57424,-0.5742561,78.54707,-0.009002238,12686.2,12.25,10.00045,4693.302,619.3903,0,0.5742608,0.5742561,4.62E-06,0.000184058,0.1116637,32.40805,18815.77,331190.3,6952.944,12686.2,59.68725,60.17424,59.66036,78.54546,0,0,13798.08,12686.2
0.5742471,-0.5741953,78.54707,-0.009122229,12686.21,12.25,10.00045,4693.302,619.3909,0,0.5742607,0.5741953,6.54E-05,0.000184058,0.1116637,32.407,18822.64,331183.5,6952.95,12686.21,59.68725,60.17424,59.66036,78.54546,0,0,13798.08,12686.21
0.574256,-0.5742543,78.54707,-0.009082748,12686.21,12.25,10.00045,4693.303,619.3915,0,0.5742608,0.5742543,6.49E-06,0.000184058,0.1116637,32.4069,18829.47,331176.6,6952.953,12686.21,59.68725,60.17424,59.66036,78.54546,0,0,13798.08,12686.21
0.5742579,-0.5742548,78.54707,-0.009083018,12686.22,12.25,10.00045,4693.304,619.3918,0,0.5742605,0.5742548,5.73E-06,0.000184058,0.1116637,32.40683,18827.4,331178.6,6952.956,12686.22,59.68725,60.17424,59.66036,78.54546,0,0,13798.08,12686.22
0.5742561,-0.5742554,78.54707,-0.009079867,12686.22,12.25,10.00045,4693.304,619.3918,0,0.5742608,0.5742554,5.40E-06,0.000184058,0.1116637,32.40747,18829.81,331176.2,6952.958,12686.22,59.68725,60.17424,59.66036,78.54546,0,0,13798.08,12686.22
0.5742549,-0.5742545,78.54707,-0.009078552,12686.23,12.25,10.00045,4693.305,619.3922,0,0.5742608,0.5742545,6.27E-06,0.000184058,0.1116637,32.40739,18829.95,331176.1,6952.961,12686.23,59.68725,60.17424,59.66036,78.54546,0,0,13798.08,12686.23
0.5742548,-0.574254,78.54707,-0.009076851,12686.23,12.25,10.00045,4693.305,619.3925,0,0.5742608,0.574254,6.76E-06,0.000184058,0.1116637,32.40698,18830.1,331175.9,6952.964,12686.23,59.68725,60.17424,59.66036,78.54546,0,0,13798.08,12686.23
0.574256,-0.5742542,78.54707,-0.009075347,12686.24,12.25,10.00045,4693.306,619.3929,0,0.5742608,0.5742542,6.58E-06,0.000184058,0.1116637,32.40716,18830.24,331175.7,6952.967,12686.24,59.68725,60.17424,59.66036,78.54546,0,0,13798.08,12686.24
0.5742549,-0.5742542,78.54707,-0.009007836,12686.24,12.25,10.00045,4693.306,619.3932,0,0.5742608,0.5742542,6.61E-06,0.000184058,0.1116637,32.40704,18828.13,331175.6,6952.969,12686.24,59.68725,60.17424,59.66036,78.54546,0,0,13798.08,12686.24
0.5742562,-0.5742553,78.54707,-0.009072982,12686.25,12.25,10.00045,4693.307,619.3933,0,0.5742608,0.5742553,5.45E-06,0.000184058,0.1116637,32.40773,18830.5,331175.4,6952.972,12686.25,59.68725,60.17424,59.66036,78.54546,0,0,13798.08,12686.25
0.5742614,-0.5742521,78.54707,-0.009005546,12686.25,12.25,10.00045,4693.307,619.3938,0,0.5742609,0.5742521,8.76E-06,0.000184058,0.1116637,32.40745,18837.26,331168.6,6952.975,12686.25,59.68725,60.17424,59.66036,78.54546,0,0,13798.08,12686.25
0.5742667,-0.5742513,78.54707,-0.009002174,12686.26,12.25,10.00045,4693.308,619.3943,0,0.5742611,0.5742513,9.77E-06,0.000184058,0.1116637,32.40722,18844.02,331161.8,6952.978,12686.26,59.68725,60.17424,59.66036,78.54546,0,0,13798.08,12686.26
0.574273,-0.574253,78.54707,-0.009002272,12686.26,12.25,10.00045,4693.308,619.3947,0,0.5742613,0.574253,8.36E-06,0.000184058,0.1116637,32.40815,18857.4,331148.4,6952.981,12686.26,59.68725,60.17424,59.66036,78.54546,0,0,13798.08,12686.26
0.5742753,-0.574254,78.54707,-0.009002427,12686.27,12.25,10.00045,4693.309,619.395,0,0.5742614,0.574254,7.41E-06,0.000184058,0.1116637,32.4085,18861.99,331143.8,6952.983,12686.27,59.68725,60.17424,59.66036,78.54546,0,0,13798.08,12686.27
0.5742737,-0.5742549,78.54707,-0.009002552,12686.27,12.25,10.00045,4693.309,619.395,0,0.5742614,0.5742549,6.45E-06,0.000184058,0.1116637,32.40919,18864.33,331141.5,6952.986,12686.27,59.68725,60.17424,59.66036,78.54546,0,0,13798.08,12686.27
0.5742732,-0.5742552,78.54707,-0.009002605,12686.28,12.25,10.00045,4693.31,619.3953,0,0.5742614,0.5742552,6.21E-06,0.000184058,0.1116637,32.40938,18871.08,331141.2,6952.989,12686.28,59.68725,60.17424,59.66036,78.54546,0,0,13798.08,12686.28
0.574273,-0.5742551,78.54707,-0.009002542,12686.28,12.25,10.00045,4693.31,619.3957,0,0.5742614,0.5742551,6.28E-06,0.000184058,0.1116637,32.40915,18871.22,331134.5,6952.992,12686.28,59.68725,60.17424,59.66036,78.54546,0,0,13798.08,12686.28
0.5742733,-0.5742553,78.54707,-0.009002551,12686.29,12.25,10.00045,4693.311,619.396,0,0.5742614,0.5742553,6.05E-06,0.000184058,0.1116637,32.40918,18871.35,331134.4,6952.995,12686.29,59.68725,60.17424,59.66036,78.54546,0,0,13798.08,12686.29
0.5742747,-0.5742551,78.54707,-0.009002526,12686.29,12.25,10.00045,4693.311,619.3964,0,0.5742614,0.5742551,6.33E-06,0.000184058,0.1116637,32.40897,18869.28,331136.4,6952.998,12686.29,59.68725,60.17424,59.66036,78.54546,0,0,13798.08,12686.29
0.5742734,-0.5742561,78.54707,-0.009002673,12686.3,12.25,10.00045,4693.312,619.3964,0,0.5742614,0.5742561,5.32E-06,0.000184058,0.1116637,32.40962,18871.62,331134.1,6953,12686.3,59.68725,60.17424,59.66036,78.54546,0,0,13798.08,12686.3
0.5742728,-0.5742552,78.54707,-0.009002583,12686.3,12.25,10.00045,4693.312,619.3968,0,0.5742614,0.5742552,6.13E-06,0.000184058,0.1116637,32.4093,18871.74,331134,6953.003,12686.3,59.68725,60.17424,59.66036,78.54546,0,0,13798.08,12686.3
0.5742731,-0.574255,78.54707,-0.009002488,12686.31,12.25,10.00045,4693.313,619.3972,0,0.5742614,0.574255,6.33E-06,0.000184058,0.1116637,32.40896,18871.87,331133.8,6953.006,12686.31,59.68725,60.17424,59.66036,78.54546,0,0,13798.08,12686.31
0.5742735,-0.5742553,78.54707,-0.009002504,12686.31,12.25,10.00045,4693.313,619.3975,0,0.5742614,0.5742553,6.04E-06,0.000184058,0.1116637,32.40902,18871.99,331133.7,6953.009,12686.31,59.68725,60.17424,59.66036,78.54546,0,0,13798.08,12686.31
0.5742732,-0.5742562,78.54707,-0.009002605,12686.32,12.25,10.00045,4693.313,619.3977,0,0.5742614,0.5742562,5.17E-06,0.000184058,0.1116637,32.40932,18876.54,331129.1,6953.011,12686.32,59.68725,60.17424,59.66036,78.54546,0,0,13798.08,12686.32
0.57427,-0.5742583,78.54707,-0.009002867,12686.33,12.25,10.00045,4693.314,619.3977,0,0.5742614,0.5742583,3.12E-06,0.000184058,0.1116637,32.41032,18885.49,331120.2,6953.014,12686.33,59.68725,60.17424,59.66036,78.54546,0,0,13798.08,12686.33
0.5742738,-0.5742577,78.54707,-0.009002728,12686.33,12.25,10.00045,4693.315,619.3979,0,0.5742614,0.5742577,3.74E-06,0.000184058,0.1116637,32.40982,18876.8,331128.8,6953.017,12686.33,59.68725,60.17424,59.66036,78.54546,0,0,13798.08,12686.33
0.574272,-0.5742577,78.54707,-0.009002734,12686.33,12.25,10.00045,4693.315,619.398,0,0.5742614,0.5742577,3.74E-06,0.000184058,0.1116637,32.40984,18879.13,331126.5,6953.02,12686.33,59.68725,60.17424,59.66036,78.54546,0,0,13798.08,12686.33
0.5742719,-0.5742568,78.54707,-0.009002625,12686.34,12.25,10.00045,4693.316,619.3983,0,0.5742614,0.5742568,4.55E-06,0.000184058,0.1116637,32.40945,18879.25,331126.3,6953.022,12686.34,59.68725,60.17424,59.66036,78.54546,0,0,13798.08,12686.34
0.5742707,-0.5742573,78.54707,-0.009002649,12686.35,12.25,10.00045,4693.316,619.3986,0,0.5742614,0.5742573,4.16E-06,0.000184058,0.1116637,32.40949,18883.79,331121.8,6953.025,12686.35,59.68725,60.17424,59.66036,78.54546,0,0,13798.08,12686.35
0.5742722,-0.5742571,78.54707,-0.009002652,12686.35,12.25,10.00045,4693.317,619.3988,0,0.5742614,0.5742571,4.30E-06,0.000184058,0.1116637,32.40955,18879.49,331126.1,6953.028,12686.35,59.68725,60.17424,59.66036,78.54546,0,0,13798.08,12686.35
0.5742718,-0.5742583,78.54707,-0.009002743,12686.36,12.25,10.00045,4693.317,619.3988,0,0.5742614,0.5742583,3.11E-06,0.000184058,0.1116637,32.40988,18884.07,331121.5,6953.031,12686.36,59.68725,60.17424,59.66036,78.54546,0,0,13798.08,12686.36
0.5742669,-0.5742593,78.54707,-0.009002812,12686.36,12.25,10.00045,4693.318,619.3988,0,0.5742614,0.5742593,2.03E-06,0.000184058,0.1116637,32.41013,18893.01,331112.5,6953.034,12686.36,59.68725,60.17424,59.66036,78.54546,0,0,13798.08,12686.36
0.5742635,-0.5742592,78.54707,-0.009002752,12686.37,12.25,10.00045,4693.318,619.399,0,0.5742614,0.5742592,2.10E-06,0.000184058,0.1116637,32.40991,18899.75,331105.8,6953.037,12686.37,59.68725,60.17424,59.66036,78.54546,0,0,13798.08,12686.37
0.5742676,-0.5742582,78.54707,-0.009002643,12686.37,12.25,10.00045,4693.319,619.3995,0,0.5742614,0.5742582,3.20E-06,0.000184058,0.1116637,32.40952,18891.1,331114.4,6953.039,12686.37,59.68725,60.17424,59.66036,78.54546,0,0,13798.08,12686.37
0.574267,-0.5742589,78.54707,-0.009002729,12686.38,12.25,10.00045,4693.319,619.3997,0,0.5742614,0.5742589,2.51E-06,0.000184058,0.1116637,32.40982,18893.42,331112.1,6953.042,12686.38,59.68725,60.17424,59.66036,78.54546,0,0,13798.08,12686.38
0.5742689,-0.5742595,78.54707,-0.009002756,12686.38,12.25,10.00045,4693.32,619.3998,0,0.5742614,0.5742595,1.89E-06,0.000184058,0.1116637,32.40992,18891.37,331114.1,6953.045,12686.38,59.68725,60.17424,59.66036,78.54546,0,0,13798.08,12686.38
0.5742669,-0.5742594,78.54707,-0.009002844,12686.39,12.25,10.00045,4693.32,619.3999,0,0.5742614,0.5742594,2.00E-06,0.000184058,0.1116637,32.41024,18893.69,331111.8,6953.048,12686.39,59.68725,60.17424,59.66036,78.54546,0,0,13798.08,12686.39
0.5742696,-0.5742577,78.54707,-0.009002678,12686.39,12.25,10.00045,4693.321,619.4003,0,0.5742614,0.5742577,3.74E-06,0.000184058,0.1116637,32.40964,18887.18,331118.3,6953.05,12686.39,59.68725,60.17424,59.66036,78.54546,0,0,13798.08,12686.39
0.5742645,-0.5742587,78.54707,-0.009002773,12686.4,12.25,10.00045,4693.321,619.4005,0,0.5742614,0.5742587,2.61E-06,0.000184058,0.1116637,32.40998,18898.33,331107.1,6953.053,12686.4,59.68725,60.17424,59.66036,78.54546,0,0,13798.08,12686.4
0.5742636,-0.5742595,78.54707,-0.009002856,12686.4,12.25,10.00045,4693.322,619.4007,0,0.5742614,0.5742595,1.84E-06,0.000184058,0.1116637,32.41028,18900.64,331104.8,6953.056,12686.4,59.68725,60.17424,59.66036,78.54546,0,0,13798.08,12686.4
0.5742655,-0.5742601,78.54707,-0.00900289,12686.41,12.25,10.00045,4693.322,619.4009,0,0.5742614,0.5742601,1.34E-06,0.000184058,0.1116637,32.4104,18898.56,331106.8,6953.059,12686.41,59.68725,60.17424,59.66036,78.54546,0,0,13798.08,12686.41
0.5742636,-0.57426,78.54707,-0.009002987,12686.41,12.25,10.00045,4693.323,619.401,0,0.5742614,0.57426,1.35E-06,0.000184058,0.1116637,32.41076,18900.87,331104.5,6953.062,12686.41,59.68725,60.17424,59.66036,78.54546,0,0,13798.08,12686.41
0.5742635,-0.5742592,78.54707,-0.009002895,12686.42,12.25,10.00045,4693.323,619.4013,0,0.5742614,0.5742592,2.16E-06,0.000184058,0.1116637,32.41042,18900.98,331104.4,6953.064,12686.42,59.68725,60.17424,59.66036,78.54546,0,0,13798.08,12686.42
0.5742562,-0.5742593,78.54707,-0.00900284,12686.42,12.25,10.00045,4693.324,619.4016,0,0.5742612,0.5742593,1.95E-06,0.000184058,0.1116637,32.41022,18912.12,331093.2,6953.067,12686.42,59.68725,60.17424,59.66036,78.54546,0,0,13798.08,12686.42
0.5742599,-0.5742598,78.54707,-0.009002888,12686.43,12.25,10.00045,4693.324,619.4019,0,0.5742613,0.5742598,1.49E-06,0.000184058,0.1116637,32.41039,18907.81,331097.5,6953.07,12686.43,59.68725,60.17424,59.66036,78.54546,0,0,13798.08,12686.43
0.5742618,-0.5742603,78.54707,-0.009002937,12686.43,12.25,10.00045,4693.325,619.402,0,0.5742613,0.5742603,1.02E-06,0.000184058,0.1116637,32.41057,18905.73,331099.6,6953.073,12686.43,59.68725,60.17424,59.66036,78.54546,0,0,13798.08,12686.43
0.5742598,-0.5742604,78.54707,-0.009003031,12686.44,12.25,10.00045,4693.326,619.4022,0,0.5742613,0.5742604,9.31E-07,0.000184058,0.1116637,32.41091,18908.12,331097.2,6953.075,12686.44,59.68725,60.17424,59.66036,78.54546,0,0,13798.08,12686.44
0.5742596,-0.5742596,78.54707,-0.009002926,12686.44,12.25,10.00045,4693.326,619.4025,0,0.5742613,0.5742596,1.71E-06,0.000184058,0.1116637,32.41053,18908.22,331097,6953.078,12686.44,59.68725,60.17424,59.66036,78.54546,0,0,13798.08,12686.44
0.5742558,-0.5742593,78.54707,-0.009002838,12686.45,12.25,10.00045,4693.327,619.4028,0,0.5742612,0.5742593,1.91E-06,0.000184058,0.1116637,32.41022,18912.73,331092.5,6953.081,12686.45,59.68725,60.17424,59.66036,78.54546,0,0,13798.08,12686.45
0.5742557,-0.5742599,78.54707,-0.009002859,12686.45,12.25,10.00045,4693.327,619.403,0,0.5742612,0.5742599,1.29E-06,0.000184058,0.1116637,32.41029,18915.04,331090.2,6953.083,12686.45,59.68725,60.17424,59.66036,78.54546,0,0,13798.08,12686.45
0.574253,-0.5742603,78.54707,-0.009002883,12686.46,12.25,10.00045,4693.328,619.4032,0,0.5742612,0.5742603,9.00E-07,0.000184058,0.1116637,32.41038,18919.57,331085.7,6953.086,12686.46,59.68725,60.17424,59.66036,78.54546,0,0,13798.08,12686.46
0.5742512,-0.5742604,78.54707,-0.009002954,12686.46,12.25,10.00045,4693.328,619.4033,0,0.5742611,0.5742604,8.24E-07,0.000184058,0.1116637,32.41063,18921.87,331083.3,6953.089,12686.46,59.68725,60.17424,59.66036,78.54546,0,0,13798.08,12686.46
0.5742463,-0.5742593,78.54707,-0.009002761,12686.47,12.25,10.00045,4693.329,619.4037,0,0.5742611,0.5742593,1.80E-06,0.000184058,0.1116637,32.40994,18928.59,331076.6,6953.092,12686.47,59.68725,60.17424,59.66036,78.54546,0,0,13798.08,12686.47
0.5742421,-0.5742583,78.54707,-0.009002587,12686.47,12.25,10.00045,4693.329,619.4041,0,0.574261,0.5742583,2.63E-06,0.000184058,0.1116637,32.40931,18933.1,331072.1,6953.095,12686.47,59.68725,60.17424,59.66036,78.54546,0,0,13798.08,12686.47
0.5742415,-0.574259,78.54707,-0.009002612,12686.48,12.25,10.00045,4693.33,619.4042,0,0.574261,0.574259,1.98E-06,0.000184058,0.1116637,32.4094,18935.39,331069.8,6953.097,12686.48,59.68725,60.17424,59.66036,78.54546,0,0,13798.08,12686.48
0.5742382,-0.5742584,78.54707,-0.009002534,12686.49,12.25,10.00045,4693.331,619.4045,0,0.574261,0.5742584,2.45E-06,0.000184058,0.1116637,32.40912,18816.34,331065.2,6953.1,12686.49,59.68725,60.17424,59.66036,78.54546,0,0,13798.08,12686.49
0.5742363,-0.5742583,78.54707,-0.009002543,12686.49,12.25,10.00045,4693.331,619.4046,0,0.5742609,0.5742583,2.59E-06,0.000184058,0.1116637,32.40915,18814.22,331062.9,6953.103,12686.49,59.68725,60.17424,59.66036,78.54546,0,0,13798.08,12686.49
0.5742381,-0.5742593,78.54707,-0.009002578,12686.5,12.25,10.00045,4693.332,619.4045,0,0.574261,0.5742593,1.63E-06,0.000184058,0.1116637,32.40928,18816.54,331065,6953.106,12686.5,59.68725,60.17424,59.66036,78.54546,0,0,13798.08,12686.5
0.5742487,-0.5741976,78.54707,-0.009118269,12686.5,12.25,10.00045,4693.332,619.405,0,0.5742607,0.5741976,6.30E-05,0.000184058,0.1116637,32.40743,18829.99,331175.2,6953.111,12686.5,59.68725,60.17424,59.66036,78.54546,0,0,13798.08,12686.5
0.5742555,-0.5742549,78.54707,-0.009008277,12686.51,12.25,10.00045,4693.333,619.4055,0,0.5742608,0.5742549,5.91E-06,0.000184058,0.1116637,32.40656,18836.71,331168.4,6953.114,12686.51,59.68725,60.17424,59.66036,78.54546,0,0,13798.08,12686.51
0.5742633,-0.5742531,78.54707,-0.00900217,12686.51,12.25,10.00045,4693.333,619.4058,0,0.574261,0.5742531,7.85E-06,0.000184058,0.1116637,32.40678,18843.42,331161.6,6953.116,12686.51,59.68725,60.17424,59.66036,78.54546,0,0,13798.08,12686.51
0.5742585,-0.5742528,78.54707,-0.009007824,12686.52,12.25,10.00045,4693.333,619.4058,0,0.5742609,0.5742528,8.12E-06,0.000184058,0.1116637,32.40675,18834.69,331170.3,6953.119,12686.52,59.68725,60.17424,59.66036,78.54546,0,0,13798.08,12686.52
0.5742568,-0.5742559,78.54707,-0.009007744,12686.52,12.25,10.00045,4693.334,619.4057,0,0.5742608,0.5742559,4.84E-06,0.000184058,0.1116637,32.40695,18837.04,331168,6953.122,12686.52,59.68725,60.17424,59.66036,78.54546,0,0,13798.08,12686.52
0.5742558,-0.5742549,78.54707,-0.009007787,12686.53,12.25,10.00045,4693.334,619.4059,0,0.5742608,0.5742549,5.81E-06,0.000184058,0.1116637,32.40651,18837.13,331167.9,6953.125,12686.53,59.68725,60.17424,59.66036,78.54546,0,0,13798.08,12686.53
0.5742561,-0.5742546,78.54707,-0.009106486,12686.53,12.25,10.00045,4693.335,619.4063,0,0.5742608,0.5742546,6.11E-06,0.000184058,0.1116637,32.4061,18837.3,331167.8,6953.127,12686.53,59.68725,60.17424,59.66036,78.54546,0,0,13798.08,12686.53
0.5742631,-0.574253,78.54707,-0.009002052,12686.54,12.25,10.00045,4693.335,619.4066,0,0.574261,0.574253,7.98E-06,0.000184058,0.1116637,32.40634,18844.01,331161,6953.13,12686.54,59.68725,60.17424,59.66036,78.54546,0,0,13798.08,12686.54
0.57427,-0.5742525,78.54707,-0.009005401,12686.54,12.25,10.00045,4693.336,619.4069,0,0.5742611,0.5742525,8.54E-06,0.000184058,0.1116637,32.40632,18848.56,331156.4,6953.133,12686.54,59.68725,60.17424,59.66036,78.54546,0,0,13798.08,12686.54
0.5742715,-0.5742536,78.54707,-0.009002018,12686.55,12.25,10.00045,4693.337,619.4069,0,0.5742612,0.5742536,7.55E-06,0.000184058,0.1116637,32.40726,18857.48,331147.5,6953.136,12686.55,59.68725,60.17424,59.66036,78.54546,0,0,13798.08,12686.55
0.5742729,-0.5742534,78.54707,-0.009002063,12686.55,12.25,10.00045,4693.337,619.4072,0,0.5742613,0.5742534,7.88E-06,0.000184058,0.1116637,32.40743,18864.19,331140.7,6953.139,12686.55,59.68725,60.17424,59.66036,78.54546,0,0,13798.08,12686.55
0.5742733,-0.5742554,78.54707,-0.009002246,12686.56,12.25,10.00045,4693.338,619.4073,0,0.5742614,0.5742554,6.00E-06,0.000184058,0.1116637,32.40808,18875.31,331127.4,6953.142,12686.56,59.68725,60.17424,59.66036,78.54546,0,0,13798.08,12686.56
0.5742738,-0.5742559,78.54707,-0.009002336,12686.56,12.25,10.00045,4693.338,619.4076,0,0.5742614,0.5742559,5.51E-06,0.000184058,0.1116637,32.40841,18877.61,331127.3,6953.145,12686.56,59.68725,60.17424,59.66036,78.54546,0,0,13798.08,12686.56
0.5742748,-0.5742576,78.54707,-0.009002486,12686.57,12.25,10.00045,4693.339,619.4077,0,0.5742615,0.5742576,3.91E-06,0.000184058,0.1116637,32.40894,18882.16,331122.7,6953.147,12686.57,59.68725,60.17424,59.66036,78.54546,0,0,13798.08,12686.57
0.5742703,-0.5742591,78.54707,-0.009002765,12686.57,12.25,10.00045,4693.339,619.4075,0,0.5742614,0.5742591,2.30E-06,0.000184058,0.1116637,32.40995,18891.13,331113.7,6953.15,12686.57,59.68725,60.17424,59.66036,78.54546,0,0,13798.08,12686.57
0.5742669,-0.5742588,78.54707,-0.009002728,12686.58,12.25,10.00045,4693.34,619.4077,0,0.5742614,0.5742588,2.56E-06,0.000184058,0.1116637,32.40982,18897.84,331107,6953.153,12686.58,59.68725,60.17424,59.66036,78.54546,0,0,13798.08,12686.58
0.5742667,-0.5742582,78.54707,-0.009002624,12686.58,12.25,10.00045,4693.34,619.408,0,0.5742613,0.5742582,3.14E-06,0.000184058,0.1116637,32.40945,18895.73,331109.1,6953.156,12686.58,59.68725,60.17424,59.66036,78.54546,0,0,13798.08,12686.58
0.5742639,-0.5742595,78.54707,-0.009002727,12686.59,12.25,10.00045,4693.341,619.4081,0,0.5742614,0.5742595,1.80E-06,0.000184058,0.1116637,32.40982,18904.64,331100.2,6953.158,12686.59,59.68725,60.17424,59.66036,78.54546,0,0,13798.08,12686.59
0.5742577,-0.5742607,78.54707,-0.00900281,12686.59,12.25,10.00045,4693.341,619.4082,0,0.5742612,0.5742607,5.99E-07,0.000184058,0.1116637,32.41012,18915.79,331089,6953.161,12686.59,59.68725,60.17424,59.66036,78.54546,0,0,13798.08,12686.59
0.5742514,-0.5742607,78.54707,-0.009002877,12686.6,12.25,10.00045,4693.342,619.4082,0,0.5742611,0.5742607,4.94E-07,0.000184058,0.1116637,32.41036,18924.72,331080.1,6953.164,12686.6,59.68725,60.17424,59.66036,78.54546,0,0,13798.08,12686.6
0.5742511,-0.5742598,78.54707,-0.009002753,12686.6,12.25,10.00045,4693.342,619.4085,0,0.5742611,0.5742598,1.31E-06,0.000184058,0.1116637,32.40991,18924.81,331079.9,6953.167,12686.6,59.68725,60.17424,59.66036,78.54546,0,0,13798.08,12686.6
0.5742559,-0.5742595,78.54707,-0.009002714,12686.61,12.25,10.00045,4693.343,619.4089,0,0.5742612,0.5742595,1.72E-06,0.000184058,0.1116637,32.40977,18916.07,331088.7,6953.169,12686.61,59.68725,60.17424,59.66036,78.54546,0,0,13798.08,12686.61
0.5742513,-0.57426,78.54707,-0.0090051,12686.61,12.25,10.00045,4693.343,619.4091,0,0.5742611,0.57426,1.18E-06,0.000184058,0.1116637,32.40966,18925.03,331079.7,6953.172,12686.61,59.68725,60.17424,59.66036,78.54546,0,0,13798.08,12686.61
0.5742484,-0.5742601,78.54707,-0.009002685,12686.62,12.25,10.00045,4693.344,619.4092,0,0.5742611,0.5742601,1.01E-06,0.000184058,0.1116637,32.40966,18929.55,331075.2,6953.175,12686.62,59.68725,60.17424,59.66036,78.54546,0,0,13798.08,12686.62
0.5742415,-0.5742593,78.54707,-0.009002612,12686.63,12.25,10.00045,4693.344,619.4094,0,0.574261,0.5742593,1.68E-06,0.000184058,0.1116637,32.4094,18936.26,331066.2,6953.178,12686.63,59.68725,60.17424,59.66036,78.54546,0,0,13798.08,12686.63
